{
    "keypoints3d": [
        [
            0.0,
            0.0,
            0.0
        ],
        [
            0.0,
            0.28999999165534973,
            0.0
        ],
        [
            0.0,
            0.5799999833106995,
            0.0
        ],
        [
            0.0,
            0.8700000047683716,
            0.0
        ],
        [
            0.28999999165534973,
            0.0,
            0.0
        ],
        [
            0.28999999165534973,
            0.28999999165534973,
            0.0
        ],
        [
            0.28999999165534973,
            0.5799999833106995,
            0.0
        ],
        [
            0.28999999165534973,
            0.8700000047683716,
            0.0
        ],
        [
            0.5799999833106995,
            0.0,
            0.0
        ],
        [
            0.5799999833106995,
            0.28999999165534973,
            0.0
        ],
        [
            0.5799999833106995,
            0.5799999833106995,
            0.0
        ],
        [
            0.5799999833106995,
            0.8700000047683716,
            0.0
        ]
    ],
    "keypoints2d": [
        [
            824.8130493164062,
            675.9208374023438,
            1.0
        ],
        [
            881.98583984375,
            653.4638671875,
            1.0
        ],
        [
            933.6026611328125,
            632.8411865234375,
            1.0
        ],
        [
            979.9146728515625,
            613.93994140625,
            1.0
        ],
        [
            864.4195556640625,
            709.2103271484375,
            1.0
        ],
        [
            923.2852172851562,
            682.8536376953125,
            1.0
        ],
        [
            975.7861938476562,
            659.730224609375,
            1.0
        ],
        [
            1022.7158813476562,
            638.6062622070312,
            1.0
        ],
        [
            910.4029541015625,
            747.7288818359375,
            1.0
        ],
        [
            970.36962890625,
            717.5903930664062,
            1.0
        ],
        [
            1023.7570190429688,
            690.53466796875,
            1.0
        ],
        [
            1071.1900634765625,
            666.4442749023438,
            1.0
        ]
    ],
    "visited": true
}