{
    "keypoints3d": [
        [
            0.0,
            0.0,
            0.0
        ],
        [
            0.0,
            0.28999999165534973,
            0.0
        ],
        [
            0.0,
            0.5799999833106995,
            0.0
        ],
        [
            0.0,
            0.8700000047683716,
            0.0
        ],
        [
            0.28999999165534973,
            0.0,
            0.0
        ],
        [
            0.28999999165534973,
            0.28999999165534973,
            0.0
        ],
        [
            0.28999999165534973,
            0.5799999833106995,
            0.0
        ],
        [
            0.28999999165534973,
            0.8700000047683716,
            0.0
        ],
        [
            0.5799999833106995,
            0.0,
            0.0
        ],
        [
            0.5799999833106995,
            0.28999999165534973,
            0.0
        ],
        [
            0.5799999833106995,
            0.5799999833106995,
            0.0
        ],
        [
            0.5799999833106995,
            0.8700000047683716,
            0.0
        ]
    ],
    "keypoints2d": [
        [
            789.3645629882812,
            584.7302856445312,
            1.0
        ],
        [
            744.6990356445312,
            555.6143188476562,
            1.0
        ],
        [
            703.8588256835938,
            531.4441528320312,
            1.0
        ],
        [
            666.028076171875,
            507.6568908691406,
            1.0
        ],
        [
            839.257080078125,
            552.2869262695312,
            1.0
        ],
        [
            795.2716064453125,
            526.291015625,
            1.0
        ],
        [
            754.5901489257812,
            504.76263427734375,
            1.0
        ],
        [
            716.5458374023438,
            483.2778625488281,
            1.0
        ],
        [
            884.054931640625,
            524.0761108398438,
            1.0
        ],
        [
            840.6769409179688,
            500.070068359375,
            1.0
        ],
        [
            800.1879272460938,
            480.3804931640625,
            1.0
        ],
        [
            762.5228271484375,
            460.7469482421875,
            1.0
        ]
    ],
    "visited": true
}