{
    "keypoints3d": [
        [
            0.0,
            0.0,
            0.0
        ],
        [
            0.0,
            0.28999999165534973,
            0.0
        ],
        [
            0.0,
            0.5799999833106995,
            0.0
        ],
        [
            0.0,
            0.8700000047683716,
            0.0
        ],
        [
            0.28999999165534973,
            0.0,
            0.0
        ],
        [
            0.28999999165534973,
            0.28999999165534973,
            0.0
        ],
        [
            0.28999999165534973,
            0.5799999833106995,
            0.0
        ],
        [
            0.28999999165534973,
            0.8700000047683716,
            0.0
        ],
        [
            0.5799999833106995,
            0.0,
            0.0
        ],
        [
            0.5799999833106995,
            0.28999999165534973,
            0.0
        ],
        [
            0.5799999833106995,
            0.5799999833106995,
            0.0
        ],
        [
            0.5799999833106995,
            0.8700000047683716,
            0.0
        ]
    ],
    "keypoints2d": [
        [
            927.3596801757812,
            717.7863159179688,
            1.0
        ],
        [
            898.3897094726562,
            686.8593139648438,
            1.0
        ],
        [
            872.4620971679688,
            660.3310546875,
            1.0
        ],
        [
            849.4894409179688,
            636.7435913085938,
            1.0
        ],
        [
            978.9996337890625,
            701.6344604492188,
            1.0
        ],
        [
            948.1173095703125,
            672.886474609375,
            1.0
        ],
        [
            920.6450805664062,
            647.8255615234375,
            1.0
        ],
        [
            896.1268310546875,
            625.8909912109375,
            1.0
        ],
        [
            1026.4244384765625,
            687.236083984375,
            1.0
        ],
        [
            994.2192993164062,
            660.7251586914062,
            1.0
        ],
        [
            965.2193603515625,
            637.0193481445312,
            1.0
        ],
        [
            939.535400390625,
            615.8462524414062,
            1.0
        ]
    ],
    "visited": true
}