{
    "keypoints3d": [
        [
            0.0,
            0.0,
            0.0
        ],
        [
            0.0,
            0.28999999165534973,
            0.0
        ],
        [
            0.0,
            0.5799999833106995,
            0.0
        ],
        [
            0.0,
            0.8700000047683716,
            0.0
        ],
        [
            0.28999999165534973,
            0.0,
            0.0
        ],
        [
            0.28999999165534973,
            0.28999999165534973,
            0.0
        ],
        [
            0.28999999165534973,
            0.5799999833106995,
            0.0
        ],
        [
            0.28999999165534973,
            0.8700000047683716,
            0.0
        ],
        [
            0.5799999833106995,
            0.0,
            0.0
        ],
        [
            0.5799999833106995,
            0.28999999165534973,
            0.0
        ],
        [
            0.5799999833106995,
            0.5799999833106995,
            0.0
        ],
        [
            0.5799999833106995,
            0.8700000047683716,
            0.0
        ]
    ],
    "keypoints2d": [
        [
            924.7020263671875,
            479.5892639160156,
            1.0
        ],
        [
            960.3665771484375,
            459.589599609375,
            1.0
        ],
        [
            993.0596923828125,
            442.3120422363281,
            1.0
        ],
        [
            1023.2522583007812,
            426.4322814941406,
            1.0
        ],
        [
            967.5203857421875,
            501.24285888671875,
            1.0
        ],
        [
            1002.6568603515625,
            479.7787170410156,
            1.0
        ],
        [
            1034.520751953125,
            460.36492919921875,
            1.0
        ],
        [
            1063.7772216796875,
            443.2914733886719,
            1.0
        ],
        [
            1014.0846557617188,
            524.7513427734375,
            1.0
        ],
        [
            1048.0155029296875,
            501.6636047363281,
            1.0
        ],
        [
            1078.8056640625,
            480.59405517578125,
            1.0
        ],
        [
            1107.1668701171875,
            461.433837890625,
            1.0
        ]
    ],
    "visited": true
}