{
    "keypoints3d": [
        [
            0.0,
            0.0,
            0.0
        ],
        [
            0.0,
            0.28999999165534973,
            0.0
        ],
        [
            0.0,
            0.5799999833106995,
            0.0
        ],
        [
            0.0,
            0.8700000047683716,
            0.0
        ],
        [
            0.28999999165534973,
            0.0,
            0.0
        ],
        [
            0.28999999165534973,
            0.28999999165534973,
            0.0
        ],
        [
            0.28999999165534973,
            0.5799999833106995,
            0.0
        ],
        [
            0.28999999165534973,
            0.8700000047683716,
            0.0
        ],
        [
            0.5799999833106995,
            0.0,
            0.0
        ],
        [
            0.5799999833106995,
            0.28999999165534973,
            0.0
        ],
        [
            0.5799999833106995,
            0.5799999833106995,
            0.0
        ],
        [
            0.5799999833106995,
            0.8700000047683716,
            0.0
        ]
    ],
    "keypoints2d": [
        [
            1096.3990478515625,
            561.5014038085938,
            1.0
        ],
        [
            1138.8739013671875,
            536.4263305664062,
            1.0
        ],
        [
            1178.34423828125,
            514.284423828125,
            1.0
        ],
        [
            1214.6439208984375,
            493.6304626464844,
            1.0
        ],
        [
            1146.3458251953125,
            592.8814086914062,
            1.0
        ],
        [
            1189.37548828125,
            565.129150390625,
            1.0
        ],
        [
            1228.3121337890625,
            540.6964721679688,
            1.0
        ],
        [
            1264.70947265625,
            518.064453125,
            1.0
        ],
        [
            1203.020751953125,
            628.1174926757812,
            1.0
        ],
        [
            1245.6282958984375,
            597.1029052734375,
            1.0
        ],
        [
            1284.470947265625,
            570.0279541015625,
            1.0
        ],
        [
            1319.977294921875,
            544.6203002929688,
            1.0
        ]
    ],
    "visited": true
}