{
    "keypoints3d": [
        [
            0.0,
            0.0,
            0.0
        ],
        [
            0.0,
            0.28999999165534973,
            0.0
        ],
        [
            0.0,
            0.5799999833106995,
            0.0
        ],
        [
            0.0,
            0.8700000047683716,
            0.0
        ],
        [
            0.28999999165534973,
            0.0,
            0.0
        ],
        [
            0.28999999165534973,
            0.28999999165534973,
            0.0
        ],
        [
            0.28999999165534973,
            0.5799999833106995,
            0.0
        ],
        [
            0.28999999165534973,
            0.8700000047683716,
            0.0
        ],
        [
            0.5799999833106995,
            0.0,
            0.0
        ],
        [
            0.5799999833106995,
            0.28999999165534973,
            0.0
        ],
        [
            0.5799999833106995,
            0.5799999833106995,
            0.0
        ],
        [
            0.5799999833106995,
            0.8700000047683716,
            0.0
        ]
    ],
    "keypoints2d": [
        [
            1096.41064453125,
            561.4942626953125,
            1.0
        ],
        [
            1138.86669921875,
            536.4221801757812,
            1.0
        ],
        [
            1178.35595703125,
            514.2809448242188,
            1.0
        ],
        [
            1214.6553955078125,
            493.63671875,
            1.0
        ],
        [
            1146.332275390625,
            592.8772583007812,
            1.0
        ],
        [
            1189.377685546875,
            565.1298217773438,
            1.0
        ],
        [
            1228.3087158203125,
            540.6846313476562,
            1.0
        ],
        [
            1264.712158203125,
            518.0715942382812,
            1.0
        ],
        [
            1203.017333984375,
            628.1182861328125,
            1.0
        ],
        [
            1245.6187744140625,
            597.1087646484375,
            1.0
        ],
        [
            1284.463134765625,
            570.013916015625,
            1.0
        ],
        [
            1319.9779052734375,
            544.623779296875,
            1.0
        ]
    ],
    "visited": true
}