{
    "keypoints3d": [
        [
            0.0,
            0.0,
            0.0
        ],
        [
            0.0,
            0.28999999165534973,
            0.0
        ],
        [
            0.0,
            0.5799999833106995,
            0.0
        ],
        [
            0.0,
            0.8700000047683716,
            0.0
        ],
        [
            0.28999999165534973,
            0.0,
            0.0
        ],
        [
            0.28999999165534973,
            0.28999999165534973,
            0.0
        ],
        [
            0.28999999165534973,
            0.5799999833106995,
            0.0
        ],
        [
            0.28999999165534973,
            0.8700000047683716,
            0.0
        ],
        [
            0.5799999833106995,
            0.0,
            0.0
        ],
        [
            0.5799999833106995,
            0.28999999165534973,
            0.0
        ],
        [
            0.5799999833106995,
            0.5799999833106995,
            0.0
        ],
        [
            0.5799999833106995,
            0.8700000047683716,
            0.0
        ]
    ],
    "keypoints2d": [
        [
            737.4905395507812,
            538.3101806640625,
            1.0
        ],
        [
            776.0596313476562,
            554.17626953125,
            1.0
        ],
        [
            816.8721313476562,
            571.5006713867188,
            1.0
        ],
        [
            860.7044067382812,
            590.24462890625,
            1.0
        ],
        [
            696.673583984375,
            558.623291015625,
            1.0
        ],
        [
            735.9760131835938,
            576.0595092773438,
            1.0
        ],
        [
            778.0523071289062,
            595.3477172851562,
            1.0
        ],
        [
            823.2433471679688,
            615.826904296875,
            1.0
        ],
        [
            651.1194458007812,
            581.5813598632812,
            1.0
        ],
        [
            691.3352661132812,
            601.5676879882812,
            1.0
        ],
        [
            734.325927734375,
            622.6798706054688,
            1.0
        ],
        [
            780.751953125,
            645.3314208984375,
            1.0
        ]
    ],
    "visited": true
}