{
    "keypoints3d": [
        [
            0.0,
            0.0,
            0.0
        ],
        [
            0.0,
            0.28999999165534973,
            0.0
        ],
        [
            0.0,
            0.5799999833106995,
            0.0
        ],
        [
            0.0,
            0.8700000047683716,
            0.0
        ],
        [
            0.28999999165534973,
            0.0,
            0.0
        ],
        [
            0.28999999165534973,
            0.28999999165534973,
            0.0
        ],
        [
            0.28999999165534973,
            0.5799999833106995,
            0.0
        ],
        [
            0.28999999165534973,
            0.8700000047683716,
            0.0
        ],
        [
            0.5799999833106995,
            0.0,
            0.0
        ],
        [
            0.5799999833106995,
            0.28999999165534973,
            0.0
        ],
        [
            0.5799999833106995,
            0.5799999833106995,
            0.0
        ],
        [
            0.5799999833106995,
            0.8700000047683716,
            0.0
        ]
    ],
    "keypoints2d": [
        [
            774.7953491210938,
            676.5678100585938,
            1.0
        ],
        [
            835.552734375,
            632.4811401367188,
            1.0
        ],
        [
            888.4220581054688,
            594.1790161132812,
            1.0
        ],
        [
            934.7930297851562,
            560.1934204101562,
            1.0
        ],
        [
            835.6647338867188,
            723.4209594726562,
            1.0
        ],
        [
            894.7503051757812,
            674.1586303710938,
            1.0
        ],
        [
            945.6624755859375,
            631.2214965820312,
            1.0
        ],
        [
            990.0442504882812,
            593.4760131835938,
            1.0
        ],
        [
            902.95654296875,
            775.2360229492188,
            1.0
        ],
        [
            959.3184814453125,
            719.1563720703125,
            1.0
        ],
        [
            1007.7634887695312,
            671.3804931640625,
            1.0
        ],
        [
            1050.260009765625,
            629.7221069335938,
            1.0
        ]
    ],
    "visited": true
}