{
    "keypoints3d": [
        [
            0.0,
            0.0,
            0.0
        ],
        [
            0.0,
            0.28999999165534973,
            0.0
        ],
        [
            0.0,
            0.5799999833106995,
            0.0
        ],
        [
            0.0,
            0.8700000047683716,
            0.0
        ],
        [
            0.28999999165534973,
            0.0,
            0.0
        ],
        [
            0.28999999165534973,
            0.28999999165534973,
            0.0
        ],
        [
            0.28999999165534973,
            0.5799999833106995,
            0.0
        ],
        [
            0.28999999165534973,
            0.8700000047683716,
            0.0
        ],
        [
            0.5799999833106995,
            0.0,
            0.0
        ],
        [
            0.5799999833106995,
            0.28999999165534973,
            0.0
        ],
        [
            0.5799999833106995,
            0.5799999833106995,
            0.0
        ],
        [
            0.5799999833106995,
            0.8700000047683716,
            0.0
        ]
    ],
    "keypoints2d": [
        [
            774.8051147460938,
            676.58740234375,
            1.0
        ],
        [
            835.5410766601562,
            632.4752197265625,
            1.0
        ],
        [
            888.4104614257812,
            594.1861572265625,
            1.0
        ],
        [
            934.7981567382812,
            560.1849365234375,
            1.0
        ],
        [
            835.67333984375,
            723.4195556640625,
            1.0
        ],
        [
            894.7509765625,
            674.159912109375,
            1.0
        ],
        [
            945.666259765625,
            631.2326049804688,
            1.0
        ],
        [
            990.0249633789062,
            593.489013671875,
            1.0
        ],
        [
            902.9298095703125,
            775.2158203125,
            1.0
        ],
        [
            959.3276977539062,
            719.1375732421875,
            1.0
        ],
        [
            1007.7706909179688,
            671.374755859375,
            1.0
        ],
        [
            1050.2440185546875,
            629.7486572265625,
            1.0
        ]
    ],
    "visited": true
}