{
    "keypoints3d": [
        [
            0.0,
            0.0,
            0.0
        ],
        [
            0.0,
            0.28999999165534973,
            0.0
        ],
        [
            0.0,
            0.5799999833106995,
            0.0
        ],
        [
            0.0,
            0.8700000047683716,
            0.0
        ],
        [
            0.28999999165534973,
            0.0,
            0.0
        ],
        [
            0.28999999165534973,
            0.28999999165534973,
            0.0
        ],
        [
            0.28999999165534973,
            0.5799999833106995,
            0.0
        ],
        [
            0.28999999165534973,
            0.8700000047683716,
            0.0
        ],
        [
            0.5799999833106995,
            0.0,
            0.0
        ],
        [
            0.5799999833106995,
            0.28999999165534973,
            0.0
        ],
        [
            0.5799999833106995,
            0.5799999833106995,
            0.0
        ],
        [
            0.5799999833106995,
            0.8700000047683716,
            0.0
        ]
    ],
    "keypoints2d": [
        [
            924.7220458984375,
            479.5791320800781,
            1.0
        ],
        [
            960.335205078125,
            459.5976867675781,
            1.0
        ],
        [
            993.0516357421875,
            442.31805419921875,
            1.0
        ],
        [
            1023.213623046875,
            426.4294128417969,
            1.0
        ],
        [
            967.5286865234375,
            501.251953125,
            1.0
        ],
        [
            1002.6905517578125,
            479.764892578125,
            1.0
        ],
        [
            1034.5333251953125,
            460.38177490234375,
            1.0
        ],
        [
            1063.781005859375,
            443.273681640625,
            1.0
        ],
        [
            1014.1008911132812,
            524.7391357421875,
            1.0
        ],
        [
            1048.0421142578125,
            501.656982421875,
            1.0
        ],
        [
            1078.822265625,
            480.6023254394531,
            1.0
        ],
        [
            1107.117919921875,
            461.42584228515625,
            1.0
        ]
    ],
    "visited": true
}