{
    "keypoints3d": [
        [
            0.0,
            0.0,
            0.0
        ],
        [
            0.0,
            0.28999999165534973,
            0.0
        ],
        [
            0.0,
            0.5799999833106995,
            0.0
        ],
        [
            0.0,
            0.8700000047683716,
            0.0
        ],
        [
            0.28999999165534973,
            0.0,
            0.0
        ],
        [
            0.28999999165534973,
            0.28999999165534973,
            0.0
        ],
        [
            0.28999999165534973,
            0.5799999833106995,
            0.0
        ],
        [
            0.28999999165534973,
            0.8700000047683716,
            0.0
        ],
        [
            0.5799999833106995,
            0.0,
            0.0
        ],
        [
            0.5799999833106995,
            0.28999999165534973,
            0.0
        ],
        [
            0.5799999833106995,
            0.5799999833106995,
            0.0
        ],
        [
            0.5799999833106995,
            0.8700000047683716,
            0.0
        ]
    ],
    "keypoints2d": [
        [
            737.4990844726562,
            538.3092651367188,
            1.0
        ],
        [
            776.0524291992188,
            554.1781005859375,
            1.0
        ],
        [
            816.8872680664062,
            571.505859375,
            1.0
        ],
        [
            860.71484375,
            590.2412109375,
            1.0
        ],
        [
            696.6757202148438,
            558.620849609375,
            1.0
        ],
        [
            735.96435546875,
            576.0861206054688,
            1.0
        ],
        [
            778.0559692382812,
            595.3509521484375,
            1.0
        ],
        [
            823.2377319335938,
            615.831787109375,
            1.0
        ],
        [
            651.0800170898438,
            581.5750732421875,
            1.0
        ],
        [
            691.309326171875,
            601.572998046875,
            1.0
        ],
        [
            734.29736328125,
            622.677978515625,
            1.0
        ],
        [
            780.7523803710938,
            645.3311157226562,
            1.0
        ]
    ],
    "visited": true
}