{
    "keypoints3d": [
        [
            0.0,
            0.0,
            0.0
        ],
        [
            0.0,
            0.28999999165534973,
            0.0
        ],
        [
            0.0,
            0.5799999833106995,
            0.0
        ],
        [
            0.0,
            0.8700000047683716,
            0.0
        ],
        [
            0.28999999165534973,
            0.0,
            0.0
        ],
        [
            0.28999999165534973,
            0.28999999165534973,
            0.0
        ],
        [
            0.28999999165534973,
            0.5799999833106995,
            0.0
        ],
        [
            0.28999999165534973,
            0.8700000047683716,
            0.0
        ],
        [
            0.5799999833106995,
            0.0,
            0.0
        ],
        [
            0.5799999833106995,
            0.28999999165534973,
            0.0
        ],
        [
            0.5799999833106995,
            0.5799999833106995,
            0.0
        ],
        [
            0.5799999833106995,
            0.8700000047683716,
            0.0
        ]
    ],
    "keypoints2d": [
        [
            927.3685302734375,
            717.7774658203125,
            1.0
        ],
        [
            898.3731079101562,
            686.8505859375,
            1.0
        ],
        [
            872.4716186523438,
            660.3382568359375,
            1.0
        ],
        [
            849.4842529296875,
            636.759765625,
            1.0
        ],
        [
            978.9942016601562,
            701.6544189453125,
            1.0
        ],
        [
            948.1228637695312,
            672.9046020507812,
            1.0
        ],
        [
            920.6094970703125,
            647.8181762695312,
            1.0
        ],
        [
            896.1016235351562,
            625.8818359375,
            1.0
        ],
        [
            1026.4154052734375,
            687.2467041015625,
            1.0
        ],
        [
            994.2154541015625,
            660.7280883789062,
            1.0
        ],
        [
            965.2152099609375,
            637.0236206054688,
            1.0
        ],
        [
            939.5238647460938,
            615.8229370117188,
            1.0
        ]
    ],
    "visited": true
}