{
    "keypoints3d": [
        [
            0.0,
            0.0,
            0.0
        ],
        [
            0.0,
            0.28999999165534973,
            0.0
        ],
        [
            0.0,
            0.5799999833106995,
            0.0
        ],
        [
            0.0,
            0.8700000047683716,
            0.0
        ],
        [
            0.28999999165534973,
            0.0,
            0.0
        ],
        [
            0.28999999165534973,
            0.28999999165534973,
            0.0
        ],
        [
            0.28999999165534973,
            0.5799999833106995,
            0.0
        ],
        [
            0.28999999165534973,
            0.8700000047683716,
            0.0
        ],
        [
            0.5799999833106995,
            0.0,
            0.0
        ],
        [
            0.5799999833106995,
            0.28999999165534973,
            0.0
        ],
        [
            0.5799999833106995,
            0.5799999833106995,
            0.0
        ],
        [
            0.5799999833106995,
            0.8700000047683716,
            0.0
        ]
    ],
    "keypoints2d": [
        [
            940.0901489257812,
            642.4293823242188,
            1.0
        ],
        [
            981.7069702148438,
            692.7296142578125,
            1.0
        ],
        [
            1029.5809326171875,
            749.6139526367188,
            1.0
        ],
        [
            1084.993408203125,
            815.9942016601562,
            1.0
        ],
        [
            872.8436889648438,
            669.6107177734375,
            1.0
        ],
        [
            912.3184204101562,
            724.0828247070312,
            1.0
        ],
        [
            957.3052368164062,
            787.183349609375,
            1.0
        ],
        [
            1010.2293090820312,
            860.0943603515625,
            1.0
        ],
        [
            799.0115966796875,
            699.129150390625,
            1.0
        ],
        [
            834.7245483398438,
            759.105224609375,
            1.0
        ],
        [
            876.6089477539062,
            828.6934204101562,
            1.0
        ],
        [
            925.6611328125,
            910.465087890625,
            1.0
        ]
    ],
    "visited": true
}