{
    "keypoints3d": [
        [
            0.0,
            0.0,
            0.0
        ],
        [
            0.0,
            0.28999999165534973,
            0.0
        ],
        [
            0.0,
            0.5799999833106995,
            0.0
        ],
        [
            0.0,
            0.8700000047683716,
            0.0
        ],
        [
            0.28999999165534973,
            0.0,
            0.0
        ],
        [
            0.28999999165534973,
            0.28999999165534973,
            0.0
        ],
        [
            0.28999999165534973,
            0.5799999833106995,
            0.0
        ],
        [
            0.28999999165534973,
            0.8700000047683716,
            0.0
        ],
        [
            0.5799999833106995,
            0.0,
            0.0
        ],
        [
            0.5799999833106995,
            0.28999999165534973,
            0.0
        ],
        [
            0.5799999833106995,
            0.5799999833106995,
            0.0
        ],
        [
            0.5799999833106995,
            0.8700000047683716,
            0.0
        ]
    ],
    "keypoints2d": [
        [
            924.7056884765625,
            479.5872497558594,
            1.0
        ],
        [
            960.3563232421875,
            459.59808349609375,
            1.0
        ],
        [
            993.0729370117188,
            442.310302734375,
            1.0
        ],
        [
            1023.2368774414062,
            426.4294128417969,
            1.0
        ],
        [
            967.5446166992188,
            501.2618713378906,
            1.0
        ],
        [
            1002.6840209960938,
            479.7679443359375,
            1.0
        ],
        [
            1034.534423828125,
            460.389404296875,
            1.0
        ],
        [
            1063.7923583984375,
            443.27490234375,
            1.0
        ],
        [
            1014.1117553710938,
            524.7479858398438,
            1.0
        ],
        [
            1048.0406494140625,
            501.6695556640625,
            1.0
        ],
        [
            1078.8118896484375,
            480.5984802246094,
            1.0
        ],
        [
            1107.1422119140625,
            461.4337158203125,
            1.0
        ]
    ],
    "visited": true
}