{
    "keypoints3d": [
        [
            0.0,
            0.0,
            0.0
        ],
        [
            0.0,
            0.28999999165534973,
            0.0
        ],
        [
            0.0,
            0.5799999833106995,
            0.0
        ],
        [
            0.0,
            0.8700000047683716,
            0.0
        ],
        [
            0.28999999165534973,
            0.0,
            0.0
        ],
        [
            0.28999999165534973,
            0.28999999165534973,
            0.0
        ],
        [
            0.28999999165534973,
            0.5799999833106995,
            0.0
        ],
        [
            0.28999999165534973,
            0.8700000047683716,
            0.0
        ],
        [
            0.5799999833106995,
            0.0,
            0.0
        ],
        [
            0.5799999833106995,
            0.28999999165534973,
            0.0
        ],
        [
            0.5799999833106995,
            0.5799999833106995,
            0.0
        ],
        [
            0.5799999833106995,
            0.8700000047683716,
            0.0
        ]
    ],
    "keypoints2d": [
        [
            924.704833984375,
            479.5897216796875,
            1.0
        ],
        [
            960.365966796875,
            459.5984191894531,
            1.0
        ],
        [
            993.0523071289062,
            442.3091735839844,
            1.0
        ],
        [
            1023.2181396484375,
            426.4283142089844,
            1.0
        ],
        [
            967.5292358398438,
            501.2561340332031,
            1.0
        ],
        [
            1002.68896484375,
            479.76171875,
            1.0
        ],
        [
            1034.5296630859375,
            460.3798522949219,
            1.0
        ],
        [
            1063.7813720703125,
            443.2767028808594,
            1.0
        ],
        [
            1014.0995483398438,
            524.744384765625,
            1.0
        ],
        [
            1048.0487060546875,
            501.666015625,
            1.0
        ],
        [
            1078.8238525390625,
            480.60223388671875,
            1.0
        ],
        [
            1107.1209716796875,
            461.4248352050781,
            1.0
        ]
    ],
    "visited": true
}