{
    "keypoints3d": [
        [
            0.0,
            0.0,
            0.0
        ],
        [
            0.0,
            0.28999999165534973,
            0.0
        ],
        [
            0.0,
            0.5799999833106995,
            0.0
        ],
        [
            0.0,
            0.8700000047683716,
            0.0
        ],
        [
            0.28999999165534973,
            0.0,
            0.0
        ],
        [
            0.28999999165534973,
            0.28999999165534973,
            0.0
        ],
        [
            0.28999999165534973,
            0.5799999833106995,
            0.0
        ],
        [
            0.28999999165534973,
            0.8700000047683716,
            0.0
        ],
        [
            0.5799999833106995,
            0.0,
            0.0
        ],
        [
            0.5799999833106995,
            0.28999999165534973,
            0.0
        ],
        [
            0.5799999833106995,
            0.5799999833106995,
            0.0
        ],
        [
            0.5799999833106995,
            0.8700000047683716,
            0.0
        ]
    ],
    "keypoints2d": [
        [
            774.7907104492188,
            676.5867919921875,
            1.0
        ],
        [
            835.5430297851562,
            632.44921875,
            1.0
        ],
        [
            888.4080810546875,
            594.1760864257812,
            1.0
        ],
        [
            934.7816772460938,
            560.1607666015625,
            1.0
        ],
        [
            835.673828125,
            723.4210205078125,
            1.0
        ],
        [
            894.7603149414062,
            674.1700439453125,
            1.0
        ],
        [
            945.6491088867188,
            631.2392578125,
            1.0
        ],
        [
            990.0139770507812,
            593.4743041992188,
            1.0
        ],
        [
            902.92578125,
            775.2158813476562,
            1.0
        ],
        [
            959.328125,
            719.1510620117188,
            1.0
        ],
        [
            1007.773193359375,
            671.377685546875,
            1.0
        ],
        [
            1050.2440185546875,
            629.7178955078125,
            1.0
        ]
    ],
    "visited": true
}