{
    "keypoints3d": [
        [
            0.0,
            0.0,
            0.0
        ],
        [
            0.0,
            0.28999999165534973,
            0.0
        ],
        [
            0.0,
            0.5799999833106995,
            0.0
        ],
        [
            0.0,
            0.8700000047683716,
            0.0
        ],
        [
            0.28999999165534973,
            0.0,
            0.0
        ],
        [
            0.28999999165534973,
            0.28999999165534973,
            0.0
        ],
        [
            0.28999999165534973,
            0.5799999833106995,
            0.0
        ],
        [
            0.28999999165534973,
            0.8700000047683716,
            0.0
        ],
        [
            0.5799999833106995,
            0.0,
            0.0
        ],
        [
            0.5799999833106995,
            0.28999999165534973,
            0.0
        ],
        [
            0.5799999833106995,
            0.5799999833106995,
            0.0
        ],
        [
            0.5799999833106995,
            0.8700000047683716,
            0.0
        ]
    ],
    "keypoints2d": [
        [
            737.488037109375,
            538.30859375,
            1.0
        ],
        [
            776.0719604492188,
            554.1671142578125,
            1.0
        ],
        [
            816.8746948242188,
            571.5036010742188,
            1.0
        ],
        [
            860.711669921875,
            590.2432861328125,
            1.0
        ],
        [
            696.6708374023438,
            558.6198120117188,
            1.0
        ],
        [
            735.9671020507812,
            576.0945434570312,
            1.0
        ],
        [
            778.0325927734375,
            595.35107421875,
            1.0
        ],
        [
            823.23779296875,
            615.834716796875,
            1.0
        ],
        [
            651.0668334960938,
            581.5791015625,
            1.0
        ],
        [
            691.3092651367188,
            601.573486328125,
            1.0
        ],
        [
            734.3046875,
            622.6748657226562,
            1.0
        ],
        [
            780.75439453125,
            645.3302001953125,
            1.0
        ]
    ],
    "visited": true
}