{
    "keypoints3d": [
        [
            0.0,
            0.0,
            0.0
        ],
        [
            0.0,
            0.28999999165534973,
            0.0
        ],
        [
            0.0,
            0.5799999833106995,
            0.0
        ],
        [
            0.0,
            0.8700000047683716,
            0.0
        ],
        [
            0.28999999165534973,
            0.0,
            0.0
        ],
        [
            0.28999999165534973,
            0.28999999165534973,
            0.0
        ],
        [
            0.28999999165534973,
            0.5799999833106995,
            0.0
        ],
        [
            0.28999999165534973,
            0.8700000047683716,
            0.0
        ],
        [
            0.5799999833106995,
            0.0,
            0.0
        ],
        [
            0.5799999833106995,
            0.28999999165534973,
            0.0
        ],
        [
            0.5799999833106995,
            0.5799999833106995,
            0.0
        ],
        [
            0.5799999833106995,
            0.8700000047683716,
            0.0
        ]
    ],
    "keypoints2d": [
        [
            927.360107421875,
            717.7793579101562,
            1.0
        ],
        [
            898.379638671875,
            686.8516845703125,
            1.0
        ],
        [
            872.4447631835938,
            660.3228759765625,
            1.0
        ],
        [
            849.5028686523438,
            636.7402954101562,
            1.0
        ],
        [
            978.996826171875,
            701.6360473632812,
            1.0
        ],
        [
            948.1137084960938,
            672.888427734375,
            1.0
        ],
        [
            920.6126098632812,
            647.8128051757812,
            1.0
        ],
        [
            896.1425170898438,
            625.8997802734375,
            1.0
        ],
        [
            1026.412841796875,
            687.245361328125,
            1.0
        ],
        [
            994.2166748046875,
            660.7280883789062,
            1.0
        ],
        [
            965.2275390625,
            637.0200805664062,
            1.0
        ],
        [
            939.5293579101562,
            615.8361206054688,
            1.0
        ]
    ],
    "visited": true
}