{
    "keypoints3d": [
        [
            0.0,
            0.0,
            0.0
        ],
        [
            0.0,
            0.28999999165534973,
            0.0
        ],
        [
            0.0,
            0.5799999833106995,
            0.0
        ],
        [
            0.0,
            0.8700000047683716,
            0.0
        ],
        [
            0.28999999165534973,
            0.0,
            0.0
        ],
        [
            0.28999999165534973,
            0.28999999165534973,
            0.0
        ],
        [
            0.28999999165534973,
            0.5799999833106995,
            0.0
        ],
        [
            0.28999999165534973,
            0.8700000047683716,
            0.0
        ],
        [
            0.5799999833106995,
            0.0,
            0.0
        ],
        [
            0.5799999833106995,
            0.28999999165534973,
            0.0
        ],
        [
            0.5799999833106995,
            0.5799999833106995,
            0.0
        ],
        [
            0.5799999833106995,
            0.8700000047683716,
            0.0
        ]
    ],
    "keypoints2d": [
        [
            1223.383544921875,
            670.7752075195312,
            1.0
        ],
        [
            1206.3765869140625,
            688.1958618164062,
            1.0
        ],
        [
            1188.7568359375,
            706.2955932617188,
            1.0
        ],
        [
            1169.9610595703125,
            725.14794921875,
            1.0
        ],
        [
            1191.59326171875,
            654.3846435546875,
            1.0
        ],
        [
            1174.232421875,
            670.3179321289062,
            1.0
        ],
        [
            1156.0711669921875,
            686.78369140625,
            1.0
        ],
        [
            1136.7158203125,
            703.9175415039062,
            1.0
        ],
        [
            1161.3765869140625,
            638.3716430664062,
            1.0
        ],
        [
            1143.5135498046875,
            653.3187255859375,
            1.0
        ],
        [
            1124.7286376953125,
            669.1552124023438,
            1.0
        ],
        [
            1104.7471923828125,
            686.0512084960938,
            1.0
        ]
    ],
    "visited": true
}