{
    "keypoints3d": [
        [
            0.0,
            0.0,
            0.0
        ],
        [
            0.0,
            0.28999999165534973,
            0.0
        ],
        [
            0.0,
            0.5799999833106995,
            0.0
        ],
        [
            0.0,
            0.8700000047683716,
            0.0
        ],
        [
            0.28999999165534973,
            0.0,
            0.0
        ],
        [
            0.28999999165534973,
            0.28999999165534973,
            0.0
        ],
        [
            0.28999999165534973,
            0.5799999833106995,
            0.0
        ],
        [
            0.28999999165534973,
            0.8700000047683716,
            0.0
        ],
        [
            0.5799999833106995,
            0.0,
            0.0
        ],
        [
            0.5799999833106995,
            0.28999999165534973,
            0.0
        ],
        [
            0.5799999833106995,
            0.5799999833106995,
            0.0
        ],
        [
            0.5799999833106995,
            0.8700000047683716,
            0.0
        ]
    ],
    "keypoints2d": [
        [
            940.7925415039062,
            751.6585693359375,
            1.0
        ],
        [
            998.3980712890625,
            703.2697143554688,
            1.0
        ],
        [
            1049.3270263671875,
            660.8789672851562,
            1.0
        ],
        [
            1094.38037109375,
            622.7958984375,
            1.0
        ],
        [
            1007.6058349609375,
            807.3798828125,
            1.0
        ],
        [
            1064.3985595703125,
            752.4397583007812,
            1.0
        ],
        [
            1113.9791259765625,
            703.9219970703125,
            1.0
        ],
        [
            1157.570556640625,
            661.64599609375,
            1.0
        ],
        [
            1084.4361572265625,
            871.1494140625,
            1.0
        ],
        [
            1139.530517578125,
            807.5411376953125,
            1.0
        ],
        [
            1186.9935302734375,
            752.7050170898438,
            1.0
        ],
        [
            1228.400634765625,
            704.64501953125,
            1.0
        ]
    ],
    "visited": true
}