{
    "keypoints3d": [
        [
            0.0,
            0.0,
            0.0
        ],
        [
            0.0,
            0.28999999165534973,
            0.0
        ],
        [
            0.0,
            0.5799999833106995,
            0.0
        ],
        [
            0.0,
            0.8700000047683716,
            0.0
        ],
        [
            0.28999999165534973,
            0.0,
            0.0
        ],
        [
            0.28999999165534973,
            0.28999999165534973,
            0.0
        ],
        [
            0.28999999165534973,
            0.5799999833106995,
            0.0
        ],
        [
            0.28999999165534973,
            0.8700000047683716,
            0.0
        ],
        [
            0.5799999833106995,
            0.0,
            0.0
        ],
        [
            0.5799999833106995,
            0.28999999165534973,
            0.0
        ],
        [
            0.5799999833106995,
            0.5799999833106995,
            0.0
        ],
        [
            0.5799999833106995,
            0.8700000047683716,
            0.0
        ]
    ],
    "keypoints2d": [
        [
            774.7996826171875,
            676.5706787109375,
            1.0
        ],
        [
            835.559814453125,
            632.4795532226562,
            1.0
        ],
        [
            888.4287109375,
            594.1697998046875,
            1.0
        ],
        [
            934.7991333007812,
            560.1980590820312,
            1.0
        ],
        [
            835.6669921875,
            723.4198608398438,
            1.0
        ],
        [
            894.748046875,
            674.1612548828125,
            1.0
        ],
        [
            945.6702270507812,
            631.2308959960938,
            1.0
        ],
        [
            990.0350952148438,
            593.4757080078125,
            1.0
        ],
        [
            902.9409790039062,
            775.22412109375,
            1.0
        ],
        [
            959.3182983398438,
            719.1577758789062,
            1.0
        ],
        [
            1007.7676391601562,
            671.37744140625,
            1.0
        ],
        [
            1050.2335205078125,
            629.7288208007812,
            1.0
        ]
    ],
    "visited": true
}