{
    "keypoints3d": [
        [
            0.0,
            0.0,
            0.0
        ],
        [
            0.0,
            0.28999999165534973,
            0.0
        ],
        [
            0.0,
            0.5799999833106995,
            0.0
        ],
        [
            0.0,
            0.8700000047683716,
            0.0
        ],
        [
            0.28999999165534973,
            0.0,
            0.0
        ],
        [
            0.28999999165534973,
            0.28999999165534973,
            0.0
        ],
        [
            0.28999999165534973,
            0.5799999833106995,
            0.0
        ],
        [
            0.28999999165534973,
            0.8700000047683716,
            0.0
        ],
        [
            0.5799999833106995,
            0.0,
            0.0
        ],
        [
            0.5799999833106995,
            0.28999999165534973,
            0.0
        ],
        [
            0.5799999833106995,
            0.5799999833106995,
            0.0
        ],
        [
            0.5799999833106995,
            0.8700000047683716,
            0.0
        ]
    ],
    "keypoints2d": [
        [
            924.708251953125,
            479.5826416015625,
            1.0
        ],
        [
            960.3824462890625,
            459.59906005859375,
            1.0
        ],
        [
            993.0692749023438,
            442.3089904785156,
            1.0
        ],
        [
            1023.2338256835938,
            426.422607421875,
            1.0
        ],
        [
            967.5213012695312,
            501.258056640625,
            1.0
        ],
        [
            1002.66552734375,
            479.7679748535156,
            1.0
        ],
        [
            1034.5262451171875,
            460.37652587890625,
            1.0
        ],
        [
            1063.7872314453125,
            443.2858581542969,
            1.0
        ],
        [
            1014.10791015625,
            524.7470092773438,
            1.0
        ],
        [
            1048.024169921875,
            501.66943359375,
            1.0
        ],
        [
            1078.80517578125,
            480.59783935546875,
            1.0
        ],
        [
            1107.1365966796875,
            461.4407653808594,
            1.0
        ]
    ],
    "visited": true
}