{
    "keypoints3d": [
        [
            0.0,
            0.0,
            0.0
        ],
        [
            0.0,
            0.28999999165534973,
            0.0
        ],
        [
            0.0,
            0.5799999833106995,
            0.0
        ],
        [
            0.0,
            0.8700000047683716,
            0.0
        ],
        [
            0.28999999165534973,
            0.0,
            0.0
        ],
        [
            0.28999999165534973,
            0.28999999165534973,
            0.0
        ],
        [
            0.28999999165534973,
            0.5799999833106995,
            0.0
        ],
        [
            0.28999999165534973,
            0.8700000047683716,
            0.0
        ],
        [
            0.5799999833106995,
            0.0,
            0.0
        ],
        [
            0.5799999833106995,
            0.28999999165534973,
            0.0
        ],
        [
            0.5799999833106995,
            0.5799999833106995,
            0.0
        ],
        [
            0.5799999833106995,
            0.8700000047683716,
            0.0
        ]
    ],
    "keypoints2d": [
        [
            927.3629760742188,
            717.789306640625,
            1.0
        ],
        [
            898.3806762695312,
            686.8603515625,
            1.0
        ],
        [
            872.4439086914062,
            660.3198852539062,
            1.0
        ],
        [
            849.5030517578125,
            636.7286376953125,
            1.0
        ],
        [
            979.011962890625,
            701.6395874023438,
            1.0
        ],
        [
            948.1209106445312,
            672.8885498046875,
            1.0
        ],
        [
            920.6200561523438,
            647.816650390625,
            1.0
        ],
        [
            896.1375122070312,
            625.8980712890625,
            1.0
        ],
        [
            1026.42041015625,
            687.2498168945312,
            1.0
        ],
        [
            994.22412109375,
            660.7337036132812,
            1.0
        ],
        [
            965.2171020507812,
            637.0150146484375,
            1.0
        ],
        [
            939.528076171875,
            615.841552734375,
            1.0
        ]
    ],
    "visited": true
}