{
    "keypoints3d": [
        [
            0.0,
            0.0,
            0.0
        ],
        [
            0.0,
            0.28999999165534973,
            0.0
        ],
        [
            0.0,
            0.5799999833106995,
            0.0
        ],
        [
            0.0,
            0.8700000047683716,
            0.0
        ],
        [
            0.28999999165534973,
            0.0,
            0.0
        ],
        [
            0.28999999165534973,
            0.28999999165534973,
            0.0
        ],
        [
            0.28999999165534973,
            0.5799999833106995,
            0.0
        ],
        [
            0.28999999165534973,
            0.8700000047683716,
            0.0
        ],
        [
            0.5799999833106995,
            0.0,
            0.0
        ],
        [
            0.5799999833106995,
            0.28999999165534973,
            0.0
        ],
        [
            0.5799999833106995,
            0.5799999833106995,
            0.0
        ],
        [
            0.5799999833106995,
            0.8700000047683716,
            0.0
        ]
    ],
    "keypoints2d": [
        [
            927.3428344726562,
            717.7799682617188,
            1.0
        ],
        [
            898.391357421875,
            686.8660888671875,
            1.0
        ],
        [
            872.4576416015625,
            660.3327026367188,
            1.0
        ],
        [
            849.488525390625,
            636.7476196289062,
            1.0
        ],
        [
            978.9951782226562,
            701.6436157226562,
            1.0
        ],
        [
            948.129150390625,
            672.8935546875,
            1.0
        ],
        [
            920.632080078125,
            647.8239135742188,
            1.0
        ],
        [
            896.1178588867188,
            625.8933715820312,
            1.0
        ],
        [
            1026.4022216796875,
            687.2308349609375,
            1.0
        ],
        [
            994.22314453125,
            660.721435546875,
            1.0
        ],
        [
            965.2273559570312,
            637.0274658203125,
            1.0
        ],
        [
            939.525634765625,
            615.8306884765625,
            1.0
        ]
    ],
    "visited": true
}