{
    "keypoints3d": [
        [
            0.0,
            0.0,
            0.0
        ],
        [
            0.0,
            0.28999999165534973,
            0.0
        ],
        [
            0.0,
            0.5799999833106995,
            0.0
        ],
        [
            0.0,
            0.8700000047683716,
            0.0
        ],
        [
            0.28999999165534973,
            0.0,
            0.0
        ],
        [
            0.28999999165534973,
            0.28999999165534973,
            0.0
        ],
        [
            0.28999999165534973,
            0.5799999833106995,
            0.0
        ],
        [
            0.28999999165534973,
            0.8700000047683716,
            0.0
        ],
        [
            0.5799999833106995,
            0.0,
            0.0
        ],
        [
            0.5799999833106995,
            0.28999999165534973,
            0.0
        ],
        [
            0.5799999833106995,
            0.5799999833106995,
            0.0
        ],
        [
            0.5799999833106995,
            0.8700000047683716,
            0.0
        ]
    ],
    "keypoints2d": [
        [
            737.4850463867188,
            538.3060913085938,
            1.0
        ],
        [
            776.0158081054688,
            554.1751708984375,
            1.0
        ],
        [
            816.8694458007812,
            571.4934692382812,
            1.0
        ],
        [
            860.7020874023438,
            590.2417602539062,
            1.0
        ],
        [
            696.64990234375,
            558.6262817382812,
            1.0
        ],
        [
            735.9471435546875,
            576.0458984375,
            1.0
        ],
        [
            778.092041015625,
            595.3410034179688,
            1.0
        ],
        [
            823.2633056640625,
            615.8162231445312,
            1.0
        ],
        [
            651.0714721679688,
            581.5689086914062,
            1.0
        ],
        [
            691.361572265625,
            601.5770263671875,
            1.0
        ],
        [
            734.3414916992188,
            622.6797485351562,
            1.0
        ],
        [
            780.7529907226562,
            645.3292236328125,
            1.0
        ]
    ],
    "visited": true
}