{
    "keypoints3d": [
        [
            0.0,
            0.0,
            0.0
        ],
        [
            0.0,
            0.28999999165534973,
            0.0
        ],
        [
            0.0,
            0.5799999833106995,
            0.0
        ],
        [
            0.0,
            0.8700000047683716,
            0.0
        ],
        [
            0.28999999165534973,
            0.0,
            0.0
        ],
        [
            0.28999999165534973,
            0.28999999165534973,
            0.0
        ],
        [
            0.28999999165534973,
            0.5799999833106995,
            0.0
        ],
        [
            0.28999999165534973,
            0.8700000047683716,
            0.0
        ],
        [
            0.5799999833106995,
            0.0,
            0.0
        ],
        [
            0.5799999833106995,
            0.28999999165534973,
            0.0
        ],
        [
            0.5799999833106995,
            0.5799999833106995,
            0.0
        ],
        [
            0.5799999833106995,
            0.8700000047683716,
            0.0
        ]
    ],
    "keypoints2d": [
        [
            927.343017578125,
            717.76025390625,
            1.0
        ],
        [
            898.3558959960938,
            686.8325805664062,
            1.0
        ],
        [
            872.4808349609375,
            660.3717651367188,
            1.0
        ],
        [
            849.4647216796875,
            636.7530517578125,
            1.0
        ],
        [
            978.9771118164062,
            701.6314697265625,
            1.0
        ],
        [
            948.1387329101562,
            672.9143676757812,
            1.0
        ],
        [
            920.5955810546875,
            647.8336791992188,
            1.0
        ],
        [
            896.1184692382812,
            625.9291381835938,
            1.0
        ],
        [
            1026.44384765625,
            687.2335205078125,
            1.0
        ],
        [
            994.21875,
            660.7116088867188,
            1.0
        ],
        [
            965.1515502929688,
            637.0291137695312,
            1.0
        ],
        [
            939.5107421875,
            615.8485107421875,
            1.0
        ]
    ],
    "visited": true
}