{
    "keypoints3d": [
        [
            0.0,
            0.0,
            0.0
        ],
        [
            0.0,
            0.28999999165534973,
            0.0
        ],
        [
            0.0,
            0.5799999833106995,
            0.0
        ],
        [
            0.0,
            0.8700000047683716,
            0.0
        ],
        [
            0.28999999165534973,
            0.0,
            0.0
        ],
        [
            0.28999999165534973,
            0.28999999165534973,
            0.0
        ],
        [
            0.28999999165534973,
            0.5799999833106995,
            0.0
        ],
        [
            0.28999999165534973,
            0.8700000047683716,
            0.0
        ],
        [
            0.5799999833106995,
            0.0,
            0.0
        ],
        [
            0.5799999833106995,
            0.28999999165534973,
            0.0
        ],
        [
            0.5799999833106995,
            0.5799999833106995,
            0.0
        ],
        [
            0.5799999833106995,
            0.8700000047683716,
            0.0
        ]
    ],
    "keypoints2d": [
        [
            737.5023803710938,
            538.3123168945312,
            1.0
        ],
        [
            776.0468139648438,
            554.1776733398438,
            1.0
        ],
        [
            816.86865234375,
            571.5057983398438,
            1.0
        ],
        [
            860.7127685546875,
            590.2421875,
            1.0
        ],
        [
            696.6649169921875,
            558.616943359375,
            1.0
        ],
        [
            735.9322509765625,
            576.0819702148438,
            1.0
        ],
        [
            778.049560546875,
            595.3499755859375,
            1.0
        ],
        [
            823.2553100585938,
            615.8259887695312,
            1.0
        ],
        [
            651.1046142578125,
            581.5773315429688,
            1.0
        ],
        [
            691.3258666992188,
            601.57080078125,
            1.0
        ],
        [
            734.320556640625,
            622.6783447265625,
            1.0
        ],
        [
            780.735107421875,
            645.3345336914062,
            1.0
        ]
    ],
    "visited": true
}