{
    "keypoints3d": [
        [
            0.0,
            0.0,
            0.0
        ],
        [
            0.0,
            0.28999999165534973,
            0.0
        ],
        [
            0.0,
            0.5799999833106995,
            0.0
        ],
        [
            0.0,
            0.8700000047683716,
            0.0
        ],
        [
            0.28999999165534973,
            0.0,
            0.0
        ],
        [
            0.28999999165534973,
            0.28999999165534973,
            0.0
        ],
        [
            0.28999999165534973,
            0.5799999833106995,
            0.0
        ],
        [
            0.28999999165534973,
            0.8700000047683716,
            0.0
        ],
        [
            0.5799999833106995,
            0.0,
            0.0
        ],
        [
            0.5799999833106995,
            0.28999999165534973,
            0.0
        ],
        [
            0.5799999833106995,
            0.5799999833106995,
            0.0
        ],
        [
            0.5799999833106995,
            0.8700000047683716,
            0.0
        ]
    ],
    "keypoints2d": [
        [
            737.5140380859375,
            538.310546875,
            1.0
        ],
        [
            776.0552978515625,
            554.1695556640625,
            1.0
        ],
        [
            816.8665161132812,
            571.5030517578125,
            1.0
        ],
        [
            860.7091064453125,
            590.2459716796875,
            1.0
        ],
        [
            696.6614379882812,
            558.6185302734375,
            1.0
        ],
        [
            735.9749145507812,
            576.0903930664062,
            1.0
        ],
        [
            778.0245361328125,
            595.3626708984375,
            1.0
        ],
        [
            823.2482299804688,
            615.8369750976562,
            1.0
        ],
        [
            651.0728759765625,
            581.5721435546875,
            1.0
        ],
        [
            691.3260498046875,
            601.5567626953125,
            1.0
        ],
        [
            734.3073120117188,
            622.6653442382812,
            1.0
        ],
        [
            780.7476196289062,
            645.3304443359375,
            1.0
        ]
    ],
    "visited": true
}