{
    "keypoints3d": [
        [
            0.0,
            0.0,
            0.0
        ],
        [
            0.0,
            0.28999999165534973,
            0.0
        ],
        [
            0.0,
            0.5799999833106995,
            0.0
        ],
        [
            0.0,
            0.8700000047683716,
            0.0
        ],
        [
            0.28999999165534973,
            0.0,
            0.0
        ],
        [
            0.28999999165534973,
            0.28999999165534973,
            0.0
        ],
        [
            0.28999999165534973,
            0.5799999833106995,
            0.0
        ],
        [
            0.28999999165534973,
            0.8700000047683716,
            0.0
        ],
        [
            0.5799999833106995,
            0.0,
            0.0
        ],
        [
            0.5799999833106995,
            0.28999999165534973,
            0.0
        ],
        [
            0.5799999833106995,
            0.5799999833106995,
            0.0
        ],
        [
            0.5799999833106995,
            0.8700000047683716,
            0.0
        ]
    ],
    "keypoints2d": [
        [
            774.7901000976562,
            676.5704956054688,
            1.0
        ],
        [
            835.5604858398438,
            632.4795532226562,
            1.0
        ],
        [
            888.4304809570312,
            594.1635131835938,
            1.0
        ],
        [
            934.7891845703125,
            560.1925659179688,
            1.0
        ],
        [
            835.6700439453125,
            723.4171142578125,
            1.0
        ],
        [
            894.7429809570312,
            674.1618041992188,
            1.0
        ],
        [
            945.6653442382812,
            631.2302856445312,
            1.0
        ],
        [
            990.0316162109375,
            593.4761352539062,
            1.0
        ],
        [
            902.9465942382812,
            775.2198486328125,
            1.0
        ],
        [
            959.3211059570312,
            719.1560668945312,
            1.0
        ],
        [
            1007.7899780273438,
            671.3888549804688,
            1.0
        ],
        [
            1050.2462158203125,
            629.755126953125,
            1.0
        ]
    ],
    "visited": true
}