{
    "keypoints3d": [
        [
            0.0,
            0.0,
            0.0
        ],
        [
            0.0,
            0.28999999165534973,
            0.0
        ],
        [
            0.0,
            0.5799999833106995,
            0.0
        ],
        [
            0.0,
            0.8700000047683716,
            0.0
        ],
        [
            0.28999999165534973,
            0.0,
            0.0
        ],
        [
            0.28999999165534973,
            0.28999999165534973,
            0.0
        ],
        [
            0.28999999165534973,
            0.5799999833106995,
            0.0
        ],
        [
            0.28999999165534973,
            0.8700000047683716,
            0.0
        ],
        [
            0.5799999833106995,
            0.0,
            0.0
        ],
        [
            0.5799999833106995,
            0.28999999165534973,
            0.0
        ],
        [
            0.5799999833106995,
            0.5799999833106995,
            0.0
        ],
        [
            0.5799999833106995,
            0.8700000047683716,
            0.0
        ]
    ],
    "keypoints2d": [
        [
            760.7891845703125,
            657.1655883789062,
            1.0
        ],
        [
            831.5333251953125,
            628.3200073242188,
            1.0
        ],
        [
            894.5432739257812,
            602.2359619140625,
            1.0
        ],
        [
            951.24267578125,
            578.00146484375,
            1.0
        ],
        [
            801.392578125,
            712.7335205078125,
            1.0
        ],
        [
            873.9215698242188,
            678.4363403320312,
            1.0
        ],
        [
            938.2322387695312,
            648.2083740234375,
            1.0
        ],
        [
            995.3543090820312,
            620.5265502929688,
            1.0
        ],
        [
            847.55126953125,
            775.9261474609375,
            1.0
        ],
        [
            921.7578125,
            735.3244018554688,
            1.0
        ],
        [
            986.6443481445312,
            699.9552001953125,
            1.0
        ],
        [
            1044.4222412109375,
            667.649169921875,
            1.0
        ]
    ],
    "visited": true
}