{
    "keypoints3d": [
        [
            0.0,
            0.0,
            0.0
        ],
        [
            0.0,
            0.28999999165534973,
            0.0
        ],
        [
            0.0,
            0.5799999833106995,
            0.0
        ],
        [
            0.0,
            0.8700000047683716,
            0.0
        ],
        [
            0.28999999165534973,
            0.0,
            0.0
        ],
        [
            0.28999999165534973,
            0.28999999165534973,
            0.0
        ],
        [
            0.28999999165534973,
            0.5799999833106995,
            0.0
        ],
        [
            0.28999999165534973,
            0.8700000047683716,
            0.0
        ],
        [
            0.5799999833106995,
            0.0,
            0.0
        ],
        [
            0.5799999833106995,
            0.28999999165534973,
            0.0
        ],
        [
            0.5799999833106995,
            0.5799999833106995,
            0.0
        ],
        [
            0.5799999833106995,
            0.8700000047683716,
            0.0
        ]
    ],
    "keypoints2d": [
        [
            952.8810424804688,
            551.4495239257812,
            1.0
        ],
        [
            934.7329711914062,
            568.6597900390625,
            1.0
        ],
        [
            915.2255249023438,
            587.7461547851562,
            1.0
        ],
        [
            892.8875732421875,
            609.4193725585938,
            1.0
        ],
        [
            913.0336303710938,
            541.8369140625,
            1.0
        ],
        [
            892.9346313476562,
            558.5844116210938,
            1.0
        ],
        [
            871.1265869140625,
            577.0455322265625,
            1.0
        ],
        [
            847.118896484375,
            597.3881225585938,
            1.0
        ],
        [
            874.4378051757812,
            533.2442626953125,
            1.0
        ],
        [
            852.825927734375,
            549.0634765625,
            1.0
        ],
        [
            829.4961547851562,
            566.4232788085938,
            1.0
        ],
        [
            803.6220092773438,
            585.6652221679688,
            1.0
        ]
    ],
    "visited": true
}