{
    "keypoints3d": [
        [
            0.0,
            0.0,
            0.0
        ],
        [
            0.0,
            0.28999999165534973,
            0.0
        ],
        [
            0.0,
            0.5799999833106995,
            0.0
        ],
        [
            0.0,
            0.8700000047683716,
            0.0
        ],
        [
            0.28999999165534973,
            0.0,
            0.0
        ],
        [
            0.28999999165534973,
            0.28999999165534973,
            0.0
        ],
        [
            0.28999999165534973,
            0.5799999833106995,
            0.0
        ],
        [
            0.28999999165534973,
            0.8700000047683716,
            0.0
        ],
        [
            0.5799999833106995,
            0.0,
            0.0
        ],
        [
            0.5799999833106995,
            0.28999999165534973,
            0.0
        ],
        [
            0.5799999833106995,
            0.5799999833106995,
            0.0
        ],
        [
            0.5799999833106995,
            0.8700000047683716,
            0.0
        ]
    ],
    "keypoints2d": [
        [
            745.3876953125,
            659.4423217773438,
            1.0
        ],
        [
            715.021240234375,
            629.8871459960938,
            1.0
        ],
        [
            688.3694458007812,
            604.4627685546875,
            1.0
        ],
        [
            663.4715576171875,
            579.5185546875,
            1.0
        ],
        [
            802.367431640625,
            634.5809326171875,
            1.0
        ],
        [
            770.81005859375,
            607.2561645507812,
            1.0
        ],
        [
            742.4017944335938,
            584.1263427734375,
            1.0
        ],
        [
            716.2811279296875,
            561.667236328125,
            1.0
        ],
        [
            854.0845336914062,
            612.0902709960938,
            1.0
        ],
        [
            821.4577026367188,
            586.7737426757812,
            1.0
        ],
        [
            791.761962890625,
            565.427490234375,
            1.0
        ],
        [
            764.6430053710938,
            544.6978759765625,
            1.0
        ]
    ],
    "visited": true
}