{
    "keypoints3d": [
        [
            0.0,
            0.0,
            0.0
        ],
        [
            0.0,
            0.28999999165534973,
            0.0
        ],
        [
            0.0,
            0.5799999833106995,
            0.0
        ],
        [
            0.0,
            0.8700000047683716,
            0.0
        ],
        [
            0.28999999165534973,
            0.0,
            0.0
        ],
        [
            0.28999999165534973,
            0.28999999165534973,
            0.0
        ],
        [
            0.28999999165534973,
            0.5799999833106995,
            0.0
        ],
        [
            0.28999999165534973,
            0.8700000047683716,
            0.0
        ],
        [
            0.5799999833106995,
            0.0,
            0.0
        ],
        [
            0.5799999833106995,
            0.28999999165534973,
            0.0
        ],
        [
            0.5799999833106995,
            0.5799999833106995,
            0.0
        ],
        [
            0.5799999833106995,
            0.8700000047683716,
            0.0
        ]
    ],
    "keypoints2d": [
        [
            737.4884643554688,
            538.3134765625,
            1.0
        ],
        [
            776.055908203125,
            554.1827392578125,
            1.0
        ],
        [
            816.8748168945312,
            571.5072021484375,
            1.0
        ],
        [
            860.70703125,
            590.2467651367188,
            1.0
        ],
        [
            696.6755981445312,
            558.6224365234375,
            1.0
        ],
        [
            735.9729614257812,
            576.0874633789062,
            1.0
        ],
        [
            778.0499877929688,
            595.3471069335938,
            1.0
        ],
        [
            823.2461547851562,
            615.82763671875,
            1.0
        ],
        [
            651.08544921875,
            581.5696411132812,
            1.0
        ],
        [
            691.3156127929688,
            601.5748901367188,
            1.0
        ],
        [
            734.3145751953125,
            622.6781005859375,
            1.0
        ],
        [
            780.7509155273438,
            645.3338012695312,
            1.0
        ]
    ],
    "visited": true
}