{
    "keypoints3d": [
        [
            0.0,
            0.0,
            0.0
        ],
        [
            0.0,
            0.28999999165534973,
            0.0
        ],
        [
            0.0,
            0.5799999833106995,
            0.0
        ],
        [
            0.0,
            0.8700000047683716,
            0.0
        ],
        [
            0.28999999165534973,
            0.0,
            0.0
        ],
        [
            0.28999999165534973,
            0.28999999165534973,
            0.0
        ],
        [
            0.28999999165534973,
            0.5799999833106995,
            0.0
        ],
        [
            0.28999999165534973,
            0.8700000047683716,
            0.0
        ],
        [
            0.5799999833106995,
            0.0,
            0.0
        ],
        [
            0.5799999833106995,
            0.28999999165534973,
            0.0
        ],
        [
            0.5799999833106995,
            0.5799999833106995,
            0.0
        ],
        [
            0.5799999833106995,
            0.8700000047683716,
            0.0
        ]
    ],
    "keypoints2d": [
        [
            1041.4447021484375,
            613.3952026367188,
            1.0
        ],
        [
            1070.7108154296875,
            592.8848876953125,
            1.0
        ],
        [
            1097.655029296875,
            575.2974853515625,
            1.0
        ],
        [
            1122.421630859375,
            558.53466796875,
            1.0
        ],
        [
            1086.2430419921875,
            629.2994384765625,
            1.0
        ],
        [
            1114.54345703125,
            607.447509765625,
            1.0
        ],
        [
            1140.659912109375,
            587.8757934570312,
            1.0
        ],
        [
            1164.558349609375,
            570.080078125,
            1.0
        ],
        [
            1135.45751953125,
            647.4027709960938,
            1.0
        ],
        [
            1162.7552490234375,
            623.1021118164062,
            1.0
        ],
        [
            1187.37841796875,
            601.3674926757812,
            1.0
        ],
        [
            1209.9476318359375,
            582.4627685546875,
            1.0
        ]
    ],
    "visited": true
}