{
    "keypoints3d": [
        [
            0.0,
            0.0,
            0.0
        ],
        [
            0.0,
            0.28999999165534973,
            0.0
        ],
        [
            0.0,
            0.5799999833106995,
            0.0
        ],
        [
            0.0,
            0.8700000047683716,
            0.0
        ],
        [
            0.28999999165534973,
            0.0,
            0.0
        ],
        [
            0.28999999165534973,
            0.28999999165534973,
            0.0
        ],
        [
            0.28999999165534973,
            0.5799999833106995,
            0.0
        ],
        [
            0.28999999165534973,
            0.8700000047683716,
            0.0
        ],
        [
            0.5799999833106995,
            0.0,
            0.0
        ],
        [
            0.5799999833106995,
            0.28999999165534973,
            0.0
        ],
        [
            0.5799999833106995,
            0.5799999833106995,
            0.0
        ],
        [
            0.5799999833106995,
            0.8700000047683716,
            0.0
        ]
    ],
    "keypoints2d": [
        [
            990.6930541992188,
            730.804931640625,
            1.0
        ],
        [
            931.0120239257812,
            677.9428100585938,
            1.0
        ],
        [
            877.293701171875,
            630.7627563476562,
            1.0
        ],
        [
            828.9465942382812,
            587.7969360351562,
            1.0
        ],
        [
            1048.5474853515625,
            680.48974609375,
            1.0
        ],
        [
            989.0204467773438,
            633.238525390625,
            1.0
        ],
        [
            935.5228271484375,
            590.7147216796875,
            1.0
        ],
        [
            886.82275390625,
            552.2359008789062,
            1.0
        ],
        [
            1099.935546875,
            635.6747436523438,
            1.0
        ],
        [
            1041.0843505859375,
            593.0346069335938,
            1.0
        ],
        [
            987.82421875,
            554.6466064453125,
            1.0
        ],
        [
            939.3604125976562,
            519.4337768554688,
            1.0
        ]
    ],
    "visited": true
}