{
    "keypoints3d": [
        [
            0.0,
            0.0,
            0.0
        ],
        [
            0.0,
            0.28999999165534973,
            0.0
        ],
        [
            0.0,
            0.5799999833106995,
            0.0
        ],
        [
            0.0,
            0.8700000047683716,
            0.0
        ],
        [
            0.28999999165534973,
            0.0,
            0.0
        ],
        [
            0.28999999165534973,
            0.28999999165534973,
            0.0
        ],
        [
            0.28999999165534973,
            0.5799999833106995,
            0.0
        ],
        [
            0.28999999165534973,
            0.8700000047683716,
            0.0
        ],
        [
            0.5799999833106995,
            0.0,
            0.0
        ],
        [
            0.5799999833106995,
            0.28999999165534973,
            0.0
        ],
        [
            0.5799999833106995,
            0.5799999833106995,
            0.0
        ],
        [
            0.5799999833106995,
            0.8700000047683716,
            0.0
        ]
    ],
    "keypoints2d": [
        [
            957.910888671875,
            616.460693359375,
            1.0
        ],
        [
            989.4735107421875,
            596.6932983398438,
            1.0
        ],
        [
            1018.7453002929688,
            578.733642578125,
            1.0
        ],
        [
            1045.4281005859375,
            563.2941284179688,
            1.0
        ],
        [
            999.6506958007812,
            634.3558349609375,
            1.0
        ],
        [
            1030.8472900390625,
            612.6881103515625,
            1.0
        ],
        [
            1059.2945556640625,
            593.33642578125,
            1.0
        ],
        [
            1085.102294921875,
            576.7682495117188,
            1.0
        ],
        [
            1045.62939453125,
            653.4105834960938,
            1.0
        ],
        [
            1075.561279296875,
            630.3140258789062,
            1.0
        ],
        [
            1102.8013916015625,
            609.1744995117188,
            1.0
        ],
        [
            1127.595458984375,
            590.7902221679688,
            1.0
        ]
    ],
    "visited": true
}