{
    "keypoints3d": [
        [
            0.0,
            0.0,
            0.0
        ],
        [
            0.0,
            0.28999999165534973,
            0.0
        ],
        [
            0.0,
            0.5799999833106995,
            0.0
        ],
        [
            0.0,
            0.8700000047683716,
            0.0
        ],
        [
            0.28999999165534973,
            0.0,
            0.0
        ],
        [
            0.28999999165534973,
            0.28999999165534973,
            0.0
        ],
        [
            0.28999999165534973,
            0.5799999833106995,
            0.0
        ],
        [
            0.28999999165534973,
            0.8700000047683716,
            0.0
        ],
        [
            0.5799999833106995,
            0.0,
            0.0
        ],
        [
            0.5799999833106995,
            0.28999999165534973,
            0.0
        ],
        [
            0.5799999833106995,
            0.5799999833106995,
            0.0
        ],
        [
            0.5799999833106995,
            0.8700000047683716,
            0.0
        ]
    ],
    "keypoints2d": [
        [
            924.722900390625,
            479.5818176269531,
            1.0
        ],
        [
            960.34228515625,
            459.5975341796875,
            1.0
        ],
        [
            993.0484619140625,
            442.33050537109375,
            1.0
        ],
        [
            1023.2100219726562,
            426.4325866699219,
            1.0
        ],
        [
            967.5157470703125,
            501.2433166503906,
            1.0
        ],
        [
            1002.6919555664062,
            479.7701416015625,
            1.0
        ],
        [
            1034.510986328125,
            460.3638610839844,
            1.0
        ],
        [
            1063.7918701171875,
            443.26788330078125,
            1.0
        ],
        [
            1014.1062622070312,
            524.7323608398438,
            1.0
        ],
        [
            1048.031982421875,
            501.6484375,
            1.0
        ],
        [
            1078.8433837890625,
            480.5968017578125,
            1.0
        ],
        [
            1107.09912109375,
            461.4314880371094,
            1.0
        ]
    ],
    "visited": true
}