{
    "keypoints3d": [
        [
            0.0,
            0.0,
            0.0
        ],
        [
            0.0,
            0.28999999165534973,
            0.0
        ],
        [
            0.0,
            0.5799999833106995,
            0.0
        ],
        [
            0.0,
            0.8700000047683716,
            0.0
        ],
        [
            0.28999999165534973,
            0.0,
            0.0
        ],
        [
            0.28999999165534973,
            0.28999999165534973,
            0.0
        ],
        [
            0.28999999165534973,
            0.5799999833106995,
            0.0
        ],
        [
            0.28999999165534973,
            0.8700000047683716,
            0.0
        ],
        [
            0.5799999833106995,
            0.0,
            0.0
        ],
        [
            0.5799999833106995,
            0.28999999165534973,
            0.0
        ],
        [
            0.5799999833106995,
            0.5799999833106995,
            0.0
        ],
        [
            0.5799999833106995,
            0.8700000047683716,
            0.0
        ]
    ],
    "keypoints2d": [
        [
            1127.554443359375,
            590.7813110351562,
            1.0
        ],
        [
            1102.8704833984375,
            609.1638793945312,
            1.0
        ],
        [
            1075.5699462890625,
            630.3215942382812,
            1.0
        ],
        [
            1045.6026611328125,
            653.4287109375,
            1.0
        ],
        [
            1085.103759765625,
            576.7786865234375,
            1.0
        ],
        [
            1059.2623291015625,
            593.340576171875,
            1.0
        ],
        [
            1030.85546875,
            612.68212890625,
            1.0
        ],
        [
            999.66650390625,
            634.3291625976562,
            1.0
        ],
        [
            1045.4232177734375,
            563.2849731445312,
            1.0
        ],
        [
            1018.6965942382812,
            578.7249145507812,
            1.0
        ],
        [
            989.45556640625,
            596.6945190429688,
            1.0
        ],
        [
            957.8701171875,
            616.4675903320312,
            1.0
        ]
    ],
    "visited": true
}