{
    "keypoints3d": [
        [
            0.0,
            0.0,
            0.0
        ],
        [
            0.0,
            0.28999999165534973,
            0.0
        ],
        [
            0.0,
            0.5799999833106995,
            0.0
        ],
        [
            0.0,
            0.8700000047683716,
            0.0
        ],
        [
            0.28999999165534973,
            0.0,
            0.0
        ],
        [
            0.28999999165534973,
            0.28999999165534973,
            0.0
        ],
        [
            0.28999999165534973,
            0.5799999833106995,
            0.0
        ],
        [
            0.28999999165534973,
            0.8700000047683716,
            0.0
        ],
        [
            0.5799999833106995,
            0.0,
            0.0
        ],
        [
            0.5799999833106995,
            0.28999999165534973,
            0.0
        ],
        [
            0.5799999833106995,
            0.5799999833106995,
            0.0
        ],
        [
            0.5799999833106995,
            0.8700000047683716,
            0.0
        ]
    ],
    "keypoints2d": [
        [
            774.7960815429688,
            676.578369140625,
            1.0
        ],
        [
            835.5488891601562,
            632.4751586914062,
            1.0
        ],
        [
            888.4156494140625,
            594.1823120117188,
            1.0
        ],
        [
            934.8114013671875,
            560.1993408203125,
            1.0
        ],
        [
            835.6754760742188,
            723.4295654296875,
            1.0
        ],
        [
            894.7420654296875,
            674.1591796875,
            1.0
        ],
        [
            945.6550903320312,
            631.2236938476562,
            1.0
        ],
        [
            990.0453491210938,
            593.47998046875,
            1.0
        ],
        [
            902.953125,
            775.2257080078125,
            1.0
        ],
        [
            959.320556640625,
            719.1517944335938,
            1.0
        ],
        [
            1007.7660522460938,
            671.3690185546875,
            1.0
        ],
        [
            1050.25537109375,
            629.7283325195312,
            1.0
        ]
    ],
    "visited": true
}