{
    "keypoints3d": [
        [
            0.0,
            0.0,
            0.0
        ],
        [
            0.0,
            0.28999999165534973,
            0.0
        ],
        [
            0.0,
            0.5799999833106995,
            0.0
        ],
        [
            0.0,
            0.8700000047683716,
            0.0
        ],
        [
            0.28999999165534973,
            0.0,
            0.0
        ],
        [
            0.28999999165534973,
            0.28999999165534973,
            0.0
        ],
        [
            0.28999999165534973,
            0.5799999833106995,
            0.0
        ],
        [
            0.28999999165534973,
            0.8700000047683716,
            0.0
        ],
        [
            0.5799999833106995,
            0.0,
            0.0
        ],
        [
            0.5799999833106995,
            0.28999999165534973,
            0.0
        ],
        [
            0.5799999833106995,
            0.5799999833106995,
            0.0
        ],
        [
            0.5799999833106995,
            0.8700000047683716,
            0.0
        ]
    ],
    "keypoints2d": [
        [
            927.3639526367188,
            717.7854614257812,
            1.0
        ],
        [
            898.3785400390625,
            686.8585815429688,
            1.0
        ],
        [
            872.455322265625,
            660.3219604492188,
            1.0
        ],
        [
            849.4996337890625,
            636.7291259765625,
            1.0
        ],
        [
            978.9935913085938,
            701.6345825195312,
            1.0
        ],
        [
            948.1412353515625,
            672.8961181640625,
            1.0
        ],
        [
            920.6387329101562,
            647.825927734375,
            1.0
        ],
        [
            896.135009765625,
            625.890869140625,
            1.0
        ],
        [
            1026.4293212890625,
            687.2487182617188,
            1.0
        ],
        [
            994.21484375,
            660.7210083007812,
            1.0
        ],
        [
            965.225341796875,
            637.0184326171875,
            1.0
        ],
        [
            939.5245361328125,
            615.84228515625,
            1.0
        ]
    ],
    "visited": true
}