{
    "keypoints3d": [
        [
            0.0,
            0.0,
            0.0
        ],
        [
            0.0,
            0.28999999165534973,
            0.0
        ],
        [
            0.0,
            0.5799999833106995,
            0.0
        ],
        [
            0.0,
            0.8700000047683716,
            0.0
        ],
        [
            0.28999999165534973,
            0.0,
            0.0
        ],
        [
            0.28999999165534973,
            0.28999999165534973,
            0.0
        ],
        [
            0.28999999165534973,
            0.5799999833106995,
            0.0
        ],
        [
            0.28999999165534973,
            0.8700000047683716,
            0.0
        ],
        [
            0.5799999833106995,
            0.0,
            0.0
        ],
        [
            0.5799999833106995,
            0.28999999165534973,
            0.0
        ],
        [
            0.5799999833106995,
            0.5799999833106995,
            0.0
        ],
        [
            0.5799999833106995,
            0.8700000047683716,
            0.0
        ]
    ],
    "keypoints2d": [
        [
            667.7967529296875,
            505.97125244140625,
            1.0
        ],
        [
            720.9182739257812,
            488.85455322265625,
            1.0
        ],
        [
            769.1371459960938,
            472.18975830078125,
            1.0
        ],
        [
            813.2713012695312,
            458.4681396484375,
            1.0
        ],
        [
            698.117431640625,
            532.5007934570312,
            1.0
        ],
        [
            752.0865478515625,
            512.2938842773438,
            1.0
        ],
        [
            800.3588256835938,
            494.0770263671875,
            1.0
        ],
        [
            844.7396850585938,
            478.76092529296875,
            1.0
        ],
        [
            731.4908447265625,
            561.3822021484375,
            1.0
        ],
        [
            786.107666015625,
            538.8817749023438,
            1.0
        ],
        [
            834.8387451171875,
            518.4594116210938,
            1.0
        ],
        [
            879.4580078125,
            500.7105407714844,
            1.0
        ]
    ],
    "visited": true
}