{
    "keypoints3d": [
        [
            0.0,
            0.0,
            0.0
        ],
        [
            0.0,
            0.28999999165534973,
            0.0
        ],
        [
            0.0,
            0.5799999833106995,
            0.0
        ],
        [
            0.0,
            0.8700000047683716,
            0.0
        ],
        [
            0.28999999165534973,
            0.0,
            0.0
        ],
        [
            0.28999999165534973,
            0.28999999165534973,
            0.0
        ],
        [
            0.28999999165534973,
            0.5799999833106995,
            0.0
        ],
        [
            0.28999999165534973,
            0.8700000047683716,
            0.0
        ],
        [
            0.5799999833106995,
            0.0,
            0.0
        ],
        [
            0.5799999833106995,
            0.28999999165534973,
            0.0
        ],
        [
            0.5799999833106995,
            0.5799999833106995,
            0.0
        ],
        [
            0.5799999833106995,
            0.8700000047683716,
            0.0
        ]
    ],
    "keypoints2d": [
        [
            698.7423706054688,
            605.2984008789062,
            1.0
        ],
        [
            715.4987182617188,
            622.9151611328125,
            1.0
        ],
        [
            733.36376953125,
            639.4815063476562,
            1.0
        ],
        [
            751.6123046875,
            654.771728515625,
            1.0
        ],
        [
            727.8001708984375,
            595.4546508789062,
            1.0
        ],
        [
            744.921875,
            610.2391357421875,
            1.0
        ],
        [
            762.3863525390625,
            624.3475341796875,
            1.0
        ],
        [
            781.4905395507812,
            641.3457641601562,
            1.0
        ],
        [
            754.996337890625,
            584.3525390625,
            1.0
        ],
        [
            772.4251708984375,
            597.8735961914062,
            1.0
        ],
        [
            790.19873046875,
            614.7792358398438,
            1.0
        ],
        [
            809.3667602539062,
            629.695556640625,
            1.0
        ]
    ],
    "visited": true
}