{
    "keypoints3d": [
        [
            0.0,
            0.0,
            0.0
        ],
        [
            0.0,
            0.28999999165534973,
            0.0
        ],
        [
            0.0,
            0.5799999833106995,
            0.0
        ],
        [
            0.0,
            0.8700000047683716,
            0.0
        ],
        [
            0.28999999165534973,
            0.0,
            0.0
        ],
        [
            0.28999999165534973,
            0.28999999165534973,
            0.0
        ],
        [
            0.28999999165534973,
            0.5799999833106995,
            0.0
        ],
        [
            0.28999999165534973,
            0.8700000047683716,
            0.0
        ],
        [
            0.5799999833106995,
            0.0,
            0.0
        ],
        [
            0.5799999833106995,
            0.28999999165534973,
            0.0
        ],
        [
            0.5799999833106995,
            0.5799999833106995,
            0.0
        ],
        [
            0.5799999833106995,
            0.8700000047683716,
            0.0
        ]
    ],
    "keypoints2d": [
        [
            927.3603515625,
            717.7860717773438,
            1.0
        ],
        [
            898.389892578125,
            686.8603515625,
            1.0
        ],
        [
            872.4566650390625,
            660.3256225585938,
            1.0
        ],
        [
            849.4842529296875,
            636.7290649414062,
            1.0
        ],
        [
            979.0062866210938,
            701.64013671875,
            1.0
        ],
        [
            948.1326904296875,
            672.89111328125,
            1.0
        ],
        [
            920.65087890625,
            647.8287353515625,
            1.0
        ],
        [
            896.1209716796875,
            625.8778686523438,
            1.0
        ],
        [
            1026.431884765625,
            687.2501220703125,
            1.0
        ],
        [
            994.2145385742188,
            660.7244262695312,
            1.0
        ],
        [
            965.2183227539062,
            637.01171875,
            1.0
        ],
        [
            939.5372314453125,
            615.8417358398438,
            1.0
        ]
    ],
    "visited": true
}