{
    "keypoints3d": [
        [
            0.0,
            0.0,
            0.0
        ],
        [
            0.0,
            0.28999999165534973,
            0.0
        ],
        [
            0.0,
            0.5799999833106995,
            0.0
        ],
        [
            0.0,
            0.8700000047683716,
            0.0
        ],
        [
            0.28999999165534973,
            0.0,
            0.0
        ],
        [
            0.28999999165534973,
            0.28999999165534973,
            0.0
        ],
        [
            0.28999999165534973,
            0.5799999833106995,
            0.0
        ],
        [
            0.28999999165534973,
            0.8700000047683716,
            0.0
        ],
        [
            0.5799999833106995,
            0.0,
            0.0
        ],
        [
            0.5799999833106995,
            0.28999999165534973,
            0.0
        ],
        [
            0.5799999833106995,
            0.5799999833106995,
            0.0
        ],
        [
            0.5799999833106995,
            0.8700000047683716,
            0.0
        ]
    ],
    "keypoints2d": [
        [
            927.3648681640625,
            717.7842407226562,
            1.0
        ],
        [
            898.3916625976562,
            686.8563232421875,
            1.0
        ],
        [
            872.4459228515625,
            660.32275390625,
            1.0
        ],
        [
            849.4995727539062,
            636.741943359375,
            1.0
        ],
        [
            978.9979248046875,
            701.636474609375,
            1.0
        ],
        [
            948.1286010742188,
            672.8948364257812,
            1.0
        ],
        [
            920.6134033203125,
            647.8173217773438,
            1.0
        ],
        [
            896.1323852539062,
            625.8900756835938,
            1.0
        ],
        [
            1026.420654296875,
            687.24609375,
            1.0
        ],
        [
            994.2200927734375,
            660.7302856445312,
            1.0
        ],
        [
            965.2258911132812,
            637.013916015625,
            1.0
        ],
        [
            939.5263671875,
            615.8348999023438,
            1.0
        ]
    ],
    "visited": true
}