{
    "keypoints3d": [
        [
            0.0,
            0.0,
            0.0
        ],
        [
            0.0,
            0.28999999165534973,
            0.0
        ],
        [
            0.0,
            0.5799999833106995,
            0.0
        ],
        [
            0.0,
            0.8700000047683716,
            0.0
        ],
        [
            0.28999999165534973,
            0.0,
            0.0
        ],
        [
            0.28999999165534973,
            0.28999999165534973,
            0.0
        ],
        [
            0.28999999165534973,
            0.5799999833106995,
            0.0
        ],
        [
            0.28999999165534973,
            0.8700000047683716,
            0.0
        ],
        [
            0.5799999833106995,
            0.0,
            0.0
        ],
        [
            0.5799999833106995,
            0.28999999165534973,
            0.0
        ],
        [
            0.5799999833106995,
            0.5799999833106995,
            0.0
        ],
        [
            0.5799999833106995,
            0.8700000047683716,
            0.0
        ]
    ],
    "keypoints2d": [
        [
            726.3693237304688,
            932.5474853515625,
            1.0
        ],
        [
            664.5643310546875,
            872.66455078125,
            1.0
        ],
        [
            609.8084716796875,
            819.1258544921875,
            1.0
        ],
        [
            561.2890625,
            771.4119873046875,
            1.0
        ],
        [
            803.0111694335938,
            868.1203002929688,
            1.0
        ],
        [
            742.3463745117188,
            817.0343017578125,
            1.0
        ],
        [
            687.885986328125,
            771.1304931640625,
            1.0
        ],
        [
            639.267333984375,
            729.6080932617188,
            1.0
        ],
        [
            866.8380126953125,
            813.8172607421875,
            1.0
        ],
        [
            807.8110961914062,
            769.657958984375,
            1.0
        ],
        [
            754.67822265625,
            729.5723876953125,
            1.0
        ],
        [
            706.1553955078125,
            693.4421997070312,
            1.0
        ]
    ],
    "visited": true
}