{
    "keypoints3d": [
        [
            0.0,
            0.0,
            0.0
        ],
        [
            0.0,
            0.28999999165534973,
            0.0
        ],
        [
            0.0,
            0.5799999833106995,
            0.0
        ],
        [
            0.0,
            0.8700000047683716,
            0.0
        ],
        [
            0.28999999165534973,
            0.0,
            0.0
        ],
        [
            0.28999999165534973,
            0.28999999165534973,
            0.0
        ],
        [
            0.28999999165534973,
            0.5799999833106995,
            0.0
        ],
        [
            0.28999999165534973,
            0.8700000047683716,
            0.0
        ],
        [
            0.5799999833106995,
            0.0,
            0.0
        ],
        [
            0.5799999833106995,
            0.28999999165534973,
            0.0
        ],
        [
            0.5799999833106995,
            0.5799999833106995,
            0.0
        ],
        [
            0.5799999833106995,
            0.8700000047683716,
            0.0
        ]
    ],
    "keypoints2d": [
        [
            774.817138671875,
            676.573974609375,
            1.0
        ],
        [
            835.4886474609375,
            632.4207153320312,
            1.0
        ],
        [
            888.3839721679688,
            594.1610107421875,
            1.0
        ],
        [
            934.8662719726562,
            560.15625,
            1.0
        ],
        [
            835.6421508789062,
            723.4824829101562,
            1.0
        ],
        [
            894.7936401367188,
            674.1217651367188,
            1.0
        ],
        [
            945.6246948242188,
            631.208740234375,
            1.0
        ],
        [
            990.044189453125,
            593.492919921875,
            1.0
        ],
        [
            902.964111328125,
            775.2164916992188,
            1.0
        ],
        [
            959.3109741210938,
            719.1781616210938,
            1.0
        ],
        [
            1007.7418823242188,
            671.4127197265625,
            1.0
        ],
        [
            1050.2928466796875,
            629.6165161132812,
            1.0
        ]
    ],
    "visited": true
}