{
    "keypoints3d": [
        [
            0.0,
            0.0,
            0.0
        ],
        [
            0.0,
            0.28999999165534973,
            0.0
        ],
        [
            0.0,
            0.5799999833106995,
            0.0
        ],
        [
            0.0,
            0.8700000047683716,
            0.0
        ],
        [
            0.28999999165534973,
            0.0,
            0.0
        ],
        [
            0.28999999165534973,
            0.28999999165534973,
            0.0
        ],
        [
            0.28999999165534973,
            0.5799999833106995,
            0.0
        ],
        [
            0.28999999165534973,
            0.8700000047683716,
            0.0
        ],
        [
            0.5799999833106995,
            0.0,
            0.0
        ],
        [
            0.5799999833106995,
            0.28999999165534973,
            0.0
        ],
        [
            0.5799999833106995,
            0.5799999833106995,
            0.0
        ],
        [
            0.5799999833106995,
            0.8700000047683716,
            0.0
        ]
    ],
    "keypoints2d": [
        [
            924.7235107421875,
            479.5797119140625,
            1.0
        ],
        [
            960.3380737304688,
            459.58074951171875,
            1.0
        ],
        [
            993.0323486328125,
            442.31707763671875,
            1.0
        ],
        [
            1023.1829833984375,
            426.42431640625,
            1.0
        ],
        [
            967.5345458984375,
            501.2467956542969,
            1.0
        ],
        [
            1002.6810302734375,
            479.7694396972656,
            1.0
        ],
        [
            1034.5086669921875,
            460.3680419921875,
            1.0
        ],
        [
            1063.803466796875,
            443.2543029785156,
            1.0
        ],
        [
            1014.12353515625,
            524.7225341796875,
            1.0
        ],
        [
            1048.0438232421875,
            501.6357421875,
            1.0
        ],
        [
            1078.820068359375,
            480.5992736816406,
            1.0
        ],
        [
            1107.072998046875,
            461.43194580078125,
            1.0
        ]
    ],
    "visited": true
}