{
    "keypoints3d": [
        [
            0.0,
            0.0,
            0.0
        ],
        [
            0.0,
            0.28999999165534973,
            0.0
        ],
        [
            0.0,
            0.5799999833106995,
            0.0
        ],
        [
            0.0,
            0.8700000047683716,
            0.0
        ],
        [
            0.28999999165534973,
            0.0,
            0.0
        ],
        [
            0.28999999165534973,
            0.28999999165534973,
            0.0
        ],
        [
            0.28999999165534973,
            0.5799999833106995,
            0.0
        ],
        [
            0.28999999165534973,
            0.8700000047683716,
            0.0
        ],
        [
            0.5799999833106995,
            0.0,
            0.0
        ],
        [
            0.5799999833106995,
            0.28999999165534973,
            0.0
        ],
        [
            0.5799999833106995,
            0.5799999833106995,
            0.0
        ],
        [
            0.5799999833106995,
            0.8700000047683716,
            0.0
        ]
    ],
    "keypoints2d": [
        [
            774.8110961914062,
            676.5839233398438,
            1.0
        ],
        [
            835.5490112304688,
            632.4728393554688,
            1.0
        ],
        [
            888.4208374023438,
            594.1797485351562,
            1.0
        ],
        [
            934.8131713867188,
            560.1853637695312,
            1.0
        ],
        [
            835.67431640625,
            723.424072265625,
            1.0
        ],
        [
            894.7496948242188,
            674.1592407226562,
            1.0
        ],
        [
            945.6580810546875,
            631.2236328125,
            1.0
        ],
        [
            990.0332641601562,
            593.4796142578125,
            1.0
        ],
        [
            902.94140625,
            775.213623046875,
            1.0
        ],
        [
            959.3240356445312,
            719.150390625,
            1.0
        ],
        [
            1007.7591552734375,
            671.375244140625,
            1.0
        ],
        [
            1050.255126953125,
            629.7260131835938,
            1.0
        ]
    ],
    "visited": true
}