{
    "keypoints3d": [
        [
            0.0,
            0.0,
            0.0
        ],
        [
            0.0,
            0.28999999165534973,
            0.0
        ],
        [
            0.0,
            0.5799999833106995,
            0.0
        ],
        [
            0.0,
            0.8700000047683716,
            0.0
        ],
        [
            0.28999999165534973,
            0.0,
            0.0
        ],
        [
            0.28999999165534973,
            0.28999999165534973,
            0.0
        ],
        [
            0.28999999165534973,
            0.5799999833106995,
            0.0
        ],
        [
            0.28999999165534973,
            0.8700000047683716,
            0.0
        ],
        [
            0.5799999833106995,
            0.0,
            0.0
        ],
        [
            0.5799999833106995,
            0.28999999165534973,
            0.0
        ],
        [
            0.5799999833106995,
            0.5799999833106995,
            0.0
        ],
        [
            0.5799999833106995,
            0.8700000047683716,
            0.0
        ]
    ],
    "keypoints2d": [
        [
            924.7337646484375,
            479.5765686035156,
            1.0
        ],
        [
            960.3391723632812,
            459.5964660644531,
            1.0
        ],
        [
            993.043212890625,
            442.3251037597656,
            1.0
        ],
        [
            1023.2119140625,
            426.42938232421875,
            1.0
        ],
        [
            967.519287109375,
            501.2524719238281,
            1.0
        ],
        [
            1002.6901245117188,
            479.7702331542969,
            1.0
        ],
        [
            1034.510498046875,
            460.38763427734375,
            1.0
        ],
        [
            1063.79296875,
            443.26629638671875,
            1.0
        ],
        [
            1014.1006469726562,
            524.73388671875,
            1.0
        ],
        [
            1048.0333251953125,
            501.6488952636719,
            1.0
        ],
        [
            1078.822998046875,
            480.6031799316406,
            1.0
        ],
        [
            1107.1158447265625,
            461.4311828613281,
            1.0
        ]
    ],
    "visited": true
}