{
    "keypoints3d": [
        [
            0.0,
            0.0,
            0.0
        ],
        [
            0.0,
            0.28999999165534973,
            0.0
        ],
        [
            0.0,
            0.5799999833106995,
            0.0
        ],
        [
            0.0,
            0.8700000047683716,
            0.0
        ],
        [
            0.28999999165534973,
            0.0,
            0.0
        ],
        [
            0.28999999165534973,
            0.28999999165534973,
            0.0
        ],
        [
            0.28999999165534973,
            0.5799999833106995,
            0.0
        ],
        [
            0.28999999165534973,
            0.8700000047683716,
            0.0
        ],
        [
            0.5799999833106995,
            0.0,
            0.0
        ],
        [
            0.5799999833106995,
            0.28999999165534973,
            0.0
        ],
        [
            0.5799999833106995,
            0.5799999833106995,
            0.0
        ],
        [
            0.5799999833106995,
            0.8700000047683716,
            0.0
        ]
    ],
    "keypoints2d": [
        [
            924.6807861328125,
            479.59857177734375,
            1.0
        ],
        [
            960.4193725585938,
            459.595947265625,
            1.0
        ],
        [
            993.104248046875,
            442.2999572753906,
            1.0
        ],
        [
            1023.2570190429688,
            426.4201354980469,
            1.0
        ],
        [
            967.55419921875,
            501.23248291015625,
            1.0
        ],
        [
            1002.642578125,
            479.7928466796875,
            1.0
        ],
        [
            1034.48486328125,
            460.373779296875,
            1.0
        ],
        [
            1063.7242431640625,
            443.2924499511719,
            1.0
        ],
        [
            1014.1353759765625,
            524.744140625,
            1.0
        ],
        [
            1048.0443115234375,
            501.6429748535156,
            1.0
        ],
        [
            1078.7957763671875,
            480.5744323730469,
            1.0
        ],
        [
            1107.1922607421875,
            461.4437561035156,
            1.0
        ]
    ],
    "visited": true
}