{
    "keypoints3d": [
        [
            0.0,
            0.0,
            0.0
        ],
        [
            0.0,
            0.28999999165534973,
            0.0
        ],
        [
            0.0,
            0.5799999833106995,
            0.0
        ],
        [
            0.0,
            0.8700000047683716,
            0.0
        ],
        [
            0.28999999165534973,
            0.0,
            0.0
        ],
        [
            0.28999999165534973,
            0.28999999165534973,
            0.0
        ],
        [
            0.28999999165534973,
            0.5799999833106995,
            0.0
        ],
        [
            0.28999999165534973,
            0.8700000047683716,
            0.0
        ],
        [
            0.5799999833106995,
            0.0,
            0.0
        ],
        [
            0.5799999833106995,
            0.28999999165534973,
            0.0
        ],
        [
            0.5799999833106995,
            0.5799999833106995,
            0.0
        ],
        [
            0.5799999833106995,
            0.8700000047683716,
            0.0
        ]
    ],
    "keypoints2d": [
        [
            737.4310913085938,
            538.2994384765625,
            1.0
        ],
        [
            776.0533447265625,
            554.1433715820312,
            1.0
        ],
        [
            816.8656616210938,
            571.4949340820312,
            1.0
        ],
        [
            860.7410278320312,
            590.2398681640625,
            1.0
        ],
        [
            696.705078125,
            558.6163940429688,
            1.0
        ],
        [
            735.95556640625,
            576.0347290039062,
            1.0
        ],
        [
            778.078857421875,
            595.3416748046875,
            1.0
        ],
        [
            823.2461547851562,
            615.82470703125,
            1.0
        ],
        [
            651.0707397460938,
            581.5604858398438,
            1.0
        ],
        [
            691.3823852539062,
            601.5884399414062,
            1.0
        ],
        [
            734.4137573242188,
            622.6734619140625,
            1.0
        ],
        [
            780.7821655273438,
            645.341552734375,
            1.0
        ]
    ],
    "visited": true
}