{
    "keypoints3d": [
        [
            0.0,
            0.0,
            0.0
        ],
        [
            0.0,
            0.28999999165534973,
            0.0
        ],
        [
            0.0,
            0.5799999833106995,
            0.0
        ],
        [
            0.0,
            0.8700000047683716,
            0.0
        ],
        [
            0.28999999165534973,
            0.0,
            0.0
        ],
        [
            0.28999999165534973,
            0.28999999165534973,
            0.0
        ],
        [
            0.28999999165534973,
            0.5799999833106995,
            0.0
        ],
        [
            0.28999999165534973,
            0.8700000047683716,
            0.0
        ],
        [
            0.5799999833106995,
            0.0,
            0.0
        ],
        [
            0.5799999833106995,
            0.28999999165534973,
            0.0
        ],
        [
            0.5799999833106995,
            0.5799999833106995,
            0.0
        ],
        [
            0.5799999833106995,
            0.8700000047683716,
            0.0
        ]
    ],
    "keypoints2d": [
        [
            994.1124877929688,
            504.7042236328125,
            1.0
        ],
        [
            958.9236450195312,
            480.84075927734375,
            1.0
        ],
        [
            926.9378051757812,
            460.3932189941406,
            1.0
        ],
        [
            897.7612915039062,
            441.8421630859375,
            1.0
        ],
        [
            1035.826904296875,
            487.251220703125,
            1.0
        ],
        [
            1000.3616943359375,
            465.009033203125,
            1.0
        ],
        [
            967.4959716796875,
            445.6443786621094,
            1.0
        ],
        [
            937.5830688476562,
            428.0001220703125,
            1.0
        ],
        [
            1074.661376953125,
            470.9664001464844,
            1.0
        ],
        [
            1038.5233154296875,
            450.6184997558594,
            1.0
        ],
        [
            1005.4236450195312,
            432.3130187988281,
            1.0
        ],
        [
            974.7167358398438,
            415.41680908203125,
            1.0
        ]
    ],
    "visited": true
}