{
    "keypoints3d": [
        [
            0.0,
            0.0,
            0.0
        ],
        [
            0.0,
            0.28999999165534973,
            0.0
        ],
        [
            0.0,
            0.5799999833106995,
            0.0
        ],
        [
            0.0,
            0.8700000047683716,
            0.0
        ],
        [
            0.28999999165534973,
            0.0,
            0.0
        ],
        [
            0.28999999165534973,
            0.28999999165534973,
            0.0
        ],
        [
            0.28999999165534973,
            0.5799999833106995,
            0.0
        ],
        [
            0.28999999165534973,
            0.8700000047683716,
            0.0
        ],
        [
            0.5799999833106995,
            0.0,
            0.0
        ],
        [
            0.5799999833106995,
            0.28999999165534973,
            0.0
        ],
        [
            0.5799999833106995,
            0.5799999833106995,
            0.0
        ],
        [
            0.5799999833106995,
            0.8700000047683716,
            0.0
        ]
    ],
    "keypoints2d": [
        [
            924.7168579101562,
            479.5852966308594,
            1.0
        ],
        [
            960.349609375,
            459.5788269042969,
            1.0
        ],
        [
            993.0518798828125,
            442.3272705078125,
            1.0
        ],
        [
            1023.1704711914062,
            426.4279479980469,
            1.0
        ],
        [
            967.5164184570312,
            501.2413635253906,
            1.0
        ],
        [
            1002.68994140625,
            479.7606506347656,
            1.0
        ],
        [
            1034.5030517578125,
            460.3654479980469,
            1.0
        ],
        [
            1063.8095703125,
            443.25360107421875,
            1.0
        ],
        [
            1014.1137084960938,
            524.7301025390625,
            1.0
        ],
        [
            1048.052978515625,
            501.64337158203125,
            1.0
        ],
        [
            1078.8304443359375,
            480.5962219238281,
            1.0
        ],
        [
            1107.08349609375,
            461.4293518066406,
            1.0
        ]
    ],
    "visited": true
}