{
    "keypoints3d": [
        [
            0.0,
            0.0,
            0.0
        ],
        [
            0.0,
            0.28999999165534973,
            0.0
        ],
        [
            0.0,
            0.5799999833106995,
            0.0
        ],
        [
            0.0,
            0.8700000047683716,
            0.0
        ],
        [
            0.28999999165534973,
            0.0,
            0.0
        ],
        [
            0.28999999165534973,
            0.28999999165534973,
            0.0
        ],
        [
            0.28999999165534973,
            0.5799999833106995,
            0.0
        ],
        [
            0.28999999165534973,
            0.8700000047683716,
            0.0
        ],
        [
            0.5799999833106995,
            0.0,
            0.0
        ],
        [
            0.5799999833106995,
            0.28999999165534973,
            0.0
        ],
        [
            0.5799999833106995,
            0.5799999833106995,
            0.0
        ],
        [
            0.5799999833106995,
            0.8700000047683716,
            0.0
        ]
    ],
    "keypoints2d": [
        [
            737.5089721679688,
            538.3130493164062,
            1.0
        ],
        [
            776.0623779296875,
            554.1668701171875,
            1.0
        ],
        [
            816.8841552734375,
            571.5001831054688,
            1.0
        ],
        [
            860.7076416015625,
            590.2462158203125,
            1.0
        ],
        [
            696.6730346679688,
            558.6192016601562,
            1.0
        ],
        [
            735.9705200195312,
            576.0950927734375,
            1.0
        ],
        [
            778.0361938476562,
            595.357666015625,
            1.0
        ],
        [
            823.2415771484375,
            615.8373413085938,
            1.0
        ],
        [
            651.0677490234375,
            581.5784301757812,
            1.0
        ],
        [
            691.320068359375,
            601.5645141601562,
            1.0
        ],
        [
            734.3084716796875,
            622.6749267578125,
            1.0
        ],
        [
            780.7454223632812,
            645.3285522460938,
            1.0
        ]
    ],
    "visited": true
}