{
    "keypoints3d": [
        [
            0.0,
            0.0,
            0.0
        ],
        [
            0.0,
            0.28999999165534973,
            0.0
        ],
        [
            0.0,
            0.5799999833106995,
            0.0
        ],
        [
            0.0,
            0.8700000047683716,
            0.0
        ],
        [
            0.28999999165534973,
            0.0,
            0.0
        ],
        [
            0.28999999165534973,
            0.28999999165534973,
            0.0
        ],
        [
            0.28999999165534973,
            0.5799999833106995,
            0.0
        ],
        [
            0.28999999165534973,
            0.8700000047683716,
            0.0
        ],
        [
            0.5799999833106995,
            0.0,
            0.0
        ],
        [
            0.5799999833106995,
            0.28999999165534973,
            0.0
        ],
        [
            0.5799999833106995,
            0.5799999833106995,
            0.0
        ],
        [
            0.5799999833106995,
            0.8700000047683716,
            0.0
        ]
    ],
    "keypoints2d": [
        [
            774.7889404296875,
            676.570068359375,
            1.0
        ],
        [
            835.5721435546875,
            632.4721069335938,
            1.0
        ],
        [
            888.4229125976562,
            594.1678466796875,
            1.0
        ],
        [
            934.7899169921875,
            560.1900024414062,
            1.0
        ],
        [
            835.6627197265625,
            723.4153442382812,
            1.0
        ],
        [
            894.7423095703125,
            674.1604614257812,
            1.0
        ],
        [
            945.6714477539062,
            631.2288208007812,
            1.0
        ],
        [
            990.0309448242188,
            593.4791259765625,
            1.0
        ],
        [
            902.9536743164062,
            775.2178955078125,
            1.0
        ],
        [
            959.3104248046875,
            719.150390625,
            1.0
        ],
        [
            1007.7944946289062,
            671.3892822265625,
            1.0
        ],
        [
            1050.2467041015625,
            629.75439453125,
            1.0
        ]
    ],
    "visited": true
}