{
    "keypoints3d": [
        [
            0.0,
            0.0,
            0.0
        ],
        [
            0.0,
            0.28999999165534973,
            0.0
        ],
        [
            0.0,
            0.5799999833106995,
            0.0
        ],
        [
            0.0,
            0.8700000047683716,
            0.0
        ],
        [
            0.28999999165534973,
            0.0,
            0.0
        ],
        [
            0.28999999165534973,
            0.28999999165534973,
            0.0
        ],
        [
            0.28999999165534973,
            0.5799999833106995,
            0.0
        ],
        [
            0.28999999165534973,
            0.8700000047683716,
            0.0
        ],
        [
            0.5799999833106995,
            0.0,
            0.0
        ],
        [
            0.5799999833106995,
            0.28999999165534973,
            0.0
        ],
        [
            0.5799999833106995,
            0.5799999833106995,
            0.0
        ],
        [
            0.5799999833106995,
            0.8700000047683716,
            0.0
        ]
    ],
    "keypoints2d": [
        [
            1047.2958984375,
            896.7115478515625,
            1.0
        ],
        [
            978.1622314453125,
            838.7479248046875,
            1.0
        ],
        [
            918.02978515625,
            787.7854614257812,
            1.0
        ],
        [
            865.07275390625,
            743.2857666015625,
            1.0
        ],
        [
            1105.209716796875,
            830.8645629882812,
            1.0
        ],
        [
            1036.674560546875,
            780.876708984375,
            1.0
        ],
        [
            976.776123046875,
            736.6098022460938,
            1.0
        ],
        [
            923.5020751953125,
            697.43896484375,
            1.0
        ],
        [
            1155.7232666015625,
            773.5638427734375,
            1.0
        ],
        [
            1088.473388671875,
            729.7606201171875,
            1.0
        ],
        [
            1028.7552490234375,
            691.1266479492188,
            1.0
        ],
        [
            975.5269775390625,
            656.441650390625,
            1.0
        ]
    ],
    "visited": true
}