{
    "keypoints3d": [
        [
            0.0,
            0.0,
            0.0
        ],
        [
            0.0,
            0.28999999165534973,
            0.0
        ],
        [
            0.0,
            0.5799999833106995,
            0.0
        ],
        [
            0.0,
            0.8700000047683716,
            0.0
        ],
        [
            0.28999999165534973,
            0.0,
            0.0
        ],
        [
            0.28999999165534973,
            0.28999999165534973,
            0.0
        ],
        [
            0.28999999165534973,
            0.5799999833106995,
            0.0
        ],
        [
            0.28999999165534973,
            0.8700000047683716,
            0.0
        ],
        [
            0.5799999833106995,
            0.0,
            0.0
        ],
        [
            0.5799999833106995,
            0.28999999165534973,
            0.0
        ],
        [
            0.5799999833106995,
            0.5799999833106995,
            0.0
        ],
        [
            0.5799999833106995,
            0.8700000047683716,
            0.0
        ]
    ],
    "keypoints2d": [
        [
            774.7904052734375,
            676.5648193359375,
            1.0
        ],
        [
            835.565185546875,
            632.482177734375,
            1.0
        ],
        [
            888.4276733398438,
            594.1718139648438,
            1.0
        ],
        [
            934.7871704101562,
            560.1934204101562,
            1.0
        ],
        [
            835.6736450195312,
            723.418701171875,
            1.0
        ],
        [
            894.7417602539062,
            674.1625366210938,
            1.0
        ],
        [
            945.663330078125,
            631.228515625,
            1.0
        ],
        [
            990.0330810546875,
            593.4730224609375,
            1.0
        ],
        [
            902.9497680664062,
            775.2263793945312,
            1.0
        ],
        [
            959.3138427734375,
            719.1585693359375,
            1.0
        ],
        [
            1007.7899780273438,
            671.3888549804688,
            1.0
        ],
        [
            1050.249267578125,
            629.73046875,
            1.0
        ]
    ],
    "visited": true
}