{
    "keypoints3d": [
        [
            0.0,
            0.0,
            0.0
        ],
        [
            0.0,
            0.28999999165534973,
            0.0
        ],
        [
            0.0,
            0.5799999833106995,
            0.0
        ],
        [
            0.0,
            0.8700000047683716,
            0.0
        ],
        [
            0.28999999165534973,
            0.0,
            0.0
        ],
        [
            0.28999999165534973,
            0.28999999165534973,
            0.0
        ],
        [
            0.28999999165534973,
            0.5799999833106995,
            0.0
        ],
        [
            0.28999999165534973,
            0.8700000047683716,
            0.0
        ],
        [
            0.5799999833106995,
            0.0,
            0.0
        ],
        [
            0.5799999833106995,
            0.28999999165534973,
            0.0
        ],
        [
            0.5799999833106995,
            0.5799999833106995,
            0.0
        ],
        [
            0.5799999833106995,
            0.8700000047683716,
            0.0
        ]
    ],
    "keypoints2d": [
        [
            927.34814453125,
            717.77490234375,
            1.0
        ],
        [
            898.388671875,
            686.8565673828125,
            1.0
        ],
        [
            872.4682006835938,
            660.3446044921875,
            1.0
        ],
        [
            849.490966796875,
            636.7635498046875,
            1.0
        ],
        [
            978.9955444335938,
            701.645751953125,
            1.0
        ],
        [
            948.1353149414062,
            672.9098510742188,
            1.0
        ],
        [
            920.605712890625,
            647.8118286132812,
            1.0
        ],
        [
            896.1250610351562,
            625.8936767578125,
            1.0
        ],
        [
            1026.4036865234375,
            687.2409057617188,
            1.0
        ],
        [
            994.2217407226562,
            660.724365234375,
            1.0
        ],
        [
            965.2301025390625,
            637.0288696289062,
            1.0
        ],
        [
            939.5130004882812,
            615.8237915039062,
            1.0
        ]
    ],
    "visited": true
}