{
    "keypoints3d": [
        [
            0.0,
            0.0,
            0.0
        ],
        [
            0.0,
            0.28999999165534973,
            0.0
        ],
        [
            0.0,
            0.5799999833106995,
            0.0
        ],
        [
            0.0,
            0.8700000047683716,
            0.0
        ],
        [
            0.28999999165534973,
            0.0,
            0.0
        ],
        [
            0.28999999165534973,
            0.28999999165534973,
            0.0
        ],
        [
            0.28999999165534973,
            0.5799999833106995,
            0.0
        ],
        [
            0.28999999165534973,
            0.8700000047683716,
            0.0
        ],
        [
            0.5799999833106995,
            0.0,
            0.0
        ],
        [
            0.5799999833106995,
            0.28999999165534973,
            0.0
        ],
        [
            0.5799999833106995,
            0.5799999833106995,
            0.0
        ],
        [
            0.5799999833106995,
            0.8700000047683716,
            0.0
        ]
    ],
    "keypoints2d": [
        [
            760.9669189453125,
            657.2903442382812,
            1.0
        ],
        [
            831.6539306640625,
            628.4122314453125,
            1.0
        ],
        [
            894.6978759765625,
            602.303955078125,
            1.0
        ],
        [
            951.3643188476562,
            578.1338500976562,
            1.0
        ],
        [
            801.5086669921875,
            712.7433471679688,
            1.0
        ],
        [
            874.072509765625,
            678.4691162109375,
            1.0
        ],
        [
            938.3004760742188,
            648.2224731445312,
            1.0
        ],
        [
            995.4566650390625,
            620.5795288085938,
            1.0
        ],
        [
            847.645751953125,
            775.8790893554688,
            1.0
        ],
        [
            921.8270874023438,
            735.3837280273438,
            1.0
        ],
        [
            986.7816772460938,
            700.0098876953125,
            1.0
        ],
        [
            1044.4974365234375,
            667.6724853515625,
            1.0
        ]
    ],
    "visited": true
}