{
    "keypoints3d": [
        [
            0.0,
            0.0,
            0.0
        ],
        [
            0.0,
            0.28999999165534973,
            0.0
        ],
        [
            0.0,
            0.5799999833106995,
            0.0
        ],
        [
            0.0,
            0.8700000047683716,
            0.0
        ],
        [
            0.28999999165534973,
            0.0,
            0.0
        ],
        [
            0.28999999165534973,
            0.28999999165534973,
            0.0
        ],
        [
            0.28999999165534973,
            0.5799999833106995,
            0.0
        ],
        [
            0.28999999165534973,
            0.8700000047683716,
            0.0
        ],
        [
            0.5799999833106995,
            0.0,
            0.0
        ],
        [
            0.5799999833106995,
            0.28999999165534973,
            0.0
        ],
        [
            0.5799999833106995,
            0.5799999833106995,
            0.0
        ],
        [
            0.5799999833106995,
            0.8700000047683716,
            0.0
        ]
    ],
    "keypoints2d": [
        [
            584.31982421875,
            529.934814453125,
            1.0
        ],
        [
            558.7553100585938,
            501.70819091796875,
            1.0
        ],
        [
            535.1974487304688,
            475.4209289550781,
            1.0
        ],
        [
            513.525146484375,
            452.2686462402344,
            1.0
        ],
        [
            646.0989379882812,
            512.2007446289062,
            1.0
        ],
        [
            618.6964721679688,
            485.5496826171875,
            1.0
        ],
        [
            593.8081665039062,
            461.2323303222656,
            1.0
        ],
        [
            570.9894409179688,
            439.62835693359375,
            1.0
        ],
        [
            701.5281982421875,
            494.8761291503906,
            1.0
        ],
        [
            673.5013427734375,
            470.7582702636719,
            1.0
        ],
        [
            647.5991821289062,
            448.3218688964844,
            1.0
        ],
        [
            623.2521362304688,
            428.0101623535156,
            1.0
        ]
    ],
    "visited": true
}