{
    "keypoints3d": [
        [
            0.0,
            0.0,
            0.0
        ],
        [
            0.0,
            0.28999999165534973,
            0.0
        ],
        [
            0.0,
            0.5799999833106995,
            0.0
        ],
        [
            0.0,
            0.8700000047683716,
            0.0
        ],
        [
            0.28999999165534973,
            0.0,
            0.0
        ],
        [
            0.28999999165534973,
            0.28999999165534973,
            0.0
        ],
        [
            0.28999999165534973,
            0.5799999833106995,
            0.0
        ],
        [
            0.28999999165534973,
            0.8700000047683716,
            0.0
        ],
        [
            0.5799999833106995,
            0.0,
            0.0
        ],
        [
            0.5799999833106995,
            0.28999999165534973,
            0.0
        ],
        [
            0.5799999833106995,
            0.5799999833106995,
            0.0
        ],
        [
            0.5799999833106995,
            0.8700000047683716,
            0.0
        ]
    ],
    "keypoints2d": [
        [
            737.5217895507812,
            538.30908203125,
            1.0
        ],
        [
            776.0580444335938,
            554.1652221679688,
            1.0
        ],
        [
            816.8683471679688,
            571.504150390625,
            1.0
        ],
        [
            860.7168579101562,
            590.2453002929688,
            1.0
        ],
        [
            696.6630249023438,
            558.6234741210938,
            1.0
        ],
        [
            735.9658203125,
            576.0877685546875,
            1.0
        ],
        [
            778.03271484375,
            595.3588256835938,
            1.0
        ],
        [
            823.2483520507812,
            615.8406982421875,
            1.0
        ],
        [
            651.0718383789062,
            581.57177734375,
            1.0
        ],
        [
            691.327392578125,
            601.5553588867188,
            1.0
        ],
        [
            734.2965087890625,
            622.675048828125,
            1.0
        ],
        [
            780.7468872070312,
            645.3323974609375,
            1.0
        ]
    ],
    "visited": true
}