{
    "keypoints3d": [
        [
            0.0,
            0.0,
            0.0
        ],
        [
            0.0,
            0.28999999165534973,
            0.0
        ],
        [
            0.0,
            0.5799999833106995,
            0.0
        ],
        [
            0.0,
            0.8700000047683716,
            0.0
        ],
        [
            0.28999999165534973,
            0.0,
            0.0
        ],
        [
            0.28999999165534973,
            0.28999999165534973,
            0.0
        ],
        [
            0.28999999165534973,
            0.5799999833106995,
            0.0
        ],
        [
            0.28999999165534973,
            0.8700000047683716,
            0.0
        ],
        [
            0.5799999833106995,
            0.0,
            0.0
        ],
        [
            0.5799999833106995,
            0.28999999165534973,
            0.0
        ],
        [
            0.5799999833106995,
            0.5799999833106995,
            0.0
        ],
        [
            0.5799999833106995,
            0.8700000047683716,
            0.0
        ]
    ],
    "keypoints2d": [
        [
            1189.6441650390625,
            842.8836669921875,
            1.0
        ],
        [
            1130.56201171875,
            767.4559936523438,
            1.0
        ],
        [
            1080.7760009765625,
            703.995361328125,
            1.0
        ],
        [
            1038.5904541015625,
            649.4859619140625,
            1.0
        ],
        [
            1267.2669677734375,
            798.3765258789062,
            1.0
        ],
        [
            1204.1536865234375,
            729.4088745117188,
            1.0
        ],
        [
            1150.5797119140625,
            671.3015747070312,
            1.0
        ],
        [
            1104.622802734375,
            620.7726440429688,
            1.0
        ],
        [
            1338.2156982421875,
            757.3126220703125,
            1.0
        ],
        [
            1271.7994384765625,
            694.3341674804688,
            1.0
        ],
        [
            1215.10009765625,
            640.5700073242188,
            1.0
        ],
        [
            1166.1412353515625,
            593.8567504882812,
            1.0
        ]
    ],
    "visited": true
}