{
    "keypoints3d": [
        [
            0.0,
            0.0,
            0.0
        ],
        [
            0.0,
            0.28999999165534973,
            0.0
        ],
        [
            0.0,
            0.5799999833106995,
            0.0
        ],
        [
            0.0,
            0.8700000047683716,
            0.0
        ],
        [
            0.28999999165534973,
            0.0,
            0.0
        ],
        [
            0.28999999165534973,
            0.28999999165534973,
            0.0
        ],
        [
            0.28999999165534973,
            0.5799999833106995,
            0.0
        ],
        [
            0.28999999165534973,
            0.8700000047683716,
            0.0
        ],
        [
            0.5799999833106995,
            0.0,
            0.0
        ],
        [
            0.5799999833106995,
            0.28999999165534973,
            0.0
        ],
        [
            0.5799999833106995,
            0.5799999833106995,
            0.0
        ],
        [
            0.5799999833106995,
            0.8700000047683716,
            0.0
        ]
    ],
    "keypoints2d": [
        [
            841.9144287109375,
            668.6177368164062,
            1.0
        ],
        [
            911.3809814453125,
            641.225341796875,
            1.0
        ],
        [
            973.8992309570312,
            616.27099609375,
            1.0
        ],
        [
            1030.7445068359375,
            593.088623046875,
            1.0
        ],
        [
            882.5369262695312,
            727.6466064453125,
            1.0
        ],
        [
            954.24169921875,
            694.7986450195312,
            1.0
        ],
        [
            1018.3610229492188,
            665.5242919921875,
            1.0
        ],
        [
            1076.3812255859375,
            638.6224365234375,
            1.0
        ],
        [
            929.14794921875,
            795.3861083984375,
            1.0
        ],
        [
            1002.8868408203125,
            756.21435546875,
            1.0
        ],
        [
            1068.708740234375,
            721.5076904296875,
            1.0
        ],
        [
            1127.6207275390625,
            689.7809448242188,
            1.0
        ]
    ],
    "visited": true
}