{
    "keypoints3d": [
        [
            0.0,
            0.0,
            0.0
        ],
        [
            0.0,
            0.28999999165534973,
            0.0
        ],
        [
            0.0,
            0.5799999833106995,
            0.0
        ],
        [
            0.0,
            0.8700000047683716,
            0.0
        ],
        [
            0.28999999165534973,
            0.0,
            0.0
        ],
        [
            0.28999999165534973,
            0.28999999165534973,
            0.0
        ],
        [
            0.28999999165534973,
            0.5799999833106995,
            0.0
        ],
        [
            0.28999999165534973,
            0.8700000047683716,
            0.0
        ],
        [
            0.5799999833106995,
            0.0,
            0.0
        ],
        [
            0.5799999833106995,
            0.28999999165534973,
            0.0
        ],
        [
            0.5799999833106995,
            0.5799999833106995,
            0.0
        ],
        [
            0.5799999833106995,
            0.8700000047683716,
            0.0
        ]
    ],
    "keypoints2d": [
        [
            785.919189453125,
            506.6405029296875,
            1.0
        ],
        [
            821.3643798828125,
            519.5532836914062,
            1.0
        ],
        [
            859.8240966796875,
            534.5060424804688,
            1.0
        ],
        [
            901.2442626953125,
            550.7565307617188,
            1.0
        ],
        [
            744.6736450195312,
            531.4552001953125,
            1.0
        ],
        [
            780.4622802734375,
            546.175048828125,
            1.0
        ],
        [
            818.9135131835938,
            562.4774780273438,
            1.0
        ],
        [
            860.7862548828125,
            580.9449462890625,
            1.0
        ],
        [
            699.5971069335938,
            558.5833129882812,
            1.0
        ],
        [
            735.3069458007812,
            575.7725219726562,
            1.0
        ],
        [
            773.8208618164062,
            594.3567504882812,
            1.0
        ],
        [
            815.6210327148438,
            614.9168701171875,
            1.0
        ]
    ],
    "visited": true
}