{
    "keypoints3d": [
        [
            0.0,
            0.0,
            0.0
        ],
        [
            0.0,
            0.28999999165534973,
            0.0
        ],
        [
            0.0,
            0.5799999833106995,
            0.0
        ],
        [
            0.0,
            0.8700000047683716,
            0.0
        ],
        [
            0.28999999165534973,
            0.0,
            0.0
        ],
        [
            0.28999999165534973,
            0.28999999165534973,
            0.0
        ],
        [
            0.28999999165534973,
            0.5799999833106995,
            0.0
        ],
        [
            0.28999999165534973,
            0.8700000047683716,
            0.0
        ],
        [
            0.5799999833106995,
            0.0,
            0.0
        ],
        [
            0.5799999833106995,
            0.28999999165534973,
            0.0
        ],
        [
            0.5799999833106995,
            0.5799999833106995,
            0.0
        ],
        [
            0.5799999833106995,
            0.8700000047683716,
            0.0
        ]
    ],
    "keypoints2d": [
        [
            812.1493530273438,
            597.920166015625,
            1.0
        ],
        [
            853.3984985351562,
            639.3977661132812,
            1.0
        ],
        [
            899.7061767578125,
            686.4484252929688,
            1.0
        ],
        [
            951.8965454101562,
            739.3875122070312,
            1.0
        ],
        [
            746.62451171875,
            627.2036743164062,
            1.0
        ],
        [
            786.4345703125,
            673.2440185546875,
            1.0
        ],
        [
            831.2981567382812,
            725.4232177734375,
            1.0
        ],
        [
            882.5952758789062,
            784.980712890625,
            1.0
        ],
        [
            673.0512084960938,
            659.986083984375,
            1.0
        ],
        [
            710.6488037109375,
            711.2713012695312,
            1.0
        ],
        [
            753.3890380859375,
            769.7950439453125,
            1.0
        ],
        [
            802.556396484375,
            836.9373779296875,
            1.0
        ]
    ],
    "visited": true
}