{
    "keypoints3d": [
        [
            0.0,
            0.0,
            0.0
        ],
        [
            0.0,
            0.28999999165534973,
            0.0
        ],
        [
            0.0,
            0.5799999833106995,
            0.0
        ],
        [
            0.0,
            0.8700000047683716,
            0.0
        ],
        [
            0.28999999165534973,
            0.0,
            0.0
        ],
        [
            0.28999999165534973,
            0.28999999165534973,
            0.0
        ],
        [
            0.28999999165534973,
            0.5799999833106995,
            0.0
        ],
        [
            0.28999999165534973,
            0.8700000047683716,
            0.0
        ],
        [
            0.5799999833106995,
            0.0,
            0.0
        ],
        [
            0.5799999833106995,
            0.28999999165534973,
            0.0
        ],
        [
            0.5799999833106995,
            0.5799999833106995,
            0.0
        ],
        [
            0.5799999833106995,
            0.8700000047683716,
            0.0
        ]
    ],
    "keypoints2d": [
        [
            1025.7457275390625,
            670.5625,
            1.0
        ],
        [
            1065.5577392578125,
            653.2716064453125,
            1.0
        ],
        [
            1102.1910400390625,
            637.5667114257812,
            1.0
        ],
        [
            1136.2327880859375,
            623.1314086914062,
            1.0
        ],
        [
            1063.6533203125,
            693.7225341796875,
            1.0
        ],
        [
            1104.132080078125,
            674.4400024414062,
            1.0
        ],
        [
            1141.27587890625,
            657.065673828125,
            1.0
        ],
        [
            1175.5947265625,
            641.0164794921875,
            1.0
        ],
        [
            1106.3538818359375,
            719.9179077148438,
            1.0
        ],
        [
            1147.2913818359375,
            698.964111328125,
            1.0
        ],
        [
            1184.7841796875,
            679.3588256835938,
            1.0
        ],
        [
            1219.271484375,
            660.9892578125,
            1.0
        ]
    ],
    "visited": true
}