{
    "keypoints3d": [
        [
            0.0,
            0.0,
            0.0
        ],
        [
            0.0,
            0.28999999165534973,
            0.0
        ],
        [
            0.0,
            0.5799999833106995,
            0.0
        ],
        [
            0.0,
            0.8700000047683716,
            0.0
        ],
        [
            0.28999999165534973,
            0.0,
            0.0
        ],
        [
            0.28999999165534973,
            0.28999999165534973,
            0.0
        ],
        [
            0.28999999165534973,
            0.5799999833106995,
            0.0
        ],
        [
            0.28999999165534973,
            0.8700000047683716,
            0.0
        ],
        [
            0.5799999833106995,
            0.0,
            0.0
        ],
        [
            0.5799999833106995,
            0.28999999165534973,
            0.0
        ],
        [
            0.5799999833106995,
            0.5799999833106995,
            0.0
        ],
        [
            0.5799999833106995,
            0.8700000047683716,
            0.0
        ]
    ],
    "keypoints2d": [
        [
            1181.2462158203125,
            705.2454833984375,
            1.0
        ],
        [
            1122.7763671875,
            737.8258056640625,
            1.0
        ],
        [
            1057.8878173828125,
            774.09130859375,
            1.0
        ],
        [
            984.9569091796875,
            815.071533203125,
            1.0
        ],
        [
            1127.634033203125,
            654.9398193359375,
            1.0
        ],
        [
            1070.5233154296875,
            683.2301635742188,
            1.0
        ],
        [
            1007.0377807617188,
            713.9360961914062,
            1.0
        ],
        [
            936.6607055664062,
            748.4711303710938,
            1.0
        ],
        [
            1080.623291015625,
            610.5745849609375,
            1.0
        ],
        [
            1024.3695068359375,
            634.69970703125,
            1.0
        ],
        [
            962.9163208007812,
            661.458740234375,
            1.0
        ],
        [
            894.8033447265625,
            690.556640625,
            1.0
        ]
    ],
    "visited": true
}