{
    "keypoints3d": [
        [
            0.0,
            0.0,
            0.0
        ],
        [
            0.0,
            0.28999999165534973,
            0.0
        ],
        [
            0.0,
            0.5799999833106995,
            0.0
        ],
        [
            0.0,
            0.8700000047683716,
            0.0
        ],
        [
            0.28999999165534973,
            0.0,
            0.0
        ],
        [
            0.28999999165534973,
            0.28999999165534973,
            0.0
        ],
        [
            0.28999999165534973,
            0.5799999833106995,
            0.0
        ],
        [
            0.28999999165534973,
            0.8700000047683716,
            0.0
        ],
        [
            0.5799999833106995,
            0.0,
            0.0
        ],
        [
            0.5799999833106995,
            0.28999999165534973,
            0.0
        ],
        [
            0.5799999833106995,
            0.5799999833106995,
            0.0
        ],
        [
            0.5799999833106995,
            0.8700000047683716,
            0.0
        ]
    ],
    "keypoints2d": [
        [
            1143.6044921875,
            712.6453857421875,
            1.0
        ],
        [
            1090.197265625,
            757.8058471679688,
            1.0
        ],
        [
            1029.2537841796875,
            809.3491821289062,
            1.0
        ],
        [
            958.8792114257812,
            868.123291015625,
            1.0
        ],
        [
            1078.71337890625,
            667.21630859375,
            1.0
        ],
        [
            1024.7755126953125,
            706.8162841796875,
            1.0
        ],
        [
            963.9576416015625,
            751.0286254882812,
            1.0
        ],
        [
            894.6570434570312,
            801.3803100585938,
            1.0
        ],
        [
            1021.4913940429688,
            627.422607421875,
            1.0
        ],
        [
            967.6941528320312,
            661.66357421875,
            1.0
        ],
        [
            907.5638427734375,
            700.4308471679688,
            1.0
        ],
        [
            839.3030395507812,
            743.7835693359375,
            1.0
        ]
    ],
    "visited": true
}