{
    "keypoints3d": [
        [
            0.0,
            0.0,
            0.0
        ],
        [
            0.0,
            0.28999999165534973,
            0.0
        ],
        [
            0.0,
            0.5799999833106995,
            0.0
        ],
        [
            0.0,
            0.8700000047683716,
            0.0
        ],
        [
            0.28999999165534973,
            0.0,
            0.0
        ],
        [
            0.28999999165534973,
            0.28999999165534973,
            0.0
        ],
        [
            0.28999999165534973,
            0.5799999833106995,
            0.0
        ],
        [
            0.28999999165534973,
            0.8700000047683716,
            0.0
        ],
        [
            0.5799999833106995,
            0.0,
            0.0
        ],
        [
            0.5799999833106995,
            0.28999999165534973,
            0.0
        ],
        [
            0.5799999833106995,
            0.5799999833106995,
            0.0
        ],
        [
            0.5799999833106995,
            0.8700000047683716,
            0.0
        ]
    ],
    "keypoints2d": [
        [
            1025.7425537109375,
            670.5634155273438,
            1.0
        ],
        [
            1065.5223388671875,
            653.2664794921875,
            1.0
        ],
        [
            1102.1883544921875,
            637.5628662109375,
            1.0
        ],
        [
            1136.218505859375,
            623.1364135742188,
            1.0
        ],
        [
            1063.6373291015625,
            693.7320556640625,
            1.0
        ],
        [
            1104.13037109375,
            674.4479370117188,
            1.0
        ],
        [
            1141.26904296875,
            657.023681640625,
            1.0
        ],
        [
            1175.59033203125,
            641.02978515625,
            1.0
        ],
        [
            1106.37255859375,
            719.9197998046875,
            1.0
        ],
        [
            1147.29638671875,
            698.9762573242188,
            1.0
        ],
        [
            1184.8172607421875,
            679.3632202148438,
            1.0
        ],
        [
            1219.3421630859375,
            660.97021484375,
            1.0
        ]
    ],
    "visited": true
}