{
    "keypoints3d": [
        [
            0.0,
            0.0,
            0.0
        ],
        [
            0.0,
            0.28999999165534973,
            0.0
        ],
        [
            0.0,
            0.5799999833106995,
            0.0
        ],
        [
            0.0,
            0.8700000047683716,
            0.0
        ],
        [
            0.28999999165534973,
            0.0,
            0.0
        ],
        [
            0.28999999165534973,
            0.28999999165534973,
            0.0
        ],
        [
            0.28999999165534973,
            0.5799999833106995,
            0.0
        ],
        [
            0.28999999165534973,
            0.8700000047683716,
            0.0
        ],
        [
            0.5799999833106995,
            0.0,
            0.0
        ],
        [
            0.5799999833106995,
            0.28999999165534973,
            0.0
        ],
        [
            0.5799999833106995,
            0.5799999833106995,
            0.0
        ],
        [
            0.5799999833106995,
            0.8700000047683716,
            0.0
        ]
    ],
    "keypoints2d": [
        [
            785.9071655273438,
            506.6376953125,
            1.0
        ],
        [
            821.35791015625,
            519.5795288085938,
            1.0
        ],
        [
            859.8095092773438,
            534.49462890625,
            1.0
        ],
        [
            901.2492065429688,
            550.7611083984375,
            1.0
        ],
        [
            744.63330078125,
            531.465087890625,
            1.0
        ],
        [
            780.4277954101562,
            546.1895751953125,
            1.0
        ],
        [
            818.8999633789062,
            562.48583984375,
            1.0
        ],
        [
            860.80908203125,
            580.9810180664062,
            1.0
        ],
        [
            699.5770263671875,
            558.5877075195312,
            1.0
        ],
        [
            735.3203735351562,
            575.7613525390625,
            1.0
        ],
        [
            773.7838134765625,
            594.367919921875,
            1.0
        ],
        [
            815.6203002929688,
            614.9444580078125,
            1.0
        ]
    ],
    "visited": true
}