{
    "keypoints3d": [
        [
            0.0,
            0.0,
            0.0
        ],
        [
            0.0,
            0.28999999165534973,
            0.0
        ],
        [
            0.0,
            0.5799999833106995,
            0.0
        ],
        [
            0.0,
            0.8700000047683716,
            0.0
        ],
        [
            0.28999999165534973,
            0.0,
            0.0
        ],
        [
            0.28999999165534973,
            0.28999999165534973,
            0.0
        ],
        [
            0.28999999165534973,
            0.5799999833106995,
            0.0
        ],
        [
            0.28999999165534973,
            0.8700000047683716,
            0.0
        ],
        [
            0.5799999833106995,
            0.0,
            0.0
        ],
        [
            0.5799999833106995,
            0.28999999165534973,
            0.0
        ],
        [
            0.5799999833106995,
            0.5799999833106995,
            0.0
        ],
        [
            0.5799999833106995,
            0.8700000047683716,
            0.0
        ]
    ],
    "keypoints2d": [
        [
            785.9383544921875,
            506.6278076171875,
            1.0
        ],
        [
            821.3524169921875,
            519.558837890625,
            1.0
        ],
        [
            859.8411865234375,
            534.5037841796875,
            1.0
        ],
        [
            901.2547607421875,
            550.7615966796875,
            1.0
        ],
        [
            744.6710815429688,
            531.461669921875,
            1.0
        ],
        [
            780.4578857421875,
            546.1717529296875,
            1.0
        ],
        [
            818.8975830078125,
            562.4772338867188,
            1.0
        ],
        [
            860.7954711914062,
            580.9427490234375,
            1.0
        ],
        [
            699.5919799804688,
            558.5885620117188,
            1.0
        ],
        [
            735.3282470703125,
            575.7647705078125,
            1.0
        ],
        [
            773.8099975585938,
            594.3602294921875,
            1.0
        ],
        [
            815.614501953125,
            614.9379272460938,
            1.0
        ]
    ],
    "visited": true
}