{
    "keypoints3d": [
        [
            0.0,
            0.0,
            0.0
        ],
        [
            0.0,
            0.28999999165534973,
            0.0
        ],
        [
            0.0,
            0.5799999833106995,
            0.0
        ],
        [
            0.0,
            0.8700000047683716,
            0.0
        ],
        [
            0.28999999165534973,
            0.0,
            0.0
        ],
        [
            0.28999999165534973,
            0.28999999165534973,
            0.0
        ],
        [
            0.28999999165534973,
            0.5799999833106995,
            0.0
        ],
        [
            0.28999999165534973,
            0.8700000047683716,
            0.0
        ],
        [
            0.5799999833106995,
            0.0,
            0.0
        ],
        [
            0.5799999833106995,
            0.28999999165534973,
            0.0
        ],
        [
            0.5799999833106995,
            0.5799999833106995,
            0.0
        ],
        [
            0.5799999833106995,
            0.8700000047683716,
            0.0
        ]
    ],
    "keypoints2d": [
        [
            857.8209838867188,
            612.8329467773438,
            1.0
        ],
        [
            822.1069946289062,
            636.7055053710938,
            1.0
        ],
        [
            782.1368408203125,
            664.5504760742188,
            1.0
        ],
        [
            736.4011840820312,
            696.4071044921875,
            1.0
        ],
        [
            816.3165283203125,
            598.1688842773438,
            1.0
        ],
        [
            779.38232421875,
            620.360595703125,
            1.0
        ],
        [
            737.8831787109375,
            645.9463500976562,
            1.0
        ],
        [
            691.1831665039062,
            675.5236206054688,
            1.0
        ],
        [
            777.173828125,
            584.8464965820312,
            1.0
        ],
        [
            739.1746215820312,
            605.7657470703125,
            1.0
        ],
        [
            696.7730102539062,
            629.4934692382812,
            1.0
        ],
        [
            649.1173706054688,
            656.3358764648438,
            1.0
        ]
    ],
    "visited": true
}