{
    "keypoints3d": [
        [
            0.0,
            0.0,
            0.0
        ],
        [
            0.0,
            0.28999999165534973,
            0.0
        ],
        [
            0.0,
            0.5799999833106995,
            0.0
        ],
        [
            0.0,
            0.8700000047683716,
            0.0
        ],
        [
            0.28999999165534973,
            0.0,
            0.0
        ],
        [
            0.28999999165534973,
            0.28999999165534973,
            0.0
        ],
        [
            0.28999999165534973,
            0.5799999833106995,
            0.0
        ],
        [
            0.28999999165534973,
            0.8700000047683716,
            0.0
        ],
        [
            0.5799999833106995,
            0.0,
            0.0
        ],
        [
            0.5799999833106995,
            0.28999999165534973,
            0.0
        ],
        [
            0.5799999833106995,
            0.5799999833106995,
            0.0
        ],
        [
            0.5799999833106995,
            0.8700000047683716,
            0.0
        ]
    ],
    "keypoints2d": [
        [
            785.919921875,
            506.6407470703125,
            1.0
        ],
        [
            821.3547973632812,
            519.563232421875,
            1.0
        ],
        [
            859.830810546875,
            534.5025024414062,
            1.0
        ],
        [
            901.2598266601562,
            550.7572631835938,
            1.0
        ],
        [
            744.6806640625,
            531.44921875,
            1.0
        ],
        [
            780.4630126953125,
            546.1751708984375,
            1.0
        ],
        [
            818.9147338867188,
            562.4744873046875,
            1.0
        ],
        [
            860.7886352539062,
            580.9447631835938,
            1.0
        ],
        [
            699.5962524414062,
            558.5826416015625,
            1.0
        ],
        [
            735.3104248046875,
            575.7689208984375,
            1.0
        ],
        [
            773.8126220703125,
            594.3574829101562,
            1.0
        ],
        [
            815.611328125,
            614.942138671875,
            1.0
        ]
    ],
    "visited": true
}