{
    "keypoints3d": [
        [
            0.0,
            0.0,
            0.0
        ],
        [
            0.0,
            0.28999999165534973,
            0.0
        ],
        [
            0.0,
            0.5799999833106995,
            0.0
        ],
        [
            0.0,
            0.8700000047683716,
            0.0
        ],
        [
            0.28999999165534973,
            0.0,
            0.0
        ],
        [
            0.28999999165534973,
            0.28999999165534973,
            0.0
        ],
        [
            0.28999999165534973,
            0.5799999833106995,
            0.0
        ],
        [
            0.28999999165534973,
            0.8700000047683716,
            0.0
        ],
        [
            0.5799999833106995,
            0.0,
            0.0
        ],
        [
            0.5799999833106995,
            0.28999999165534973,
            0.0
        ],
        [
            0.5799999833106995,
            0.5799999833106995,
            0.0
        ],
        [
            0.5799999833106995,
            0.8700000047683716,
            0.0
        ]
    ],
    "keypoints2d": [
        [
            1143.598876953125,
            712.6478881835938,
            1.0
        ],
        [
            1090.2093505859375,
            757.8063354492188,
            1.0
        ],
        [
            1029.2333984375,
            809.359130859375,
            1.0
        ],
        [
            958.857177734375,
            868.114990234375,
            1.0
        ],
        [
            1078.7171630859375,
            667.2303466796875,
            1.0
        ],
        [
            1024.775390625,
            706.8128051757812,
            1.0
        ],
        [
            963.9291381835938,
            751.0083618164062,
            1.0
        ],
        [
            894.651611328125,
            801.3941040039062,
            1.0
        ],
        [
            1021.4845581054688,
            627.4212646484375,
            1.0
        ],
        [
            967.6961059570312,
            661.6689453125,
            1.0
        ],
        [
            907.5686645507812,
            700.4236450195312,
            1.0
        ],
        [
            839.2991333007812,
            743.7772827148438,
            1.0
        ]
    ],
    "visited": true
}