{
    "keypoints3d": [
        [
            0.0,
            0.0,
            0.0
        ],
        [
            0.0,
            0.28999999165534973,
            0.0
        ],
        [
            0.0,
            0.5799999833106995,
            0.0
        ],
        [
            0.0,
            0.8700000047683716,
            0.0
        ],
        [
            0.28999999165534973,
            0.0,
            0.0
        ],
        [
            0.28999999165534973,
            0.28999999165534973,
            0.0
        ],
        [
            0.28999999165534973,
            0.5799999833106995,
            0.0
        ],
        [
            0.28999999165534973,
            0.8700000047683716,
            0.0
        ],
        [
            0.5799999833106995,
            0.0,
            0.0
        ],
        [
            0.5799999833106995,
            0.28999999165534973,
            0.0
        ],
        [
            0.5799999833106995,
            0.5799999833106995,
            0.0
        ],
        [
            0.5799999833106995,
            0.8700000047683716,
            0.0
        ]
    ],
    "keypoints2d": [
        [
            865.5330200195312,
            514.762939453125,
            1.0
        ],
        [
            897.697509765625,
            532.8495483398438,
            1.0
        ],
        [
            932.3494873046875,
            552.1298828125,
            1.0
        ],
        [
            969.73193359375,
            574.3399658203125,
            1.0
        ],
        [
            826.5675048828125,
            528.8856201171875,
            1.0
        ],
        [
            858.7022705078125,
            548.1724243164062,
            1.0
        ],
        [
            893.43359375,
            569.0745239257812,
            1.0
        ],
        [
            930.8255004882812,
            593.3587036132812,
            1.0
        ],
        [
            784.2431030273438,
            544.095947265625,
            1.0
        ],
        [
            815.8895263671875,
            565.200927734375,
            1.0
        ],
        [
            850.3497314453125,
            587.7611083984375,
            1.0
        ],
        [
            887.897705078125,
            613.6278686523438,
            1.0
        ]
    ],
    "visited": true
}