{
    "keypoints3d": [
        [
            0.0,
            0.0,
            0.0
        ],
        [
            0.0,
            0.28999999165534973,
            0.0
        ],
        [
            0.0,
            0.5799999833106995,
            0.0
        ],
        [
            0.0,
            0.8700000047683716,
            0.0
        ],
        [
            0.28999999165534973,
            0.0,
            0.0
        ],
        [
            0.28999999165534973,
            0.28999999165534973,
            0.0
        ],
        [
            0.28999999165534973,
            0.5799999833106995,
            0.0
        ],
        [
            0.28999999165534973,
            0.8700000047683716,
            0.0
        ],
        [
            0.5799999833106995,
            0.0,
            0.0
        ],
        [
            0.5799999833106995,
            0.28999999165534973,
            0.0
        ],
        [
            0.5799999833106995,
            0.5799999833106995,
            0.0
        ],
        [
            0.5799999833106995,
            0.8700000047683716,
            0.0
        ]
    ],
    "keypoints2d": [
        [
            1255.2137451171875,
            571.8206787109375,
            1.0
        ],
        [
            1219.5894775390625,
            593.4273681640625,
            1.0
        ],
        [
            1180.4708251953125,
            618.2230224609375,
            1.0
        ],
        [
            1137.783447265625,
            643.443603515625,
            1.0
        ],
        [
            1204.060302734375,
            542.0767822265625,
            1.0
        ],
        [
            1168.2928466796875,
            560.5354614257812,
            1.0
        ],
        [
            1128.6959228515625,
            582.6263427734375,
            1.0
        ],
        [
            1085.61767578125,
            605.279541015625,
            1.0
        ],
        [
            1157.6151123046875,
            514.8734741210938,
            1.0
        ],
        [
            1121.567626953125,
            531.2312622070312,
            1.0
        ],
        [
            1081.93017578125,
            550.576904296875,
            1.0
        ],
        [
            1038.9205322265625,
            570.4945068359375,
            1.0
        ]
    ],
    "visited": true
}