{
    "keypoints3d": [
        [
            0.0,
            0.0,
            0.0
        ],
        [
            0.0,
            0.28999999165534973,
            0.0
        ],
        [
            0.0,
            0.5799999833106995,
            0.0
        ],
        [
            0.0,
            0.8700000047683716,
            0.0
        ],
        [
            0.28999999165534973,
            0.0,
            0.0
        ],
        [
            0.28999999165534973,
            0.28999999165534973,
            0.0
        ],
        [
            0.28999999165534973,
            0.5799999833106995,
            0.0
        ],
        [
            0.28999999165534973,
            0.8700000047683716,
            0.0
        ],
        [
            0.5799999833106995,
            0.0,
            0.0
        ],
        [
            0.5799999833106995,
            0.28999999165534973,
            0.0
        ],
        [
            0.5799999833106995,
            0.5799999833106995,
            0.0
        ],
        [
            0.5799999833106995,
            0.8700000047683716,
            0.0
        ]
    ],
    "keypoints2d": [
        [
            915.5798950195312,
            592.2296752929688,
            1.0
        ],
        [
            956.1567993164062,
            622.9053344726562,
            1.0
        ],
        [
            1001.4646606445312,
            657.1178588867188,
            1.0
        ],
        [
            1052.874267578125,
            696.5563354492188,
            1.0
        ],
        [
            862.119140625,
            619.4685668945312,
            1.0
        ],
        [
            901.34033203125,
            653.0967407226562,
            1.0
        ],
        [
            945.5233154296875,
            691.0211791992188,
            1.0
        ],
        [
            995.78271484375,
            735.399658203125,
            1.0
        ],
        [
            803.1981811523438,
            648.4178466796875,
            1.0
        ],
        [
            840.6416015625,
            686.3630981445312,
            1.0
        ],
        [
            883.243408203125,
            728.766845703125,
            1.0
        ],
        [
            932.0595703125,
            778.4818115234375,
            1.0
        ]
    ],
    "visited": true
}