{
    "keypoints3d": [
        [
            0.0,
            0.0,
            0.0
        ],
        [
            0.0,
            0.28999999165534973,
            0.0
        ],
        [
            0.0,
            0.5799999833106995,
            0.0
        ],
        [
            0.0,
            0.8700000047683716,
            0.0
        ],
        [
            0.28999999165534973,
            0.0,
            0.0
        ],
        [
            0.28999999165534973,
            0.28999999165534973,
            0.0
        ],
        [
            0.28999999165534973,
            0.5799999833106995,
            0.0
        ],
        [
            0.28999999165534973,
            0.8700000047683716,
            0.0
        ],
        [
            0.5799999833106995,
            0.0,
            0.0
        ],
        [
            0.5799999833106995,
            0.28999999165534973,
            0.0
        ],
        [
            0.5799999833106995,
            0.5799999833106995,
            0.0
        ],
        [
            0.5799999833106995,
            0.8700000047683716,
            0.0
        ]
    ],
    "keypoints2d": [
        [
            857.8160400390625,
            612.8265380859375,
            1.0
        ],
        [
            822.1385498046875,
            636.728759765625,
            1.0
        ],
        [
            782.1334228515625,
            664.54931640625,
            1.0
        ],
        [
            736.3840942382812,
            696.405029296875,
            1.0
        ],
        [
            816.2765502929688,
            598.197265625,
            1.0
        ],
        [
            779.3644409179688,
            620.38037109375,
            1.0
        ],
        [
            737.8302001953125,
            645.9664306640625,
            1.0
        ],
        [
            691.1640625,
            675.5341186523438,
            1.0
        ],
        [
            777.1504516601562,
            584.8292846679688,
            1.0
        ],
        [
            739.1571044921875,
            605.744384765625,
            1.0
        ],
        [
            696.8505249023438,
            629.4851684570312,
            1.0
        ],
        [
            649.1530151367188,
            656.3182983398438,
            1.0
        ]
    ],
    "visited": true
}