{
    "keypoints3d": [
        [
            0.0,
            0.0,
            0.0
        ],
        [
            0.0,
            0.28999999165534973,
            0.0
        ],
        [
            0.0,
            0.5799999833106995,
            0.0
        ],
        [
            0.0,
            0.8700000047683716,
            0.0
        ],
        [
            0.28999999165534973,
            0.0,
            0.0
        ],
        [
            0.28999999165534973,
            0.28999999165534973,
            0.0
        ],
        [
            0.28999999165534973,
            0.5799999833106995,
            0.0
        ],
        [
            0.28999999165534973,
            0.8700000047683716,
            0.0
        ],
        [
            0.5799999833106995,
            0.0,
            0.0
        ],
        [
            0.5799999833106995,
            0.28999999165534973,
            0.0
        ],
        [
            0.5799999833106995,
            0.5799999833106995,
            0.0
        ],
        [
            0.5799999833106995,
            0.8700000047683716,
            0.0
        ]
    ],
    "keypoints2d": [
        [
            1200.4036865234375,
            600.6123046875,
            1.0
        ],
        [
            1178.8599853515625,
            655.6709594726562,
            1.0
        ],
        [
            1154.7003173828125,
            717.9057006835938,
            1.0
        ],
        [
            1126.955322265625,
            788.4100341796875,
            1.0
        ],
        [
            1129.68505859375,
            585.2255859375,
            1.0
        ],
        [
            1104.8828125,
            636.53369140625,
            1.0
        ],
        [
            1076.9993896484375,
            694.5947875976562,
            1.0
        ],
        [
            1045.1021728515625,
            760.2888793945312,
            1.0
        ],
        [
            1064.6531982421875,
            570.934814453125,
            1.0
        ],
        [
            1037.16015625,
            619.360107421875,
            1.0
        ],
        [
            1006.2944946289062,
            673.7178344726562,
            1.0
        ],
        [
            970.8782348632812,
            734.853515625,
            1.0
        ]
    ],
    "visited": true
}