{
    "keypoints3d": [
        [
            0.0,
            0.0,
            0.0
        ],
        [
            0.0,
            0.28999999165534973,
            0.0
        ],
        [
            0.0,
            0.5799999833106995,
            0.0
        ],
        [
            0.0,
            0.8700000047683716,
            0.0
        ],
        [
            0.28999999165534973,
            0.0,
            0.0
        ],
        [
            0.28999999165534973,
            0.28999999165534973,
            0.0
        ],
        [
            0.28999999165534973,
            0.5799999833106995,
            0.0
        ],
        [
            0.28999999165534973,
            0.8700000047683716,
            0.0
        ],
        [
            0.5799999833106995,
            0.0,
            0.0
        ],
        [
            0.5799999833106995,
            0.28999999165534973,
            0.0
        ],
        [
            0.5799999833106995,
            0.5799999833106995,
            0.0
        ],
        [
            0.5799999833106995,
            0.8700000047683716,
            0.0
        ]
    ],
    "keypoints2d": [
        [
            1025.7413330078125,
            670.5698852539062,
            1.0
        ],
        [
            1065.54296875,
            653.2678833007812,
            1.0
        ],
        [
            1102.19482421875,
            637.5590209960938,
            1.0
        ],
        [
            1136.2392578125,
            623.1272583007812,
            1.0
        ],
        [
            1063.6529541015625,
            693.7261962890625,
            1.0
        ],
        [
            1104.15625,
            674.4519653320312,
            1.0
        ],
        [
            1141.26318359375,
            657.0215454101562,
            1.0
        ],
        [
            1175.601318359375,
            641.0465698242188,
            1.0
        ],
        [
            1106.3843994140625,
            719.9320678710938,
            1.0
        ],
        [
            1147.30517578125,
            698.9606323242188,
            1.0
        ],
        [
            1184.824462890625,
            679.357177734375,
            1.0
        ],
        [
            1219.313232421875,
            660.9642944335938,
            1.0
        ]
    ],
    "visited": true
}