{
    "keypoints3d": [
        [
            0.0,
            0.0,
            0.0
        ],
        [
            0.0,
            0.28999999165534973,
            0.0
        ],
        [
            0.0,
            0.5799999833106995,
            0.0
        ],
        [
            0.0,
            0.8700000047683716,
            0.0
        ],
        [
            0.28999999165534973,
            0.0,
            0.0
        ],
        [
            0.28999999165534973,
            0.28999999165534973,
            0.0
        ],
        [
            0.28999999165534973,
            0.5799999833106995,
            0.0
        ],
        [
            0.28999999165534973,
            0.8700000047683716,
            0.0
        ],
        [
            0.5799999833106995,
            0.0,
            0.0
        ],
        [
            0.5799999833106995,
            0.28999999165534973,
            0.0
        ],
        [
            0.5799999833106995,
            0.5799999833106995,
            0.0
        ],
        [
            0.5799999833106995,
            0.8700000047683716,
            0.0
        ]
    ],
    "keypoints2d": [
        [
            785.9013671875,
            506.64593505859375,
            1.0
        ],
        [
            821.3560791015625,
            519.5739135742188,
            1.0
        ],
        [
            859.834716796875,
            534.4918212890625,
            1.0
        ],
        [
            901.2510375976562,
            550.7589721679688,
            1.0
        ],
        [
            744.668701171875,
            531.4567260742188,
            1.0
        ],
        [
            780.4329223632812,
            546.1829833984375,
            1.0
        ],
        [
            818.9160766601562,
            562.4876708984375,
            1.0
        ],
        [
            860.797119140625,
            580.9766845703125,
            1.0
        ],
        [
            699.57177734375,
            558.5865478515625,
            1.0
        ],
        [
            735.3045654296875,
            575.7658081054688,
            1.0
        ],
        [
            773.7735595703125,
            594.367919921875,
            1.0
        ],
        [
            815.6140747070312,
            614.936279296875,
            1.0
        ]
    ],
    "visited": true
}