{
    "keypoints3d": [
        [
            0.0,
            0.0,
            0.0
        ],
        [
            0.0,
            0.28999999165534973,
            0.0
        ],
        [
            0.0,
            0.5799999833106995,
            0.0
        ],
        [
            0.0,
            0.8700000047683716,
            0.0
        ],
        [
            0.28999999165534973,
            0.0,
            0.0
        ],
        [
            0.28999999165534973,
            0.28999999165534973,
            0.0
        ],
        [
            0.28999999165534973,
            0.5799999833106995,
            0.0
        ],
        [
            0.28999999165534973,
            0.8700000047683716,
            0.0
        ],
        [
            0.5799999833106995,
            0.0,
            0.0
        ],
        [
            0.5799999833106995,
            0.28999999165534973,
            0.0
        ],
        [
            0.5799999833106995,
            0.5799999833106995,
            0.0
        ],
        [
            0.5799999833106995,
            0.8700000047683716,
            0.0
        ]
    ],
    "keypoints2d": [
        [
            696.0,
            535.0,
            1.0
        ],
        [
            735.8933715820312,
            465.44488525390625,
            1.0
        ],
        [
            829.0,
            427.0,
            1.0
        ],
        [
            997.2836303710938,
            429.04547119140625,
            1.0
        ],
        [
            968.3572387695312,
            631.9013671875,
            1.0
        ],
        [
            1028.0,
            612.0,
            1.0
        ],
        [
            1064.0,
            565.0,
            1.0
        ],
        [
            1113.0,
            532.0,
            1.0
        ],
        [
            1090.0,
            698.0,
            1.0
        ],
        [
            1120.0,
            664.0,
            1.0
        ],
        [
            1140.0,
            620.0,
            1.0
        ],
        [
            1169.8636474609375,
            588.8890380859375,
            1.0
        ]
    ],
    "visited": true
}