{
    "keypoints3d": [
        [
            0.0,
            0.0,
            0.0
        ],
        [
            0.0,
            0.28999999165534973,
            0.0
        ],
        [
            0.0,
            0.5799999833106995,
            0.0
        ],
        [
            0.0,
            0.8700000047683716,
            0.0
        ],
        [
            0.28999999165534973,
            0.0,
            0.0
        ],
        [
            0.28999999165534973,
            0.28999999165534973,
            0.0
        ],
        [
            0.28999999165534973,
            0.5799999833106995,
            0.0
        ],
        [
            0.28999999165534973,
            0.8700000047683716,
            0.0
        ],
        [
            0.5799999833106995,
            0.0,
            0.0
        ],
        [
            0.5799999833106995,
            0.28999999165534973,
            0.0
        ],
        [
            0.5799999833106995,
            0.5799999833106995,
            0.0
        ],
        [
            0.5799999833106995,
            0.8700000047683716,
            0.0
        ]
    ],
    "keypoints2d": [
        [
            820.9284057617188,
            842.4595336914062,
            1.0
        ],
        [
            864.8089599609375,
            781.530517578125,
            1.0
        ],
        [
            901.840576171875,
            729.9179077148438,
            1.0
        ],
        [
            933.4214477539062,
            686.6028442382812,
            1.0
        ],
        [
            899.1215209960938,
            873.7989501953125,
            1.0
        ],
        [
            937.7200927734375,
            807.859130859375,
            1.0
        ],
        [
            969.8042602539062,
            752.5936889648438,
            1.0
        ],
        [
            997.1495361328125,
            705.9003295898438,
            1.0
        ],
        [
            984.1402587890625,
            907.6741943359375,
            1.0
        ],
        [
            1016.5030517578125,
            836.1863403320312,
            1.0
        ],
        [
            1043.16162109375,
            776.554443359375,
            1.0
        ],
        [
            1065.713623046875,
            726.4616088867188,
            1.0
        ]
    ],
    "visited": true
}