{
    "keypoints3d": [
        [
            0.0,
            0.0,
            0.0
        ],
        [
            0.0,
            0.28999999165534973,
            0.0
        ],
        [
            0.0,
            0.5799999833106995,
            0.0
        ],
        [
            0.0,
            0.8700000047683716,
            0.0
        ],
        [
            0.28999999165534973,
            0.0,
            0.0
        ],
        [
            0.28999999165534973,
            0.28999999165534973,
            0.0
        ],
        [
            0.28999999165534973,
            0.5799999833106995,
            0.0
        ],
        [
            0.28999999165534973,
            0.8700000047683716,
            0.0
        ],
        [
            0.5799999833106995,
            0.0,
            0.0
        ],
        [
            0.5799999833106995,
            0.28999999165534973,
            0.0
        ],
        [
            0.5799999833106995,
            0.5799999833106995,
            0.0
        ],
        [
            0.5799999833106995,
            0.8700000047683716,
            0.0
        ]
    ],
    "keypoints2d": [
        [
            785.9954833984375,
            506.620849609375,
            1.0
        ],
        [
            821.3410034179688,
            519.5850219726562,
            1.0
        ],
        [
            859.760986328125,
            534.4895629882812,
            1.0
        ],
        [
            901.3074340820312,
            550.74267578125,
            1.0
        ],
        [
            744.6790771484375,
            531.4806518554688,
            1.0
        ],
        [
            780.4804077148438,
            546.104736328125,
            1.0
        ],
        [
            818.896728515625,
            562.4843139648438,
            1.0
        ],
        [
            860.8172607421875,
            581.0147705078125,
            1.0
        ],
        [
            699.5554809570312,
            558.608154296875,
            1.0
        ],
        [
            735.2922973632812,
            575.7667846679688,
            1.0
        ],
        [
            773.8352661132812,
            594.346435546875,
            1.0
        ],
        [
            815.6389770507812,
            614.9458618164062,
            1.0
        ]
    ],
    "visited": true
}