{
    "keypoints3d": [
        [
            0.0,
            0.0,
            0.0
        ],
        [
            0.0,
            0.28999999165534973,
            0.0
        ],
        [
            0.0,
            0.5799999833106995,
            0.0
        ],
        [
            0.0,
            0.8700000047683716,
            0.0
        ],
        [
            0.28999999165534973,
            0.0,
            0.0
        ],
        [
            0.28999999165534973,
            0.28999999165534973,
            0.0
        ],
        [
            0.28999999165534973,
            0.5799999833106995,
            0.0
        ],
        [
            0.28999999165534973,
            0.8700000047683716,
            0.0
        ],
        [
            0.5799999833106995,
            0.0,
            0.0
        ],
        [
            0.5799999833106995,
            0.28999999165534973,
            0.0
        ],
        [
            0.5799999833106995,
            0.5799999833106995,
            0.0
        ],
        [
            0.5799999833106995,
            0.8700000047683716,
            0.0
        ]
    ],
    "keypoints2d": [
        [
            857.812744140625,
            612.8366088867188,
            1.0
        ],
        [
            822.1117553710938,
            636.7042846679688,
            1.0
        ],
        [
            782.1353759765625,
            664.5465087890625,
            1.0
        ],
        [
            736.4046630859375,
            696.4102783203125,
            1.0
        ],
        [
            816.3187255859375,
            598.16845703125,
            1.0
        ],
        [
            779.3604736328125,
            620.3693237304688,
            1.0
        ],
        [
            737.8818969726562,
            645.943359375,
            1.0
        ],
        [
            691.1926879882812,
            675.5247802734375,
            1.0
        ],
        [
            777.1702880859375,
            584.84423828125,
            1.0
        ],
        [
            739.2263793945312,
            605.7587890625,
            1.0
        ],
        [
            696.7786865234375,
            629.4876708984375,
            1.0
        ],
        [
            649.1126098632812,
            656.3280029296875,
            1.0
        ]
    ],
    "visited": true
}