{
    "keypoints3d": [
        [
            0.0,
            0.0,
            0.0
        ],
        [
            0.0,
            0.28999999165534973,
            0.0
        ],
        [
            0.0,
            0.5799999833106995,
            0.0
        ],
        [
            0.0,
            0.8700000047683716,
            0.0
        ],
        [
            0.28999999165534973,
            0.0,
            0.0
        ],
        [
            0.28999999165534973,
            0.28999999165534973,
            0.0
        ],
        [
            0.28999999165534973,
            0.5799999833106995,
            0.0
        ],
        [
            0.28999999165534973,
            0.8700000047683716,
            0.0
        ],
        [
            0.5799999833106995,
            0.0,
            0.0
        ],
        [
            0.5799999833106995,
            0.28999999165534973,
            0.0
        ],
        [
            0.5799999833106995,
            0.5799999833106995,
            0.0
        ],
        [
            0.5799999833106995,
            0.8700000047683716,
            0.0
        ]
    ],
    "keypoints2d": [
        [
            1025.74609375,
            670.56298828125,
            1.0
        ],
        [
            1065.5430908203125,
            653.2794799804688,
            1.0
        ],
        [
            1102.2005615234375,
            637.5729370117188,
            1.0
        ],
        [
            1136.2242431640625,
            623.13720703125,
            1.0
        ],
        [
            1063.640380859375,
            693.7281494140625,
            1.0
        ],
        [
            1104.1287841796875,
            674.44677734375,
            1.0
        ],
        [
            1141.2647705078125,
            657.0272216796875,
            1.0
        ],
        [
            1175.60791015625,
            641.01708984375,
            1.0
        ],
        [
            1106.375732421875,
            719.9147338867188,
            1.0
        ],
        [
            1147.31005859375,
            698.9712524414062,
            1.0
        ],
        [
            1184.824951171875,
            679.3650512695312,
            1.0
        ],
        [
            1219.3236083984375,
            660.9697875976562,
            1.0
        ]
    ],
    "visited": true
}