{
    "keypoints3d": [
        [
            0.0,
            0.0,
            0.0
        ],
        [
            0.0,
            0.28999999165534973,
            0.0
        ],
        [
            0.0,
            0.5799999833106995,
            0.0
        ],
        [
            0.0,
            0.8700000047683716,
            0.0
        ],
        [
            0.28999999165534973,
            0.0,
            0.0
        ],
        [
            0.28999999165534973,
            0.28999999165534973,
            0.0
        ],
        [
            0.28999999165534973,
            0.5799999833106995,
            0.0
        ],
        [
            0.28999999165534973,
            0.8700000047683716,
            0.0
        ],
        [
            0.5799999833106995,
            0.0,
            0.0
        ],
        [
            0.5799999833106995,
            0.28999999165534973,
            0.0
        ],
        [
            0.5799999833106995,
            0.5799999833106995,
            0.0
        ],
        [
            0.5799999833106995,
            0.8700000047683716,
            0.0
        ]
    ],
    "keypoints2d": [
        [
            1143.611328125,
            712.667724609375,
            1.0
        ],
        [
            1090.216796875,
            757.7739868164062,
            1.0
        ],
        [
            1029.244384765625,
            809.3796997070312,
            1.0
        ],
        [
            958.8970336914062,
            868.0863647460938,
            1.0
        ],
        [
            1078.7301025390625,
            667.2301635742188,
            1.0
        ],
        [
            1024.7843017578125,
            706.7913208007812,
            1.0
        ],
        [
            963.8543701171875,
            751.030029296875,
            1.0
        ],
        [
            894.6224365234375,
            801.3758544921875,
            1.0
        ],
        [
            1021.4612426757812,
            627.4219970703125,
            1.0
        ],
        [
            967.6962890625,
            661.6883544921875,
            1.0
        ],
        [
            907.5717163085938,
            700.3651733398438,
            1.0
        ],
        [
            839.31005859375,
            743.7338256835938,
            1.0
        ]
    ],
    "visited": true
}