{
    "keypoints3d": [
        [
            0.0,
            0.0,
            0.0
        ],
        [
            0.0,
            0.28999999165534973,
            0.0
        ],
        [
            0.0,
            0.5799999833106995,
            0.0
        ],
        [
            0.0,
            0.8700000047683716,
            0.0
        ],
        [
            0.28999999165534973,
            0.0,
            0.0
        ],
        [
            0.28999999165534973,
            0.28999999165534973,
            0.0
        ],
        [
            0.28999999165534973,
            0.5799999833106995,
            0.0
        ],
        [
            0.28999999165534973,
            0.8700000047683716,
            0.0
        ],
        [
            0.5799999833106995,
            0.0,
            0.0
        ],
        [
            0.5799999833106995,
            0.28999999165534973,
            0.0
        ],
        [
            0.5799999833106995,
            0.5799999833106995,
            0.0
        ],
        [
            0.5799999833106995,
            0.8700000047683716,
            0.0
        ]
    ],
    "keypoints2d": [
        [
            1143.60009765625,
            712.6428833007812,
            1.0
        ],
        [
            1090.20263671875,
            757.8114013671875,
            1.0
        ],
        [
            1029.2479248046875,
            809.3526611328125,
            1.0
        ],
        [
            958.882568359375,
            868.1263427734375,
            1.0
        ],
        [
            1078.7091064453125,
            667.220703125,
            1.0
        ],
        [
            1024.7864990234375,
            706.8118286132812,
            1.0
        ],
        [
            963.944091796875,
            751.010986328125,
            1.0
        ],
        [
            894.6571655273438,
            801.380615234375,
            1.0
        ],
        [
            1021.4864501953125,
            627.4189453125,
            1.0
        ],
        [
            967.6978759765625,
            661.6613159179688,
            1.0
        ],
        [
            907.5689697265625,
            700.431884765625,
            1.0
        ],
        [
            839.2987670898438,
            743.7787475585938,
            1.0
        ]
    ],
    "visited": true
}