{
    "keypoints3d": [
        [
            0.0,
            0.0,
            0.0
        ],
        [
            0.0,
            0.28999999165534973,
            0.0
        ],
        [
            0.0,
            0.5799999833106995,
            0.0
        ],
        [
            0.0,
            0.8700000047683716,
            0.0
        ],
        [
            0.28999999165534973,
            0.0,
            0.0
        ],
        [
            0.28999999165534973,
            0.28999999165534973,
            0.0
        ],
        [
            0.28999999165534973,
            0.5799999833106995,
            0.0
        ],
        [
            0.28999999165534973,
            0.8700000047683716,
            0.0
        ],
        [
            0.5799999833106995,
            0.0,
            0.0
        ],
        [
            0.5799999833106995,
            0.28999999165534973,
            0.0
        ],
        [
            0.5799999833106995,
            0.5799999833106995,
            0.0
        ],
        [
            0.5799999833106995,
            0.8700000047683716,
            0.0
        ]
    ],
    "keypoints2d": [
        [
            1017.3206176757812,
            869.6829223632812,
            1.0
        ],
        [
            948.6654663085938,
            818.5599365234375,
            1.0
        ],
        [
            888.2293701171875,
            773.230712890625,
            1.0
        ],
        [
            834.3984985351562,
            733.2701416015625,
            1.0
        ],
        [
            1071.32568359375,
            804.9846801757812,
            1.0
        ],
        [
            1004.182373046875,
            760.7972412109375,
            1.0
        ],
        [
            944.5208740234375,
            721.7434692382812,
            1.0
        ],
        [
            890.7711791992188,
            686.4573364257812,
            1.0
        ],
        [
            1118.4195556640625,
            748.4126586914062,
            1.0
        ],
        [
            1052.64208984375,
            710.0716552734375,
            1.0
        ],
        [
            993.9373779296875,
            676.0972290039062,
            1.0
        ],
        [
            940.90869140625,
            645.2107543945312,
            1.0
        ]
    ],
    "visited": true
}