{
    "keypoints3d": [
        [
            0.0,
            0.0,
            0.0
        ],
        [
            0.0,
            0.28999999165534973,
            0.0
        ],
        [
            0.0,
            0.5799999833106995,
            0.0
        ],
        [
            0.0,
            0.8700000047683716,
            0.0
        ],
        [
            0.28999999165534973,
            0.0,
            0.0
        ],
        [
            0.28999999165534973,
            0.28999999165534973,
            0.0
        ],
        [
            0.28999999165534973,
            0.5799999833106995,
            0.0
        ],
        [
            0.28999999165534973,
            0.8700000047683716,
            0.0
        ],
        [
            0.5799999833106995,
            0.0,
            0.0
        ],
        [
            0.5799999833106995,
            0.28999999165534973,
            0.0
        ],
        [
            0.5799999833106995,
            0.5799999833106995,
            0.0
        ],
        [
            0.5799999833106995,
            0.8700000047683716,
            0.0
        ]
    ],
    "keypoints2d": [
        [
            1200.4976806640625,
            600.33984375,
            1.0
        ],
        [
            1178.90283203125,
            655.389404296875,
            1.0
        ],
        [
            1154.861328125,
            717.5935668945312,
            1.0
        ],
        [
            1127.08154296875,
            788.0505981445312,
            1.0
        ],
        [
            1129.763916015625,
            584.8494262695312,
            1.0
        ],
        [
            1104.930908203125,
            636.2669067382812,
            1.0
        ],
        [
            1077.0625,
            694.4194946289062,
            1.0
        ],
        [
            1045.1348876953125,
            759.9865112304688,
            1.0
        ],
        [
            1064.7618408203125,
            570.6248168945312,
            1.0
        ],
        [
            1037.1888427734375,
            619.0707397460938,
            1.0
        ],
        [
            1006.4071044921875,
            673.4752807617188,
            1.0
        ],
        [
            971.073974609375,
            734.58984375,
            1.0
        ]
    ],
    "visited": true
}