{
    "keypoints3d": [
        [
            0.0,
            0.0,
            0.0
        ],
        [
            0.0,
            0.28999999165534973,
            0.0
        ],
        [
            0.0,
            0.5799999833106995,
            0.0
        ],
        [
            0.0,
            0.8700000047683716,
            0.0
        ],
        [
            0.28999999165534973,
            0.0,
            0.0
        ],
        [
            0.28999999165534973,
            0.28999999165534973,
            0.0
        ],
        [
            0.28999999165534973,
            0.5799999833106995,
            0.0
        ],
        [
            0.28999999165534973,
            0.8700000047683716,
            0.0
        ],
        [
            0.5799999833106995,
            0.0,
            0.0
        ],
        [
            0.5799999833106995,
            0.28999999165534973,
            0.0
        ],
        [
            0.5799999833106995,
            0.5799999833106995,
            0.0
        ],
        [
            0.5799999833106995,
            0.8700000047683716,
            0.0
        ]
    ],
    "keypoints2d": [
        [
            1143.5946044921875,
            712.6535034179688,
            1.0
        ],
        [
            1090.2113037109375,
            757.8046875,
            1.0
        ],
        [
            1029.2421875,
            809.3531494140625,
            1.0
        ],
        [
            958.8470458984375,
            868.1214599609375,
            1.0
        ],
        [
            1078.710205078125,
            667.23876953125,
            1.0
        ],
        [
            1024.7728271484375,
            706.8043823242188,
            1.0
        ],
        [
            963.9246215820312,
            751.0086059570312,
            1.0
        ],
        [
            894.6470947265625,
            801.3985595703125,
            1.0
        ],
        [
            1021.490234375,
            627.4251098632812,
            1.0
        ],
        [
            967.7076416015625,
            661.6709594726562,
            1.0
        ],
        [
            907.5636596679688,
            700.4227294921875,
            1.0
        ],
        [
            839.297119140625,
            743.780029296875,
            1.0
        ]
    ],
    "visited": true
}