{
    "keypoints3d": [
        [
            0.0,
            0.0,
            0.0
        ],
        [
            0.0,
            0.28999999165534973,
            0.0
        ],
        [
            0.0,
            0.5799999833106995,
            0.0
        ],
        [
            0.0,
            0.8700000047683716,
            0.0
        ],
        [
            0.28999999165534973,
            0.0,
            0.0
        ],
        [
            0.28999999165534973,
            0.28999999165534973,
            0.0
        ],
        [
            0.28999999165534973,
            0.5799999833106995,
            0.0
        ],
        [
            0.28999999165534973,
            0.8700000047683716,
            0.0
        ],
        [
            0.5799999833106995,
            0.0,
            0.0
        ],
        [
            0.5799999833106995,
            0.28999999165534973,
            0.0
        ],
        [
            0.5799999833106995,
            0.5799999833106995,
            0.0
        ],
        [
            0.5799999833106995,
            0.8700000047683716,
            0.0
        ]
    ],
    "keypoints2d": [
        [
            1025.738525390625,
            670.5777587890625,
            1.0
        ],
        [
            1065.5289306640625,
            653.2723999023438,
            1.0
        ],
        [
            1102.21630859375,
            637.564208984375,
            1.0
        ],
        [
            1136.2589111328125,
            623.12744140625,
            1.0
        ],
        [
            1063.6378173828125,
            693.7222290039062,
            1.0
        ],
        [
            1104.1551513671875,
            674.4500732421875,
            1.0
        ],
        [
            1141.257080078125,
            657.0201416015625,
            1.0
        ],
        [
            1175.5982666015625,
            641.0438232421875,
            1.0
        ],
        [
            1106.3809814453125,
            719.9346923828125,
            1.0
        ],
        [
            1147.3023681640625,
            698.95654296875,
            1.0
        ],
        [
            1184.8193359375,
            679.3536987304688,
            1.0
        ],
        [
            1219.328857421875,
            660.9638671875,
            1.0
        ]
    ],
    "visited": true
}