{
    "keypoints3d": [
        [
            0.0,
            0.0,
            0.0
        ],
        [
            0.0,
            0.28999999165534973,
            0.0
        ],
        [
            0.0,
            0.5799999833106995,
            0.0
        ],
        [
            0.0,
            0.8700000047683716,
            0.0
        ],
        [
            0.28999999165534973,
            0.0,
            0.0
        ],
        [
            0.28999999165534973,
            0.28999999165534973,
            0.0
        ],
        [
            0.28999999165534973,
            0.5799999833106995,
            0.0
        ],
        [
            0.28999999165534973,
            0.8700000047683716,
            0.0
        ],
        [
            0.5799999833106995,
            0.0,
            0.0
        ],
        [
            0.5799999833106995,
            0.28999999165534973,
            0.0
        ],
        [
            0.5799999833106995,
            0.5799999833106995,
            0.0
        ],
        [
            0.5799999833106995,
            0.8700000047683716,
            0.0
        ]
    ],
    "keypoints2d": [
        [
            857.8172607421875,
            612.8383178710938,
            1.0
        ],
        [
            822.1187133789062,
            636.709716796875,
            1.0
        ],
        [
            782.141357421875,
            664.5492553710938,
            1.0
        ],
        [
            736.3936157226562,
            696.4039306640625,
            1.0
        ],
        [
            816.2960815429688,
            598.1729736328125,
            1.0
        ],
        [
            779.3947143554688,
            620.3717041015625,
            1.0
        ],
        [
            737.8658447265625,
            645.9450073242188,
            1.0
        ],
        [
            691.1680297851562,
            675.520751953125,
            1.0
        ],
        [
            777.1653442382812,
            584.8345947265625,
            1.0
        ],
        [
            739.1615600585938,
            605.7525634765625,
            1.0
        ],
        [
            696.7759399414062,
            629.4924926757812,
            1.0
        ],
        [
            649.1381225585938,
            656.323974609375,
            1.0
        ]
    ],
    "visited": true
}