{
    "keypoints3d": [
        [
            0.0,
            0.0,
            0.0
        ],
        [
            0.0,
            0.28999999165534973,
            0.0
        ],
        [
            0.0,
            0.5799999833106995,
            0.0
        ],
        [
            0.0,
            0.8700000047683716,
            0.0
        ],
        [
            0.28999999165534973,
            0.0,
            0.0
        ],
        [
            0.28999999165534973,
            0.28999999165534973,
            0.0
        ],
        [
            0.28999999165534973,
            0.5799999833106995,
            0.0
        ],
        [
            0.28999999165534973,
            0.8700000047683716,
            0.0
        ],
        [
            0.5799999833106995,
            0.0,
            0.0
        ],
        [
            0.5799999833106995,
            0.28999999165534973,
            0.0
        ],
        [
            0.5799999833106995,
            0.5799999833106995,
            0.0
        ],
        [
            0.5799999833106995,
            0.8700000047683716,
            0.0
        ]
    ],
    "keypoints2d": [
        [
            906.1098022460938,
            504.40704345703125,
            1.0
        ],
        [
            947.0715942382812,
            523.6203002929688,
            1.0
        ],
        [
            992.2920532226562,
            545.8030395507812,
            1.0
        ],
        [
            1041.9803466796875,
            570.215087890625,
            1.0
        ],
        [
            861.44677734375,
            533.9552001953125,
            1.0
        ],
        [
            901.87841796875,
            555.5414428710938,
            1.0
        ],
        [
            946.916015625,
            580.6965942382812,
            1.0
        ],
        [
            996.8934326171875,
            608.39794921875,
            1.0
        ],
        [
            813.181640625,
            566.0375366210938,
            1.0
        ],
        [
            852.7047119140625,
            590.4646606445312,
            1.0
        ],
        [
            897.2603149414062,
            618.8455810546875,
            1.0
        ],
        [
            946.7449951171875,
            650.2683715820312,
            1.0
        ]
    ],
    "visited": true
}