{
    "keypoints3d": [
        [
            0.0,
            0.0,
            0.0
        ],
        [
            0.0,
            0.28999999165534973,
            0.0
        ],
        [
            0.0,
            0.5799999833106995,
            0.0
        ],
        [
            0.0,
            0.8700000047683716,
            0.0
        ],
        [
            0.28999999165534973,
            0.0,
            0.0
        ],
        [
            0.28999999165534973,
            0.28999999165534973,
            0.0
        ],
        [
            0.28999999165534973,
            0.5799999833106995,
            0.0
        ],
        [
            0.28999999165534973,
            0.8700000047683716,
            0.0
        ],
        [
            0.5799999833106995,
            0.0,
            0.0
        ],
        [
            0.5799999833106995,
            0.28999999165534973,
            0.0
        ],
        [
            0.5799999833106995,
            0.5799999833106995,
            0.0
        ],
        [
            0.5799999833106995,
            0.8700000047683716,
            0.0
        ]
    ],
    "keypoints2d": [
        [
            1236.04541015625,
            572.56494140625,
            1.0
        ],
        [
            1197.55224609375,
            596.1359252929688,
            1.0
        ],
        [
            1155.2701416015625,
            621.8846435546875,
            1.0
        ],
        [
            1107.686767578125,
            650.3440551757812,
            1.0
        ],
        [
            1182.3028564453125,
            550.499267578125,
            1.0
        ],
        [
            1143.42333984375,
            571.2889404296875,
            1.0
        ],
        [
            1101.0135498046875,
            594.3870849609375,
            1.0
        ],
        [
            1053.98681640625,
            619.6741943359375,
            1.0
        ],
        [
            1134.3037109375,
            530.9696044921875,
            1.0
        ],
        [
            1095.7010498046875,
            550.1926879882812,
            1.0
        ],
        [
            1053.45556640625,
            570.5291748046875,
            1.0
        ],
        [
            1007.115234375,
            593.2279663085938,
            1.0
        ]
    ],
    "visited": true
}