{
    "keypoints3d": [
        [
            0.0,
            0.0,
            0.0
        ],
        [
            0.0,
            0.28999999165534973,
            0.0
        ],
        [
            0.0,
            0.5799999833106995,
            0.0
        ],
        [
            0.0,
            0.8700000047683716,
            0.0
        ],
        [
            0.28999999165534973,
            0.0,
            0.0
        ],
        [
            0.28999999165534973,
            0.28999999165534973,
            0.0
        ],
        [
            0.28999999165534973,
            0.5799999833106995,
            0.0
        ],
        [
            0.28999999165534973,
            0.8700000047683716,
            0.0
        ],
        [
            0.5799999833106995,
            0.0,
            0.0
        ],
        [
            0.5799999833106995,
            0.28999999165534973,
            0.0
        ],
        [
            0.5799999833106995,
            0.5799999833106995,
            0.0
        ],
        [
            0.5799999833106995,
            0.8700000047683716,
            0.0
        ]
    ],
    "keypoints2d": [
        [
            1025.7440185546875,
            670.5625610351562,
            1.0
        ],
        [
            1065.559326171875,
            653.2703247070312,
            1.0
        ],
        [
            1102.1773681640625,
            637.56640625,
            1.0
        ],
        [
            1136.2247314453125,
            623.1373901367188,
            1.0
        ],
        [
            1063.6409912109375,
            693.7296142578125,
            1.0
        ],
        [
            1104.142333984375,
            674.4501342773438,
            1.0
        ],
        [
            1141.2679443359375,
            657.0272216796875,
            1.0
        ],
        [
            1175.601806640625,
            641.0357055664062,
            1.0
        ],
        [
            1106.3856201171875,
            719.9349365234375,
            1.0
        ],
        [
            1147.2991943359375,
            698.9722900390625,
            1.0
        ],
        [
            1184.8272705078125,
            679.3589477539062,
            1.0
        ],
        [
            1219.3148193359375,
            660.9646606445312,
            1.0
        ]
    ],
    "visited": true
}