{
    "keypoints3d": [
        [
            0.0,
            0.0,
            0.0
        ],
        [
            0.0,
            0.28999999165534973,
            0.0
        ],
        [
            0.0,
            0.5799999833106995,
            0.0
        ],
        [
            0.0,
            0.8700000047683716,
            0.0
        ],
        [
            0.28999999165534973,
            0.0,
            0.0
        ],
        [
            0.28999999165534973,
            0.28999999165534973,
            0.0
        ],
        [
            0.28999999165534973,
            0.5799999833106995,
            0.0
        ],
        [
            0.28999999165534973,
            0.8700000047683716,
            0.0
        ],
        [
            0.5799999833106995,
            0.0,
            0.0
        ],
        [
            0.5799999833106995,
            0.28999999165534973,
            0.0
        ],
        [
            0.5799999833106995,
            0.5799999833106995,
            0.0
        ],
        [
            0.5799999833106995,
            0.8700000047683716,
            0.0
        ]
    ],
    "keypoints2d": [
        [
            1143.5936279296875,
            712.6687622070312,
            1.0
        ],
        [
            1090.2288818359375,
            757.77783203125,
            1.0
        ],
        [
            1029.236572265625,
            809.3524780273438,
            1.0
        ],
        [
            958.8704223632812,
            868.1223754882812,
            1.0
        ],
        [
            1078.7174072265625,
            667.2205200195312,
            1.0
        ],
        [
            1024.752685546875,
            706.7889404296875,
            1.0
        ],
        [
            963.9172973632812,
            751.0123901367188,
            1.0
        ],
        [
            894.6256103515625,
            801.3930053710938,
            1.0
        ],
        [
            1021.4979858398438,
            627.4203491210938,
            1.0
        ],
        [
            967.7164306640625,
            661.6746826171875,
            1.0
        ],
        [
            907.5780639648438,
            700.3849487304688,
            1.0
        ],
        [
            839.30712890625,
            743.771484375,
            1.0
        ]
    ],
    "visited": true
}