{
    "keypoints3d": [
        [
            0.0,
            0.0,
            0.0
        ],
        [
            0.0,
            0.28999999165534973,
            0.0
        ],
        [
            0.0,
            0.5799999833106995,
            0.0
        ],
        [
            0.0,
            0.8700000047683716,
            0.0
        ],
        [
            0.28999999165534973,
            0.0,
            0.0
        ],
        [
            0.28999999165534973,
            0.28999999165534973,
            0.0
        ],
        [
            0.28999999165534973,
            0.5799999833106995,
            0.0
        ],
        [
            0.28999999165534973,
            0.8700000047683716,
            0.0
        ],
        [
            0.5799999833106995,
            0.0,
            0.0
        ],
        [
            0.5799999833106995,
            0.28999999165534973,
            0.0
        ],
        [
            0.5799999833106995,
            0.5799999833106995,
            0.0
        ],
        [
            0.5799999833106995,
            0.8700000047683716,
            0.0
        ]
    ],
    "keypoints2d": [
        [
            1135.3238525390625,
            575.0515747070312,
            1.0
        ],
        [
            1167.1876220703125,
            592.6634521484375,
            1.0
        ],
        [
            1203.2760009765625,
            615.2734375,
            1.0
        ],
        [
            1244.33935546875,
            639.40576171875,
            1.0
        ],
        [
            1092.7906494140625,
            590.436767578125,
            1.0
        ],
        [
            1123.231201171875,
            609.6099243164062,
            1.0
        ],
        [
            1157.2479248046875,
            634.3897705078125,
            1.0
        ],
        [
            1196.21630859375,
            660.5946655273438,
            1.0
        ],
        [
            1048.481689453125,
            607.31298828125,
            1.0
        ],
        [
            1076.654541015625,
            627.8966674804688,
            1.0
        ],
        [
            1108.6220703125,
            654.272216796875,
            1.0
        ],
        [
            1145.2044677734375,
            682.6983642578125,
            1.0
        ]
    ],
    "visited": true
}