{
    "keypoints3d": [
        [
            0.0,
            0.0,
            0.0
        ],
        [
            0.0,
            0.28999999165534973,
            0.0
        ],
        [
            0.0,
            0.5799999833106995,
            0.0
        ],
        [
            0.0,
            0.8700000047683716,
            0.0
        ],
        [
            0.28999999165534973,
            0.0,
            0.0
        ],
        [
            0.28999999165534973,
            0.28999999165534973,
            0.0
        ],
        [
            0.28999999165534973,
            0.5799999833106995,
            0.0
        ],
        [
            0.28999999165534973,
            0.8700000047683716,
            0.0
        ],
        [
            0.5799999833106995,
            0.0,
            0.0
        ],
        [
            0.5799999833106995,
            0.28999999165534973,
            0.0
        ],
        [
            0.5799999833106995,
            0.5799999833106995,
            0.0
        ],
        [
            0.5799999833106995,
            0.8700000047683716,
            0.0
        ]
    ],
    "keypoints2d": [
        [
            942.022705078125,
            866.7393188476562,
            1.0
        ],
        [
            883.7482299804688,
            786.17724609375,
            1.0
        ],
        [
            833.3858032226562,
            716.692138671875,
            1.0
        ],
        [
            789.533447265625,
            655.6458129882812,
            1.0
        ],
        [
            1024.250732421875,
            804.9609375,
            1.0
        ],
        [
            963.4666137695312,
            733.3665771484375,
            1.0
        ],
        [
            910.7723388671875,
            670.4989624023438,
            1.0
        ],
        [
            864.3511962890625,
            615.6388549804688,
            1.0
        ],
        [
            1097.3367919921875,
            749.894775390625,
            1.0
        ],
        [
            1034.89013671875,
            685.5654296875,
            1.0
        ],
        [
            980.3740844726562,
            629.0706176757812,
            1.0
        ],
        [
            931.9571533203125,
            579.2974243164062,
            1.0
        ]
    ],
    "visited": true
}