{
    "keypoints3d": [
        [
            0.0,
            0.0,
            0.0
        ],
        [
            0.0,
            0.28999999165534973,
            0.0
        ],
        [
            0.0,
            0.5799999833106995,
            0.0
        ],
        [
            0.0,
            0.8700000047683716,
            0.0
        ],
        [
            0.28999999165534973,
            0.0,
            0.0
        ],
        [
            0.28999999165534973,
            0.28999999165534973,
            0.0
        ],
        [
            0.28999999165534973,
            0.5799999833106995,
            0.0
        ],
        [
            0.28999999165534973,
            0.8700000047683716,
            0.0
        ],
        [
            0.5799999833106995,
            0.0,
            0.0
        ],
        [
            0.5799999833106995,
            0.28999999165534973,
            0.0
        ],
        [
            0.5799999833106995,
            0.5799999833106995,
            0.0
        ],
        [
            0.5799999833106995,
            0.8700000047683716,
            0.0
        ]
    ],
    "keypoints2d": [
        [
            887.900146484375,
            613.6110229492188,
            1.0
        ],
        [
            850.34619140625,
            587.765625,
            1.0
        ],
        [
            815.8524169921875,
            565.183837890625,
            1.0
        ],
        [
            784.2312622070312,
            544.0921630859375,
            1.0
        ],
        [
            930.8286743164062,
            593.3576049804688,
            1.0
        ],
        [
            893.4293212890625,
            569.09619140625,
            1.0
        ],
        [
            858.71240234375,
            548.1773071289062,
            1.0
        ],
        [
            826.5413208007812,
            528.8754272460938,
            1.0
        ],
        [
            969.7423706054688,
            574.3268432617188,
            1.0
        ],
        [
            932.3441162109375,
            552.1311645507812,
            1.0
        ],
        [
            897.6898193359375,
            532.8374633789062,
            1.0
        ],
        [
            865.5299072265625,
            514.7651977539062,
            1.0
        ]
    ],
    "visited": true
}