{
    "keypoints3d": [
        [
            0.0,
            0.0,
            0.0
        ],
        [
            0.0,
            0.28999999165534973,
            0.0
        ],
        [
            0.0,
            0.5799999833106995,
            0.0
        ],
        [
            0.0,
            0.8700000047683716,
            0.0
        ],
        [
            0.28999999165534973,
            0.0,
            0.0
        ],
        [
            0.28999999165534973,
            0.28999999165534973,
            0.0
        ],
        [
            0.28999999165534973,
            0.5799999833106995,
            0.0
        ],
        [
            0.28999999165534973,
            0.8700000047683716,
            0.0
        ],
        [
            0.5799999833106995,
            0.0,
            0.0
        ],
        [
            0.5799999833106995,
            0.28999999165534973,
            0.0
        ],
        [
            0.5799999833106995,
            0.5799999833106995,
            0.0
        ],
        [
            0.5799999833106995,
            0.8700000047683716,
            0.0
        ]
    ],
    "keypoints2d": [
        [
            1143.59375,
            712.6670532226562,
            1.0
        ],
        [
            1090.2208251953125,
            757.7996826171875,
            1.0
        ],
        [
            1029.243408203125,
            809.3651733398438,
            1.0
        ],
        [
            958.8648071289062,
            868.11328125,
            1.0
        ],
        [
            1078.712646484375,
            667.224365234375,
            1.0
        ],
        [
            1024.76904296875,
            706.802734375,
            1.0
        ],
        [
            963.93994140625,
            751.02490234375,
            1.0
        ],
        [
            894.6322021484375,
            801.3897094726562,
            1.0
        ],
        [
            1021.4939575195312,
            627.435302734375,
            1.0
        ],
        [
            967.7012939453125,
            661.6715087890625,
            1.0
        ],
        [
            907.5686645507812,
            700.405029296875,
            1.0
        ],
        [
            839.302978515625,
            743.7727661132812,
            1.0
        ]
    ],
    "visited": true
}