{
    "keypoints3d": [
        [
            0.0,
            0.0,
            0.0
        ],
        [
            0.0,
            0.28999999165534973,
            0.0
        ],
        [
            0.0,
            0.5799999833106995,
            0.0
        ],
        [
            0.0,
            0.8700000047683716,
            0.0
        ],
        [
            0.28999999165534973,
            0.0,
            0.0
        ],
        [
            0.28999999165534973,
            0.28999999165534973,
            0.0
        ],
        [
            0.28999999165534973,
            0.5799999833106995,
            0.0
        ],
        [
            0.28999999165534973,
            0.8700000047683716,
            0.0
        ],
        [
            0.5799999833106995,
            0.0,
            0.0
        ],
        [
            0.5799999833106995,
            0.28999999165534973,
            0.0
        ],
        [
            0.5799999833106995,
            0.5799999833106995,
            0.0
        ],
        [
            0.5799999833106995,
            0.8700000047683716,
            0.0
        ]
    ],
    "keypoints2d": [
        [
            866.4230346679688,
            520.4647216796875,
            1.0
        ],
        [
            826.3824462890625,
            541.8270263671875,
            1.0
        ],
        [
            782.5380859375,
            564.5233154296875,
            1.0
        ],
        [
            734.3749389648438,
            591.1282348632812,
            1.0
        ],
        [
            831.822998046875,
            505.4903564453125,
            1.0
        ],
        [
            791.7262573242188,
            524.6469116210938,
            1.0
        ],
        [
            747.6373901367188,
            545.6920776367188,
            1.0
        ],
        [
            699.905517578125,
            570.29833984375,
            1.0
        ],
        [
            799.6072387695312,
            491.51800537109375,
            1.0
        ],
        [
            759.54248046875,
            509.4590148925781,
            1.0
        ],
        [
            716.0016479492188,
            528.8355102539062,
            1.0
        ],
        [
            668.3990478515625,
            551.0183715820312,
            1.0
        ]
    ],
    "visited": true
}