{
    "keypoints3d": [
        [
            0.0,
            0.0,
            0.0
        ],
        [
            0.0,
            0.28999999165534973,
            0.0
        ],
        [
            0.0,
            0.5799999833106995,
            0.0
        ],
        [
            0.0,
            0.8700000047683716,
            0.0
        ],
        [
            0.28999999165534973,
            0.0,
            0.0
        ],
        [
            0.28999999165534973,
            0.28999999165534973,
            0.0
        ],
        [
            0.28999999165534973,
            0.5799999833106995,
            0.0
        ],
        [
            0.28999999165534973,
            0.8700000047683716,
            0.0
        ],
        [
            0.5799999833106995,
            0.0,
            0.0
        ],
        [
            0.5799999833106995,
            0.28999999165534973,
            0.0
        ],
        [
            0.5799999833106995,
            0.5799999833106995,
            0.0
        ],
        [
            0.5799999833106995,
            0.8700000047683716,
            0.0
        ]
    ],
    "keypoints2d": [
        [
            857.8207397460938,
            612.8353271484375,
            1.0
        ],
        [
            822.1053466796875,
            636.7042846679688,
            1.0
        ],
        [
            782.1353759765625,
            664.5460205078125,
            1.0
        ],
        [
            736.4007568359375,
            696.4117431640625,
            1.0
        ],
        [
            816.3178100585938,
            598.1686401367188,
            1.0
        ],
        [
            779.3770751953125,
            620.36279296875,
            1.0
        ],
        [
            737.864990234375,
            645.9487915039062,
            1.0
        ],
        [
            691.1807250976562,
            675.525390625,
            1.0
        ],
        [
            777.1646728515625,
            584.8463745117188,
            1.0
        ],
        [
            739.18115234375,
            605.7574462890625,
            1.0
        ],
        [
            696.7758178710938,
            629.4893798828125,
            1.0
        ],
        [
            649.1145629882812,
            656.3314819335938,
            1.0
        ]
    ],
    "visited": true
}