{
    "keypoints3d": [
        [
            0.0,
            0.0,
            0.0
        ],
        [
            0.0,
            0.28999999165534973,
            0.0
        ],
        [
            0.0,
            0.5799999833106995,
            0.0
        ],
        [
            0.0,
            0.8700000047683716,
            0.0
        ],
        [
            0.28999999165534973,
            0.0,
            0.0
        ],
        [
            0.28999999165534973,
            0.28999999165534973,
            0.0
        ],
        [
            0.28999999165534973,
            0.5799999833106995,
            0.0
        ],
        [
            0.28999999165534973,
            0.8700000047683716,
            0.0
        ],
        [
            0.5799999833106995,
            0.0,
            0.0
        ],
        [
            0.5799999833106995,
            0.28999999165534973,
            0.0
        ],
        [
            0.5799999833106995,
            0.5799999833106995,
            0.0
        ],
        [
            0.5799999833106995,
            0.8700000047683716,
            0.0
        ]
    ],
    "keypoints2d": [
        [
            1025.744140625,
            670.5822143554688,
            1.0
        ],
        [
            1065.5560302734375,
            653.30419921875,
            1.0
        ],
        [
            1102.185546875,
            637.5645751953125,
            1.0
        ],
        [
            1136.1588134765625,
            623.1329956054688,
            1.0
        ],
        [
            1063.6298828125,
            693.7324829101562,
            1.0
        ],
        [
            1104.171630859375,
            674.462158203125,
            1.0
        ],
        [
            1141.261474609375,
            657.0418090820312,
            1.0
        ],
        [
            1175.603759765625,
            640.9765014648438,
            1.0
        ],
        [
            1106.358642578125,
            719.8885498046875,
            1.0
        ],
        [
            1147.3094482421875,
            698.9815673828125,
            1.0
        ],
        [
            1184.7374267578125,
            679.3531494140625,
            1.0
        ],
        [
            1219.3079833984375,
            661.0332641601562,
            1.0
        ]
    ],
    "visited": true
}