{
    "keypoints3d": [
        [
            0.0,
            0.0,
            0.0
        ],
        [
            0.0,
            0.28999999165534973,
            0.0
        ],
        [
            0.0,
            0.5799999833106995,
            0.0
        ],
        [
            0.0,
            0.8700000047683716,
            0.0
        ],
        [
            0.28999999165534973,
            0.0,
            0.0
        ],
        [
            0.28999999165534973,
            0.28999999165534973,
            0.0
        ],
        [
            0.28999999165534973,
            0.5799999833106995,
            0.0
        ],
        [
            0.28999999165534973,
            0.8700000047683716,
            0.0
        ],
        [
            0.5799999833106995,
            0.0,
            0.0
        ],
        [
            0.5799999833106995,
            0.28999999165534973,
            0.0
        ],
        [
            0.5799999833106995,
            0.5799999833106995,
            0.0
        ],
        [
            0.5799999833106995,
            0.8700000047683716,
            0.0
        ]
    ],
    "keypoints2d": [
        [
            816.7715454101562,
            546.1652221679688,
            1.0
        ],
        [
            849.6715087890625,
            518.0674438476562,
            1.0
        ],
        [
            879.8313598632812,
            493.5915832519531,
            1.0
        ],
        [
            907.447998046875,
            471.4954528808594,
            1.0
        ],
        [
            862.4439086914062,
            557.6163330078125,
            1.0
        ],
        [
            894.2745361328125,
            527.9152221679688,
            1.0
        ],
        [
            923.04541015625,
            502.04681396484375,
            1.0
        ],
        [
            949.0457763671875,
            478.6485595703125,
            1.0
        ],
        [
            911.5458984375,
            570.2864379882812,
            1.0
        ],
        [
            941.9971923828125,
            539.1905517578125,
            1.0
        ],
        [
            968.9205322265625,
            511.5736083984375,
            1.0
        ],
        [
            993.618408203125,
            486.5690612792969,
            1.0
        ]
    ],
    "visited": true
}