{
    "keypoints3d": [
        [
            0.0,
            0.0,
            0.0
        ],
        [
            0.0,
            0.28999999165534973,
            0.0
        ],
        [
            0.0,
            0.5799999833106995,
            0.0
        ],
        [
            0.0,
            0.8700000047683716,
            0.0
        ],
        [
            0.28999999165534973,
            0.0,
            0.0
        ],
        [
            0.28999999165534973,
            0.28999999165534973,
            0.0
        ],
        [
            0.28999999165534973,
            0.5799999833106995,
            0.0
        ],
        [
            0.28999999165534973,
            0.8700000047683716,
            0.0
        ],
        [
            0.5799999833106995,
            0.0,
            0.0
        ],
        [
            0.5799999833106995,
            0.28999999165534973,
            0.0
        ],
        [
            0.5799999833106995,
            0.5799999833106995,
            0.0
        ],
        [
            0.5799999833106995,
            0.8700000047683716,
            0.0
        ]
    ],
    "keypoints2d": [
        [
            1025.730224609375,
            670.5668334960938,
            1.0
        ],
        [
            1065.579345703125,
            653.275634765625,
            1.0
        ],
        [
            1102.1904296875,
            637.5697631835938,
            1.0
        ],
        [
            1136.247802734375,
            623.1430053710938,
            1.0
        ],
        [
            1063.6500244140625,
            693.7268676757812,
            1.0
        ],
        [
            1104.1241455078125,
            674.4495239257812,
            1.0
        ],
        [
            1141.2562255859375,
            657.0496215820312,
            1.0
        ],
        [
            1175.5955810546875,
            641.0164184570312,
            1.0
        ],
        [
            1106.3677978515625,
            719.923583984375,
            1.0
        ],
        [
            1147.2852783203125,
            698.9676513671875,
            1.0
        ],
        [
            1184.80029296875,
            679.35986328125,
            1.0
        ],
        [
            1219.2821044921875,
            660.9780883789062,
            1.0
        ]
    ],
    "visited": true
}