{
    "keypoints3d": [
        [
            0.0,
            0.0,
            0.0
        ],
        [
            0.0,
            0.28999999165534973,
            0.0
        ],
        [
            0.0,
            0.5799999833106995,
            0.0
        ],
        [
            0.0,
            0.8700000047683716,
            0.0
        ],
        [
            0.28999999165534973,
            0.0,
            0.0
        ],
        [
            0.28999999165534973,
            0.28999999165534973,
            0.0
        ],
        [
            0.28999999165534973,
            0.5799999833106995,
            0.0
        ],
        [
            0.28999999165534973,
            0.8700000047683716,
            0.0
        ],
        [
            0.5799999833106995,
            0.0,
            0.0
        ],
        [
            0.5799999833106995,
            0.28999999165534973,
            0.0
        ],
        [
            0.5799999833106995,
            0.5799999833106995,
            0.0
        ],
        [
            0.5799999833106995,
            0.8700000047683716,
            0.0
        ]
    ],
    "keypoints2d": [
        [
            1025.7381591796875,
            670.5631103515625,
            1.0
        ],
        [
            1065.5518798828125,
            653.2794189453125,
            1.0
        ],
        [
            1102.2073974609375,
            637.572265625,
            1.0
        ],
        [
            1136.2283935546875,
            623.1351928710938,
            1.0
        ],
        [
            1063.645263671875,
            693.7258911132812,
            1.0
        ],
        [
            1104.1375732421875,
            674.4498291015625,
            1.0
        ],
        [
            1141.27783203125,
            657.0416870117188,
            1.0
        ],
        [
            1175.606689453125,
            641.0172729492188,
            1.0
        ],
        [
            1106.3677978515625,
            719.9148559570312,
            1.0
        ],
        [
            1147.2850341796875,
            698.9585571289062,
            1.0
        ],
        [
            1184.8045654296875,
            679.3655395507812,
            1.0
        ],
        [
            1219.3271484375,
            660.9677734375,
            1.0
        ]
    ],
    "visited": true
}