{
    "keypoints3d": [
        [
            0.0,
            0.0,
            0.0
        ],
        [
            0.0,
            0.28999999165534973,
            0.0
        ],
        [
            0.0,
            0.5799999833106995,
            0.0
        ],
        [
            0.0,
            0.8700000047683716,
            0.0
        ],
        [
            0.28999999165534973,
            0.0,
            0.0
        ],
        [
            0.28999999165534973,
            0.28999999165534973,
            0.0
        ],
        [
            0.28999999165534973,
            0.5799999833106995,
            0.0
        ],
        [
            0.28999999165534973,
            0.8700000047683716,
            0.0
        ],
        [
            0.5799999833106995,
            0.0,
            0.0
        ],
        [
            0.5799999833106995,
            0.28999999165534973,
            0.0
        ],
        [
            0.5799999833106995,
            0.5799999833106995,
            0.0
        ],
        [
            0.5799999833106995,
            0.8700000047683716,
            0.0
        ]
    ],
    "keypoints2d": [
        [
            857.8219604492188,
            612.8321533203125,
            1.0
        ],
        [
            822.10693359375,
            636.7057495117188,
            1.0
        ],
        [
            782.136474609375,
            664.5509643554688,
            1.0
        ],
        [
            736.3958129882812,
            696.4072875976562,
            1.0
        ],
        [
            816.3107299804688,
            598.16943359375,
            1.0
        ],
        [
            779.3934936523438,
            620.3594360351562,
            1.0
        ],
        [
            737.8853759765625,
            645.9457397460938,
            1.0
        ],
        [
            691.1837768554688,
            675.5187377929688,
            1.0
        ],
        [
            777.1715698242188,
            584.84716796875,
            1.0
        ],
        [
            739.1519165039062,
            605.7525024414062,
            1.0
        ],
        [
            696.7633056640625,
            629.489501953125,
            1.0
        ],
        [
            649.1162109375,
            656.3356323242188,
            1.0
        ]
    ],
    "visited": true
}