{
    "keypoints3d": [
        [
            0.0,
            0.0,
            0.0
        ],
        [
            0.0,
            0.28999999165534973,
            0.0
        ],
        [
            0.0,
            0.5799999833106995,
            0.0
        ],
        [
            0.0,
            0.8700000047683716,
            0.0
        ],
        [
            0.28999999165534973,
            0.0,
            0.0
        ],
        [
            0.28999999165534973,
            0.28999999165534973,
            0.0
        ],
        [
            0.28999999165534973,
            0.5799999833106995,
            0.0
        ],
        [
            0.28999999165534973,
            0.8700000047683716,
            0.0
        ],
        [
            0.5799999833106995,
            0.0,
            0.0
        ],
        [
            0.5799999833106995,
            0.28999999165534973,
            0.0
        ],
        [
            0.5799999833106995,
            0.5799999833106995,
            0.0
        ],
        [
            0.5799999833106995,
            0.8700000047683716,
            0.0
        ]
    ],
    "keypoints2d": [
        [
            857.836181640625,
            612.8197631835938,
            1.0
        ],
        [
            822.1635131835938,
            636.7459106445312,
            1.0
        ],
        [
            782.1416015625,
            664.537841796875,
            1.0
        ],
        [
            736.3937377929688,
            696.38330078125,
            1.0
        ],
        [
            816.2313842773438,
            598.2361450195312,
            1.0
        ],
        [
            779.383544921875,
            620.3651733398438,
            1.0
        ],
        [
            737.8486938476562,
            645.9580688476562,
            1.0
        ],
        [
            691.2225341796875,
            675.527099609375,
            1.0
        ],
        [
            777.14013671875,
            584.8504028320312,
            1.0
        ],
        [
            739.1167602539062,
            605.7545166015625,
            1.0
        ],
        [
            696.8536376953125,
            629.4921264648438,
            1.0
        ],
        [
            649.0965576171875,
            656.3251342773438,
            1.0
        ]
    ],
    "visited": true
}