{
    "keypoints3d": [
        [
            0.0,
            0.0,
            0.0
        ],
        [
            0.0,
            0.28999999165534973,
            0.0
        ],
        [
            0.0,
            0.5799999833106995,
            0.0
        ],
        [
            0.0,
            0.8700000047683716,
            0.0
        ],
        [
            0.28999999165534973,
            0.0,
            0.0
        ],
        [
            0.28999999165534973,
            0.28999999165534973,
            0.0
        ],
        [
            0.28999999165534973,
            0.5799999833106995,
            0.0
        ],
        [
            0.28999999165534973,
            0.8700000047683716,
            0.0
        ],
        [
            0.5799999833106995,
            0.0,
            0.0
        ],
        [
            0.5799999833106995,
            0.28999999165534973,
            0.0
        ],
        [
            0.5799999833106995,
            0.5799999833106995,
            0.0
        ],
        [
            0.5799999833106995,
            0.8700000047683716,
            0.0
        ]
    ],
    "keypoints2d": [
        [
            785.8838500976562,
            506.652099609375,
            1.0
        ],
        [
            821.3660888671875,
            519.5607299804688,
            1.0
        ],
        [
            859.8482055664062,
            534.4907836914062,
            1.0
        ],
        [
            901.2509765625,
            550.7620239257812,
            1.0
        ],
        [
            744.6472778320312,
            531.46337890625,
            1.0
        ],
        [
            780.4412841796875,
            546.18115234375,
            1.0
        ],
        [
            818.9107055664062,
            562.4801635742188,
            1.0
        ],
        [
            860.8006591796875,
            580.947509765625,
            1.0
        ],
        [
            699.5715942382812,
            558.5807495117188,
            1.0
        ],
        [
            735.3109130859375,
            575.76806640625,
            1.0
        ],
        [
            773.7810668945312,
            594.3684692382812,
            1.0
        ],
        [
            815.6075439453125,
            614.9473266601562,
            1.0
        ]
    ],
    "visited": true
}