{
    "keypoints3d": [
        [
            0.0,
            0.0,
            0.0
        ],
        [
            0.0,
            0.28999999165534973,
            0.0
        ],
        [
            0.0,
            0.5799999833106995,
            0.0
        ],
        [
            0.0,
            0.8700000047683716,
            0.0
        ],
        [
            0.28999999165534973,
            0.0,
            0.0
        ],
        [
            0.28999999165534973,
            0.28999999165534973,
            0.0
        ],
        [
            0.28999999165534973,
            0.5799999833106995,
            0.0
        ],
        [
            0.28999999165534973,
            0.8700000047683716,
            0.0
        ],
        [
            0.5799999833106995,
            0.0,
            0.0
        ],
        [
            0.5799999833106995,
            0.28999999165534973,
            0.0
        ],
        [
            0.5799999833106995,
            0.5799999833106995,
            0.0
        ],
        [
            0.5799999833106995,
            0.8700000047683716,
            0.0
        ]
    ],
    "keypoints2d": [
        [
            785.8956298828125,
            506.6366882324219,
            1.0
        ],
        [
            821.362060546875,
            519.5559692382812,
            1.0
        ],
        [
            859.83642578125,
            534.49609375,
            1.0
        ],
        [
            901.261962890625,
            550.7593383789062,
            1.0
        ],
        [
            744.6796875,
            531.4547729492188,
            1.0
        ],
        [
            780.4644165039062,
            546.1699829101562,
            1.0
        ],
        [
            818.894775390625,
            562.4818725585938,
            1.0
        ],
        [
            860.7906494140625,
            580.9384155273438,
            1.0
        ],
        [
            699.569091796875,
            558.5899047851562,
            1.0
        ],
        [
            735.3139038085938,
            575.7706298828125,
            1.0
        ],
        [
            773.8129272460938,
            594.3612060546875,
            1.0
        ],
        [
            815.6058349609375,
            614.9413452148438,
            1.0
        ]
    ],
    "visited": true
}