{
    "keypoints3d": [
        [
            0.0,
            0.0,
            0.0
        ],
        [
            0.0,
            0.28999999165534973,
            0.0
        ],
        [
            0.0,
            0.5799999833106995,
            0.0
        ],
        [
            0.0,
            0.8700000047683716,
            0.0
        ],
        [
            0.28999999165534973,
            0.0,
            0.0
        ],
        [
            0.28999999165534973,
            0.28999999165534973,
            0.0
        ],
        [
            0.28999999165534973,
            0.5799999833106995,
            0.0
        ],
        [
            0.28999999165534973,
            0.8700000047683716,
            0.0
        ],
        [
            0.5799999833106995,
            0.0,
            0.0
        ],
        [
            0.5799999833106995,
            0.28999999165534973,
            0.0
        ],
        [
            0.5799999833106995,
            0.5799999833106995,
            0.0
        ],
        [
            0.5799999833106995,
            0.8700000047683716,
            0.0
        ]
    ],
    "keypoints2d": [
        [
            1143.595703125,
            712.6649169921875,
            1.0
        ],
        [
            1090.2127685546875,
            757.8060302734375,
            1.0
        ],
        [
            1029.247314453125,
            809.3541259765625,
            1.0
        ],
        [
            958.8470458984375,
            868.1082153320312,
            1.0
        ],
        [
            1078.70458984375,
            667.229736328125,
            1.0
        ],
        [
            1024.77783203125,
            706.8020629882812,
            1.0
        ],
        [
            963.94287109375,
            751.0118408203125,
            1.0
        ],
        [
            894.64013671875,
            801.3976440429688,
            1.0
        ],
        [
            1021.4924926757812,
            627.4309692382812,
            1.0
        ],
        [
            967.7054443359375,
            661.6728515625,
            1.0
        ],
        [
            907.5689697265625,
            700.4130249023438,
            1.0
        ],
        [
            839.29833984375,
            743.7777709960938,
            1.0
        ]
    ],
    "visited": true
}