{
    "keypoints3d": [
        [
            0.0,
            0.0,
            0.0
        ],
        [
            0.0,
            0.28999999165534973,
            0.0
        ],
        [
            0.0,
            0.5799999833106995,
            0.0
        ],
        [
            0.0,
            0.8700000047683716,
            0.0
        ],
        [
            0.28999999165534973,
            0.0,
            0.0
        ],
        [
            0.28999999165534973,
            0.28999999165534973,
            0.0
        ],
        [
            0.28999999165534973,
            0.5799999833106995,
            0.0
        ],
        [
            0.28999999165534973,
            0.8700000047683716,
            0.0
        ],
        [
            0.5799999833106995,
            0.0,
            0.0
        ],
        [
            0.5799999833106995,
            0.28999999165534973,
            0.0
        ],
        [
            0.5799999833106995,
            0.5799999833106995,
            0.0
        ],
        [
            0.5799999833106995,
            0.8700000047683716,
            0.0
        ]
    ],
    "keypoints2d": [
        [
            1025.7513427734375,
            670.56005859375,
            1.0
        ],
        [
            1065.571533203125,
            653.2776489257812,
            1.0
        ],
        [
            1102.191162109375,
            637.5643310546875,
            1.0
        ],
        [
            1136.24365234375,
            623.130859375,
            1.0
        ],
        [
            1063.6424560546875,
            693.7346801757812,
            1.0
        ],
        [
            1104.14306640625,
            674.446533203125,
            1.0
        ],
        [
            1141.2518310546875,
            657.0530395507812,
            1.0
        ],
        [
            1175.59912109375,
            641.0123901367188,
            1.0
        ],
        [
            1106.3623046875,
            719.91943359375,
            1.0
        ],
        [
            1147.290283203125,
            698.9536743164062,
            1.0
        ],
        [
            1184.813232421875,
            679.3561401367188,
            1.0
        ],
        [
            1219.2952880859375,
            661.0057983398438,
            1.0
        ]
    ],
    "visited": true
}