{
    "keypoints3d": [
        [
            0.0,
            0.0,
            0.0
        ],
        [
            0.0,
            0.28999999165534973,
            0.0
        ],
        [
            0.0,
            0.5799999833106995,
            0.0
        ],
        [
            0.0,
            0.8700000047683716,
            0.0
        ],
        [
            0.28999999165534973,
            0.0,
            0.0
        ],
        [
            0.28999999165534973,
            0.28999999165534973,
            0.0
        ],
        [
            0.28999999165534973,
            0.5799999833106995,
            0.0
        ],
        [
            0.28999999165534973,
            0.8700000047683716,
            0.0
        ],
        [
            0.5799999833106995,
            0.0,
            0.0
        ],
        [
            0.5799999833106995,
            0.28999999165534973,
            0.0
        ],
        [
            0.5799999833106995,
            0.5799999833106995,
            0.0
        ],
        [
            0.5799999833106995,
            0.8700000047683716,
            0.0
        ]
    ],
    "keypoints2d": [
        [
            791.3175048828125,
            629.328369140625,
            1.0
        ],
        [
            758.6640625,
            604.2241821289062,
            1.0
        ],
        [
            729.0413208007812,
            581.400390625,
            1.0
        ],
        [
            701.6978149414062,
            560.2290649414062,
            1.0
        ],
        [
            840.6461791992188,
            608.9337768554688,
            1.0
        ],
        [
            807.5940551757812,
            586.3516235351562,
            1.0
        ],
        [
            777.5432739257812,
            565.408935546875,
            1.0
        ],
        [
            749.7205810546875,
            546.04638671875,
            1.0
        ],
        [
            885.2400512695312,
            590.9971923828125,
            1.0
        ],
        [
            851.8809204101562,
            570.1693725585938,
            1.0
        ],
        [
            821.1340942382812,
            550.6245727539062,
            1.0
        ],
        [
            792.720458984375,
            532.625,
            1.0
        ]
    ],
    "visited": true
}