{
    "keypoints3d": [
        [
            0.0,
            0.0,
            0.0
        ],
        [
            0.0,
            0.28999999165534973,
            0.0
        ],
        [
            0.0,
            0.5799999833106995,
            0.0
        ],
        [
            0.0,
            0.8700000047683716,
            0.0
        ],
        [
            0.28999999165534973,
            0.0,
            0.0
        ],
        [
            0.28999999165534973,
            0.28999999165534973,
            0.0
        ],
        [
            0.28999999165534973,
            0.5799999833106995,
            0.0
        ],
        [
            0.28999999165534973,
            0.8700000047683716,
            0.0
        ],
        [
            0.5799999833106995,
            0.0,
            0.0
        ],
        [
            0.5799999833106995,
            0.28999999165534973,
            0.0
        ],
        [
            0.5799999833106995,
            0.5799999833106995,
            0.0
        ],
        [
            0.5799999833106995,
            0.8700000047683716,
            0.0
        ]
    ],
    "keypoints2d": [
        [
            857.8165893554688,
            612.8402099609375,
            1.0
        ],
        [
            822.127685546875,
            636.7075805664062,
            1.0
        ],
        [
            782.1656494140625,
            664.5415649414062,
            1.0
        ],
        [
            736.3974609375,
            696.40576171875,
            1.0
        ],
        [
            816.304443359375,
            598.1769409179688,
            1.0
        ],
        [
            779.3851318359375,
            620.3728637695312,
            1.0
        ],
        [
            737.8367309570312,
            645.9614868164062,
            1.0
        ],
        [
            691.1686401367188,
            675.523193359375,
            1.0
        ],
        [
            777.1558227539062,
            584.8348999023438,
            1.0
        ],
        [
            739.1668701171875,
            605.7584838867188,
            1.0
        ],
        [
            696.8026123046875,
            629.49072265625,
            1.0
        ],
        [
            649.1324462890625,
            656.3133544921875,
            1.0
        ]
    ],
    "visited": true
}