{
    "keypoints3d": [
        [
            0.0,
            0.0,
            0.0
        ],
        [
            0.0,
            0.28999999165534973,
            0.0
        ],
        [
            0.0,
            0.5799999833106995,
            0.0
        ],
        [
            0.0,
            0.8700000047683716,
            0.0
        ],
        [
            0.28999999165534973,
            0.0,
            0.0
        ],
        [
            0.28999999165534973,
            0.28999999165534973,
            0.0
        ],
        [
            0.28999999165534973,
            0.5799999833106995,
            0.0
        ],
        [
            0.28999999165534973,
            0.8700000047683716,
            0.0
        ],
        [
            0.5799999833106995,
            0.0,
            0.0
        ],
        [
            0.5799999833106995,
            0.28999999165534973,
            0.0
        ],
        [
            0.5799999833106995,
            0.5799999833106995,
            0.0
        ],
        [
            0.5799999833106995,
            0.8700000047683716,
            0.0
        ]
    ],
    "keypoints2d": [
        [
            785.907470703125,
            506.6408386230469,
            1.0
        ],
        [
            821.3646850585938,
            519.5538940429688,
            1.0
        ],
        [
            859.8046264648438,
            534.5020141601562,
            1.0
        ],
        [
            901.2391967773438,
            550.7586059570312,
            1.0
        ],
        [
            744.6788940429688,
            531.456298828125,
            1.0
        ],
        [
            780.4633178710938,
            546.1817016601562,
            1.0
        ],
        [
            818.914306640625,
            562.4786987304688,
            1.0
        ],
        [
            860.7717895507812,
            580.9481811523438,
            1.0
        ],
        [
            699.5966796875,
            558.591796875,
            1.0
        ],
        [
            735.3082885742188,
            575.7745971679688,
            1.0
        ],
        [
            773.8139038085938,
            594.3605346679688,
            1.0
        ],
        [
            815.6243286132812,
            614.9176025390625,
            1.0
        ]
    ],
    "visited": true
}