{
    "keypoints3d": [
        [
            0.0,
            0.0,
            0.0
        ],
        [
            0.0,
            0.28999999165534973,
            0.0
        ],
        [
            0.0,
            0.5799999833106995,
            0.0
        ],
        [
            0.0,
            0.8700000047683716,
            0.0
        ],
        [
            0.28999999165534973,
            0.0,
            0.0
        ],
        [
            0.28999999165534973,
            0.28999999165534973,
            0.0
        ],
        [
            0.28999999165534973,
            0.5799999833106995,
            0.0
        ],
        [
            0.28999999165534973,
            0.8700000047683716,
            0.0
        ],
        [
            0.5799999833106995,
            0.0,
            0.0
        ],
        [
            0.5799999833106995,
            0.28999999165534973,
            0.0
        ],
        [
            0.5799999833106995,
            0.5799999833106995,
            0.0
        ],
        [
            0.5799999833106995,
            0.8700000047683716,
            0.0
        ]
    ],
    "keypoints2d": [
        [
            785.9257202148438,
            506.6352233886719,
            1.0
        ],
        [
            821.3815307617188,
            519.546630859375,
            1.0
        ],
        [
            859.80322265625,
            534.5,
            1.0
        ],
        [
            901.2341918945312,
            550.771240234375,
            1.0
        ],
        [
            744.6875610351562,
            531.4579467773438,
            1.0
        ],
        [
            780.4594116210938,
            546.18310546875,
            1.0
        ],
        [
            818.9129028320312,
            562.4780883789062,
            1.0
        ],
        [
            860.7601318359375,
            580.94384765625,
            1.0
        ],
        [
            699.5817260742188,
            558.5914306640625,
            1.0
        ],
        [
            735.3074951171875,
            575.7727661132812,
            1.0
        ],
        [
            773.8030395507812,
            594.3569946289062,
            1.0
        ],
        [
            815.6211547851562,
            614.9185791015625,
            1.0
        ]
    ],
    "visited": true
}