{
    "keypoints3d": [
        [
            0.0,
            0.0,
            0.0
        ],
        [
            0.0,
            0.28999999165534973,
            0.0
        ],
        [
            0.0,
            0.5799999833106995,
            0.0
        ],
        [
            0.0,
            0.8700000047683716,
            0.0
        ],
        [
            0.28999999165534973,
            0.0,
            0.0
        ],
        [
            0.28999999165534973,
            0.28999999165534973,
            0.0
        ],
        [
            0.28999999165534973,
            0.5799999833106995,
            0.0
        ],
        [
            0.28999999165534973,
            0.8700000047683716,
            0.0
        ],
        [
            0.5799999833106995,
            0.0,
            0.0
        ],
        [
            0.5799999833106995,
            0.28999999165534973,
            0.0
        ],
        [
            0.5799999833106995,
            0.5799999833106995,
            0.0
        ],
        [
            0.5799999833106995,
            0.8700000047683716,
            0.0
        ]
    ],
    "keypoints2d": [
        [
            1143.6046142578125,
            712.6506958007812,
            1.0
        ],
        [
            1090.2010498046875,
            757.8104248046875,
            1.0
        ],
        [
            1029.2489013671875,
            809.3529663085938,
            1.0
        ],
        [
            958.868896484375,
            868.1214599609375,
            1.0
        ],
        [
            1078.7159423828125,
            667.2210083007812,
            1.0
        ],
        [
            1024.78125,
            706.8167114257812,
            1.0
        ],
        [
            963.952880859375,
            751.0160522460938,
            1.0
        ],
        [
            894.6535034179688,
            801.3944091796875,
            1.0
        ],
        [
            1021.4906616210938,
            627.420654296875,
            1.0
        ],
        [
            967.6968383789062,
            661.6681518554688,
            1.0
        ],
        [
            907.57080078125,
            700.4271240234375,
            1.0
        ],
        [
            839.3009643554688,
            743.7901611328125,
            1.0
        ]
    ],
    "visited": true
}