{
    "keypoints3d": [
        [
            0.0,
            0.0,
            0.0
        ],
        [
            0.0,
            0.28999999165534973,
            0.0
        ],
        [
            0.0,
            0.5799999833106995,
            0.0
        ],
        [
            0.0,
            0.8700000047683716,
            0.0
        ],
        [
            0.28999999165534973,
            0.0,
            0.0
        ],
        [
            0.28999999165534973,
            0.28999999165534973,
            0.0
        ],
        [
            0.28999999165534973,
            0.5799999833106995,
            0.0
        ],
        [
            0.28999999165534973,
            0.8700000047683716,
            0.0
        ],
        [
            0.5799999833106995,
            0.0,
            0.0
        ],
        [
            0.5799999833106995,
            0.28999999165534973,
            0.0
        ],
        [
            0.5799999833106995,
            0.5799999833106995,
            0.0
        ],
        [
            0.5799999833106995,
            0.8700000047683716,
            0.0
        ]
    ],
    "keypoints2d": [
        [
            960.1732177734375,
            697.0748901367188,
            1.0
        ],
        [
            978.3082275390625,
            680.379150390625,
            1.0
        ],
        [
            995.26513671875,
            664.2479248046875,
            1.0
        ],
        [
            1011.0455322265625,
            648.7451171875,
            1.0
        ],
        [
            990.6170043945312,
            711.1761474609375,
            1.0
        ],
        [
            1008.0144653320312,
            692.9498291015625,
            1.0
        ],
        [
            1024.4912109375,
            675.4424438476562,
            1.0
        ],
        [
            1039.8416748046875,
            658.683837890625,
            1.0
        ],
        [
            1022.5440063476562,
            725.4588012695312,
            1.0
        ],
        [
            1039.2755126953125,
            706.1755981445312,
            1.0
        ],
        [
            1054.9063720703125,
            688.1921997070312,
            1.0
        ],
        [
            1069.431640625,
            671.5119018554688,
            1.0
        ]
    ],
    "visited": true
}