{
    "keypoints3d": [
        [
            0.0,
            0.0,
            0.0
        ],
        [
            0.0,
            0.28999999165534973,
            0.0
        ],
        [
            0.0,
            0.5799999833106995,
            0.0
        ],
        [
            0.0,
            0.8700000047683716,
            0.0
        ],
        [
            0.28999999165534973,
            0.0,
            0.0
        ],
        [
            0.28999999165534973,
            0.28999999165534973,
            0.0
        ],
        [
            0.28999999165534973,
            0.5799999833106995,
            0.0
        ],
        [
            0.28999999165534973,
            0.8700000047683716,
            0.0
        ],
        [
            0.5799999833106995,
            0.0,
            0.0
        ],
        [
            0.5799999833106995,
            0.28999999165534973,
            0.0
        ],
        [
            0.5799999833106995,
            0.5799999833106995,
            0.0
        ],
        [
            0.5799999833106995,
            0.8700000047683716,
            0.0
        ]
    ],
    "keypoints2d": [
        [
            838.3034057617188,
            850.6105346679688,
            1.0
        ],
        [
            820.9134521484375,
            826.4716796875,
            1.0
        ],
        [
            804.8790893554688,
            801.5575561523438,
            1.0
        ],
        [
            790.25732421875,
            776.1737060546875,
            1.0
        ],
        [
            798.9591674804688,
            869.2263793945312,
            1.0
        ],
        [
            782.5538940429688,
            840.8032836914062,
            1.0
        ],
        [
            767.6632690429688,
            812.8958740234375,
            1.0
        ],
        [
            754.314453125,
            789.4097290039062,
            1.0
        ],
        [
            757.1549072265625,
            886.5811157226562,
            1.0
        ],
        [
            741.9327392578125,
            855.7888793945312,
            1.0
        ],
        [
            728.869873046875,
            830.6201782226562,
            1.0
        ],
        [
            716.209228515625,
            804.2808837890625,
            1.0
        ]
    ],
    "visited": true
}