{
    "keypoints3d": [
        [
            0.0,
            0.0,
            0.0
        ],
        [
            0.0,
            0.28999999165534973,
            0.0
        ],
        [
            0.0,
            0.5799999833106995,
            0.0
        ],
        [
            0.0,
            0.8700000047683716,
            0.0
        ],
        [
            0.28999999165534973,
            0.0,
            0.0
        ],
        [
            0.28999999165534973,
            0.28999999165534973,
            0.0
        ],
        [
            0.28999999165534973,
            0.5799999833106995,
            0.0
        ],
        [
            0.28999999165534973,
            0.8700000047683716,
            0.0
        ],
        [
            0.5799999833106995,
            0.0,
            0.0
        ],
        [
            0.5799999833106995,
            0.28999999165534973,
            0.0
        ],
        [
            0.5799999833106995,
            0.5799999833106995,
            0.0
        ],
        [
            0.5799999833106995,
            0.8700000047683716,
            0.0
        ]
    ],
    "keypoints2d": [
        [
            857.8114013671875,
            612.8350830078125,
            1.0
        ],
        [
            822.0979614257812,
            636.6979370117188,
            1.0
        ],
        [
            782.1396484375,
            664.5477294921875,
            1.0
        ],
        [
            736.406494140625,
            696.411865234375,
            1.0
        ],
        [
            816.3197631835938,
            598.1717529296875,
            1.0
        ],
        [
            779.358642578125,
            620.3710327148438,
            1.0
        ],
        [
            737.905029296875,
            645.9419555664062,
            1.0
        ],
        [
            691.2017211914062,
            675.5244140625,
            1.0
        ],
        [
            777.1580200195312,
            584.849609375,
            1.0
        ],
        [
            739.228515625,
            605.7553100585938,
            1.0
        ],
        [
            696.7980346679688,
            629.4909057617188,
            1.0
        ],
        [
            649.1053466796875,
            656.326904296875,
            1.0
        ]
    ],
    "visited": true
}