{
    "keypoints3d": [
        [
            0.0,
            0.0,
            0.0
        ],
        [
            0.0,
            0.28999999165534973,
            0.0
        ],
        [
            0.0,
            0.5799999833106995,
            0.0
        ],
        [
            0.0,
            0.8700000047683716,
            0.0
        ],
        [
            0.28999999165534973,
            0.0,
            0.0
        ],
        [
            0.28999999165534973,
            0.28999999165534973,
            0.0
        ],
        [
            0.28999999165534973,
            0.5799999833106995,
            0.0
        ],
        [
            0.28999999165534973,
            0.8700000047683716,
            0.0
        ],
        [
            0.5799999833106995,
            0.0,
            0.0
        ],
        [
            0.5799999833106995,
            0.28999999165534973,
            0.0
        ],
        [
            0.5799999833106995,
            0.5799999833106995,
            0.0
        ],
        [
            0.5799999833106995,
            0.8700000047683716,
            0.0
        ]
    ],
    "keypoints2d": [
        [
            818.9144897460938,
            502.156005859375,
            1.0
        ],
        [
            856.5895385742188,
            525.8594970703125,
            1.0
        ],
        [
            896.7132568359375,
            552.429443359375,
            1.0
        ],
        [
            940.4243774414062,
            580.6749877929688,
            1.0
        ],
        [
            773.7833251953125,
            519.5696411132812,
            1.0
        ],
        [
            811.6943359375,
            545.5065307617188,
            1.0
        ],
        [
            852.4406127929688,
            573.8873291015625,
            1.0
        ],
        [
            896.7968139648438,
            604.7947998046875,
            1.0
        ],
        [
            723.626708984375,
            539.61865234375,
            1.0
        ],
        [
            761.6289672851562,
            567.4303588867188,
            1.0
        ],
        [
            802.6806640625,
            597.9782104492188,
            1.0
        ],
        [
            847.4658203125,
            632.434326171875,
            1.0
        ]
    ],
    "visited": true
}