{
    "keypoints3d": [
        [
            0.0,
            0.0,
            0.0
        ],
        [
            0.0,
            0.28999999165534973,
            0.0
        ],
        [
            0.0,
            0.5799999833106995,
            0.0
        ],
        [
            0.0,
            0.8700000047683716,
            0.0
        ],
        [
            0.28999999165534973,
            0.0,
            0.0
        ],
        [
            0.28999999165534973,
            0.28999999165534973,
            0.0
        ],
        [
            0.28999999165534973,
            0.5799999833106995,
            0.0
        ],
        [
            0.28999999165534973,
            0.8700000047683716,
            0.0
        ],
        [
            0.5799999833106995,
            0.0,
            0.0
        ],
        [
            0.5799999833106995,
            0.28999999165534973,
            0.0
        ],
        [
            0.5799999833106995,
            0.5799999833106995,
            0.0
        ],
        [
            0.5799999833106995,
            0.8700000047683716,
            0.0
        ]
    ],
    "keypoints2d": [
        [
            1143.596435546875,
            712.6752319335938,
            1.0
        ],
        [
            1090.2230224609375,
            757.79541015625,
            1.0
        ],
        [
            1029.247802734375,
            809.370361328125,
            1.0
        ],
        [
            958.8648681640625,
            868.1298828125,
            1.0
        ],
        [
            1078.7127685546875,
            667.22607421875,
            1.0
        ],
        [
            1024.768310546875,
            706.8004760742188,
            1.0
        ],
        [
            963.9282836914062,
            751.0150146484375,
            1.0
        ],
        [
            894.6368408203125,
            801.3911743164062,
            1.0
        ],
        [
            1021.4852905273438,
            627.4308471679688,
            1.0
        ],
        [
            967.720947265625,
            661.6688232421875,
            1.0
        ],
        [
            907.5792236328125,
            700.3998413085938,
            1.0
        ],
        [
            839.3054809570312,
            743.77392578125,
            1.0
        ]
    ],
    "visited": true
}