{
    "keypoints3d": [
        [
            0.0,
            0.0,
            0.0
        ],
        [
            0.0,
            0.28999999165534973,
            0.0
        ],
        [
            0.0,
            0.5799999833106995,
            0.0
        ],
        [
            0.0,
            0.8700000047683716,
            0.0
        ],
        [
            0.28999999165534973,
            0.0,
            0.0
        ],
        [
            0.28999999165534973,
            0.28999999165534973,
            0.0
        ],
        [
            0.28999999165534973,
            0.5799999833106995,
            0.0
        ],
        [
            0.28999999165534973,
            0.8700000047683716,
            0.0
        ],
        [
            0.5799999833106995,
            0.0,
            0.0
        ],
        [
            0.5799999833106995,
            0.28999999165534973,
            0.0
        ],
        [
            0.5799999833106995,
            0.5799999833106995,
            0.0
        ],
        [
            0.5799999833106995,
            0.8700000047683716,
            0.0
        ]
    ],
    "keypoints2d": [
        [
            857.80859375,
            612.83447265625,
            1.0
        ],
        [
            822.1365966796875,
            636.7169799804688,
            1.0
        ],
        [
            782.1296997070312,
            664.547119140625,
            1.0
        ],
        [
            736.3966064453125,
            696.4046020507812,
            1.0
        ],
        [
            816.2802734375,
            598.1890258789062,
            1.0
        ],
        [
            779.3783569335938,
            620.3736572265625,
            1.0
        ],
        [
            737.8265380859375,
            645.9690551757812,
            1.0
        ],
        [
            691.1666870117188,
            675.5243530273438,
            1.0
        ],
        [
            777.1519165039062,
            584.8316650390625,
            1.0
        ],
        [
            739.1656494140625,
            605.7528076171875,
            1.0
        ],
        [
            696.8289184570312,
            629.4815673828125,
            1.0
        ],
        [
            649.1405029296875,
            656.3248291015625,
            1.0
        ]
    ],
    "visited": true
}