{
    "keypoints3d": [
        [
            0.0,
            0.0,
            0.0
        ],
        [
            0.0,
            0.28999999165534973,
            0.0
        ],
        [
            0.0,
            0.5799999833106995,
            0.0
        ],
        [
            0.0,
            0.8700000047683716,
            0.0
        ],
        [
            0.28999999165534973,
            0.0,
            0.0
        ],
        [
            0.28999999165534973,
            0.28999999165534973,
            0.0
        ],
        [
            0.28999999165534973,
            0.5799999833106995,
            0.0
        ],
        [
            0.28999999165534973,
            0.8700000047683716,
            0.0
        ],
        [
            0.5799999833106995,
            0.0,
            0.0
        ],
        [
            0.5799999833106995,
            0.28999999165534973,
            0.0
        ],
        [
            0.5799999833106995,
            0.5799999833106995,
            0.0
        ],
        [
            0.5799999833106995,
            0.8700000047683716,
            0.0
        ]
    ],
    "keypoints2d": [
        [
            896.0811767578125,
            556.820556640625,
            1.0
        ],
        [
            927.3724365234375,
            535.2705078125,
            1.0
        ],
        [
            956.2406616210938,
            515.7200927734375,
            1.0
        ],
        [
            982.5908203125,
            497.8725891113281,
            1.0
        ],
        [
            937.4253540039062,
            570.0466918945312,
            1.0
        ],
        [
            968.1239624023438,
            546.403076171875,
            1.0
        ],
        [
            996.3466796875,
            525.8396606445312,
            1.0
        ],
        [
            1021.3558959960938,
            507.3944091796875,
            1.0
        ],
        [
            982.3558959960938,
            584.58349609375,
            1.0
        ],
        [
            1011.9722900390625,
            559.2103881835938,
            1.0
        ],
        [
            1038.843994140625,
            537.023193359375,
            1.0
        ],
        [
            1063.387939453125,
            516.7958984375,
            1.0
        ]
    ],
    "visited": true
}