{
    "keypoints3d": [
        [
            0.0,
            0.0,
            0.0
        ],
        [
            0.0,
            0.28999999165534973,
            0.0
        ],
        [
            0.0,
            0.5799999833106995,
            0.0
        ],
        [
            0.0,
            0.8700000047683716,
            0.0
        ],
        [
            0.28999999165534973,
            0.0,
            0.0
        ],
        [
            0.28999999165534973,
            0.28999999165534973,
            0.0
        ],
        [
            0.28999999165534973,
            0.5799999833106995,
            0.0
        ],
        [
            0.28999999165534973,
            0.8700000047683716,
            0.0
        ],
        [
            0.5799999833106995,
            0.0,
            0.0
        ],
        [
            0.5799999833106995,
            0.28999999165534973,
            0.0
        ],
        [
            0.5799999833106995,
            0.5799999833106995,
            0.0
        ],
        [
            0.5799999833106995,
            0.8700000047683716,
            0.0
        ]
    ],
    "keypoints2d": [
        [
            896.0878295898438,
            556.8196411132812,
            1.0
        ],
        [
            927.3485107421875,
            535.281005859375,
            1.0
        ],
        [
            956.238037109375,
            515.723876953125,
            1.0
        ],
        [
            982.5945434570312,
            497.8759460449219,
            1.0
        ],
        [
            937.44384765625,
            570.0479125976562,
            1.0
        ],
        [
            968.1328735351562,
            546.389404296875,
            1.0
        ],
        [
            996.3287963867188,
            525.86474609375,
            1.0
        ],
        [
            1021.3250122070312,
            507.4061279296875,
            1.0
        ],
        [
            982.3630981445312,
            584.5811157226562,
            1.0
        ],
        [
            1011.9588623046875,
            559.218017578125,
            1.0
        ],
        [
            1038.827392578125,
            537.026611328125,
            1.0
        ],
        [
            1063.4014892578125,
            516.795654296875,
            1.0
        ]
    ],
    "visited": true
}