{
    "keypoints3d": [
        [
            0.0,
            0.0,
            0.0
        ],
        [
            0.0,
            0.28999999165534973,
            0.0
        ],
        [
            0.0,
            0.5799999833106995,
            0.0
        ],
        [
            0.0,
            0.8700000047683716,
            0.0
        ],
        [
            0.28999999165534973,
            0.0,
            0.0
        ],
        [
            0.28999999165534973,
            0.28999999165534973,
            0.0
        ],
        [
            0.28999999165534973,
            0.5799999833106995,
            0.0
        ],
        [
            0.28999999165534973,
            0.8700000047683716,
            0.0
        ],
        [
            0.5799999833106995,
            0.0,
            0.0
        ],
        [
            0.5799999833106995,
            0.28999999165534973,
            0.0
        ],
        [
            0.5799999833106995,
            0.5799999833106995,
            0.0
        ],
        [
            0.5799999833106995,
            0.8700000047683716,
            0.0
        ]
    ],
    "keypoints2d": [
        [
            896.0217895507812,
            556.8433837890625,
            1.0
        ],
        [
            927.3815307617188,
            535.280517578125,
            1.0
        ],
        [
            956.2214965820312,
            515.714111328125,
            1.0
        ],
        [
            982.5773315429688,
            497.8763732910156,
            1.0
        ],
        [
            937.4613647460938,
            570.0418090820312,
            1.0
        ],
        [
            968.1362915039062,
            546.3915405273438,
            1.0
        ],
        [
            996.3538818359375,
            525.8453369140625,
            1.0
        ],
        [
            1021.3287353515625,
            507.39935302734375,
            1.0
        ],
        [
            982.36279296875,
            584.5733032226562,
            1.0
        ],
        [
            1011.9802856445312,
            559.2152099609375,
            1.0
        ],
        [
            1038.818115234375,
            537.0267944335938,
            1.0
        ],
        [
            1063.3929443359375,
            516.7945556640625,
            1.0
        ]
    ],
    "visited": true
}