{
    "keypoints3d": [
        [
            0.0,
            0.0,
            0.0
        ],
        [
            0.0,
            0.28999999165534973,
            0.0
        ],
        [
            0.0,
            0.5799999833106995,
            0.0
        ],
        [
            0.0,
            0.8700000047683716,
            0.0
        ],
        [
            0.28999999165534973,
            0.0,
            0.0
        ],
        [
            0.28999999165534973,
            0.28999999165534973,
            0.0
        ],
        [
            0.28999999165534973,
            0.5799999833106995,
            0.0
        ],
        [
            0.28999999165534973,
            0.8700000047683716,
            0.0
        ],
        [
            0.5799999833106995,
            0.0,
            0.0
        ],
        [
            0.5799999833106995,
            0.28999999165534973,
            0.0
        ],
        [
            0.5799999833106995,
            0.5799999833106995,
            0.0
        ],
        [
            0.5799999833106995,
            0.8700000047683716,
            0.0
        ]
    ],
    "keypoints2d": [
        [
            896.086669921875,
            556.82958984375,
            1.0
        ],
        [
            927.3692626953125,
            535.3023071289062,
            1.0
        ],
        [
            956.2203979492188,
            515.7252807617188,
            1.0
        ],
        [
            982.5926513671875,
            497.8892517089844,
            1.0
        ],
        [
            937.3864135742188,
            570.0515747070312,
            1.0
        ],
        [
            968.1087036132812,
            546.404052734375,
            1.0
        ],
        [
            996.3434448242188,
            525.8396606445312,
            1.0
        ],
        [
            1021.353271484375,
            507.40521240234375,
            1.0
        ],
        [
            982.3257446289062,
            584.5846557617188,
            1.0
        ],
        [
            1011.971923828125,
            559.2200317382812,
            1.0
        ],
        [
            1038.83984375,
            537.0252685546875,
            1.0
        ],
        [
            1063.396728515625,
            516.7808837890625,
            1.0
        ]
    ],
    "visited": true
}