{
    "keypoints3d": [
        [
            0.0,
            0.0,
            0.0
        ],
        [
            0.0,
            0.28999999165534973,
            0.0
        ],
        [
            0.0,
            0.5799999833106995,
            0.0
        ],
        [
            0.0,
            0.8700000047683716,
            0.0
        ],
        [
            0.28999999165534973,
            0.0,
            0.0
        ],
        [
            0.28999999165534973,
            0.28999999165534973,
            0.0
        ],
        [
            0.28999999165534973,
            0.5799999833106995,
            0.0
        ],
        [
            0.28999999165534973,
            0.8700000047683716,
            0.0
        ],
        [
            0.5799999833106995,
            0.0,
            0.0
        ],
        [
            0.5799999833106995,
            0.28999999165534973,
            0.0
        ],
        [
            0.5799999833106995,
            0.5799999833106995,
            0.0
        ],
        [
            0.5799999833106995,
            0.8700000047683716,
            0.0
        ]
    ],
    "keypoints2d": [
        [
            896.0437622070312,
            556.8273315429688,
            1.0
        ],
        [
            927.39599609375,
            535.2678833007812,
            1.0
        ],
        [
            956.2373657226562,
            515.7151489257812,
            1.0
        ],
        [
            982.5765380859375,
            497.876708984375,
            1.0
        ],
        [
            937.4404296875,
            570.0470581054688,
            1.0
        ],
        [
            968.1275024414062,
            546.3885498046875,
            1.0
        ],
        [
            996.34814453125,
            525.8488159179688,
            1.0
        ],
        [
            1021.3263549804688,
            507.4017333984375,
            1.0
        ],
        [
            982.3684692382812,
            584.5670166015625,
            1.0
        ],
        [
            1011.9795532226562,
            559.2179565429688,
            1.0
        ],
        [
            1038.8485107421875,
            537.0059814453125,
            1.0
        ],
        [
            1063.40478515625,
            516.7883911132812,
            1.0
        ]
    ],
    "visited": true
}