{
    "keypoints3d": [
        [
            0.0,
            0.0,
            0.0
        ],
        [
            0.0,
            0.28999999165534973,
            0.0
        ],
        [
            0.0,
            0.5799999833106995,
            0.0
        ],
        [
            0.0,
            0.8700000047683716,
            0.0
        ],
        [
            0.28999999165534973,
            0.0,
            0.0
        ],
        [
            0.28999999165534973,
            0.28999999165534973,
            0.0
        ],
        [
            0.28999999165534973,
            0.5799999833106995,
            0.0
        ],
        [
            0.28999999165534973,
            0.8700000047683716,
            0.0
        ],
        [
            0.5799999833106995,
            0.0,
            0.0
        ],
        [
            0.5799999833106995,
            0.28999999165534973,
            0.0
        ],
        [
            0.5799999833106995,
            0.5799999833106995,
            0.0
        ],
        [
            0.5799999833106995,
            0.8700000047683716,
            0.0
        ]
    ],
    "keypoints2d": [
        [
            896.0848388671875,
            556.822509765625,
            1.0
        ],
        [
            927.366943359375,
            535.2716064453125,
            1.0
        ],
        [
            956.22998046875,
            515.7213745117188,
            1.0
        ],
        [
            982.58203125,
            497.8711242675781,
            1.0
        ],
        [
            937.4508666992188,
            570.0485229492188,
            1.0
        ],
        [
            968.1190795898438,
            546.400146484375,
            1.0
        ],
        [
            996.3685302734375,
            525.8323974609375,
            1.0
        ],
        [
            1021.353515625,
            507.39306640625,
            1.0
        ],
        [
            982.368408203125,
            584.5810546875,
            1.0
        ],
        [
            1011.969482421875,
            559.2097778320312,
            1.0
        ],
        [
            1038.83837890625,
            537.0135498046875,
            1.0
        ],
        [
            1063.3856201171875,
            516.78955078125,
            1.0
        ]
    ],
    "visited": true
}