{
    "keypoints3d": [
        [
            0.0,
            0.0,
            0.0
        ],
        [
            0.0,
            0.28999999165534973,
            0.0
        ],
        [
            0.0,
            0.5799999833106995,
            0.0
        ],
        [
            0.0,
            0.8700000047683716,
            0.0
        ],
        [
            0.28999999165534973,
            0.0,
            0.0
        ],
        [
            0.28999999165534973,
            0.28999999165534973,
            0.0
        ],
        [
            0.28999999165534973,
            0.5799999833106995,
            0.0
        ],
        [
            0.28999999165534973,
            0.8700000047683716,
            0.0
        ],
        [
            0.5799999833106995,
            0.0,
            0.0
        ],
        [
            0.5799999833106995,
            0.28999999165534973,
            0.0
        ],
        [
            0.5799999833106995,
            0.5799999833106995,
            0.0
        ],
        [
            0.5799999833106995,
            0.8700000047683716,
            0.0
        ]
    ],
    "keypoints2d": [
        [
            896.0803833007812,
            556.821044921875,
            1.0
        ],
        [
            927.377685546875,
            535.2807006835938,
            1.0
        ],
        [
            956.2185668945312,
            515.7186889648438,
            1.0
        ],
        [
            982.5958862304688,
            497.867919921875,
            1.0
        ],
        [
            937.423095703125,
            570.0455932617188,
            1.0
        ],
        [
            968.1071166992188,
            546.40478515625,
            1.0
        ],
        [
            996.3395385742188,
            525.8417358398438,
            1.0
        ],
        [
            1021.345458984375,
            507.3948974609375,
            1.0
        ],
        [
            982.3314819335938,
            584.5952758789062,
            1.0
        ],
        [
            1011.94970703125,
            559.2196655273438,
            1.0
        ],
        [
            1038.8251953125,
            537.01416015625,
            1.0
        ],
        [
            1063.3870849609375,
            516.7835693359375,
            1.0
        ]
    ],
    "visited": true
}