{
    "keypoints3d": [
        [
            0.0,
            0.0,
            0.0
        ],
        [
            0.0,
            0.28999999165534973,
            0.0
        ],
        [
            0.0,
            0.5799999833106995,
            0.0
        ],
        [
            0.0,
            0.8700000047683716,
            0.0
        ],
        [
            0.28999999165534973,
            0.0,
            0.0
        ],
        [
            0.28999999165534973,
            0.28999999165534973,
            0.0
        ],
        [
            0.28999999165534973,
            0.5799999833106995,
            0.0
        ],
        [
            0.28999999165534973,
            0.8700000047683716,
            0.0
        ],
        [
            0.5799999833106995,
            0.0,
            0.0
        ],
        [
            0.5799999833106995,
            0.28999999165534973,
            0.0
        ],
        [
            0.5799999833106995,
            0.5799999833106995,
            0.0
        ],
        [
            0.5799999833106995,
            0.8700000047683716,
            0.0
        ]
    ],
    "keypoints2d": [
        [
            896.065185546875,
            556.8233032226562,
            1.0
        ],
        [
            927.3739013671875,
            535.2720336914062,
            1.0
        ],
        [
            956.2386474609375,
            515.7201538085938,
            1.0
        ],
        [
            982.5825805664062,
            497.88592529296875,
            1.0
        ],
        [
            937.436767578125,
            570.0660400390625,
            1.0
        ],
        [
            968.1289672851562,
            546.3839721679688,
            1.0
        ],
        [
            996.3260498046875,
            525.8685913085938,
            1.0
        ],
        [
            1021.332275390625,
            507.3995361328125,
            1.0
        ],
        [
            982.364013671875,
            584.5738525390625,
            1.0
        ],
        [
            1011.9691162109375,
            559.2137451171875,
            1.0
        ],
        [
            1038.8192138671875,
            537.0310668945312,
            1.0
        ],
        [
            1063.4112548828125,
            516.7896118164062,
            1.0
        ]
    ],
    "visited": true
}