{
    "keypoints3d": [
        [
            0.0,
            0.0,
            0.0
        ],
        [
            0.0,
            0.28999999165534973,
            0.0
        ],
        [
            0.0,
            0.5799999833106995,
            0.0
        ],
        [
            0.0,
            0.8700000047683716,
            0.0
        ],
        [
            0.28999999165534973,
            0.0,
            0.0
        ],
        [
            0.28999999165534973,
            0.28999999165534973,
            0.0
        ],
        [
            0.28999999165534973,
            0.5799999833106995,
            0.0
        ],
        [
            0.28999999165534973,
            0.8700000047683716,
            0.0
        ],
        [
            0.5799999833106995,
            0.0,
            0.0
        ],
        [
            0.5799999833106995,
            0.28999999165534973,
            0.0
        ],
        [
            0.5799999833106995,
            0.5799999833106995,
            0.0
        ],
        [
            0.5799999833106995,
            0.8700000047683716,
            0.0
        ]
    ],
    "keypoints2d": [
        [
            896.06103515625,
            556.8349609375,
            1.0
        ],
        [
            927.3903198242188,
            535.2667236328125,
            1.0
        ],
        [
            956.2362670898438,
            515.7241821289062,
            1.0
        ],
        [
            982.5662231445312,
            497.8895568847656,
            1.0
        ],
        [
            937.4229736328125,
            570.0579833984375,
            1.0
        ],
        [
            968.1061401367188,
            546.3951416015625,
            1.0
        ],
        [
            996.336181640625,
            525.8585205078125,
            1.0
        ],
        [
            1021.3255615234375,
            507.4007873535156,
            1.0
        ],
        [
            982.3523559570312,
            584.5703735351562,
            1.0
        ],
        [
            1011.9739379882812,
            559.205322265625,
            1.0
        ],
        [
            1038.84033203125,
            537.018310546875,
            1.0
        ],
        [
            1063.39990234375,
            516.7874755859375,
            1.0
        ]
    ],
    "visited": true
}