{
    "keypoints3d": [
        [
            0.0,
            0.0,
            0.0
        ],
        [
            0.0,
            0.28999999165534973,
            0.0
        ],
        [
            0.0,
            0.5799999833106995,
            0.0
        ],
        [
            0.0,
            0.8700000047683716,
            0.0
        ],
        [
            0.28999999165534973,
            0.0,
            0.0
        ],
        [
            0.28999999165534973,
            0.28999999165534973,
            0.0
        ],
        [
            0.28999999165534973,
            0.5799999833106995,
            0.0
        ],
        [
            0.28999999165534973,
            0.8700000047683716,
            0.0
        ],
        [
            0.5799999833106995,
            0.0,
            0.0
        ],
        [
            0.5799999833106995,
            0.28999999165534973,
            0.0
        ],
        [
            0.5799999833106995,
            0.5799999833106995,
            0.0
        ],
        [
            0.5799999833106995,
            0.8700000047683716,
            0.0
        ]
    ],
    "keypoints2d": [
        [
            896.11328125,
            556.80810546875,
            1.0
        ],
        [
            927.3193359375,
            535.3247680664062,
            1.0
        ],
        [
            956.2512817382812,
            515.7418212890625,
            1.0
        ],
        [
            982.5548095703125,
            497.9285888671875,
            1.0
        ],
        [
            937.3522338867188,
            570.0958862304688,
            1.0
        ],
        [
            968.0741577148438,
            546.4097900390625,
            1.0
        ],
        [
            996.3673095703125,
            525.8101806640625,
            1.0
        ],
        [
            1021.334716796875,
            507.4068603515625,
            1.0
        ],
        [
            982.3219604492188,
            584.5693969726562,
            1.0
        ],
        [
            1011.959716796875,
            559.2195434570312,
            1.0
        ],
        [
            1038.885498046875,
            536.956787109375,
            1.0
        ],
        [
            1063.4217529296875,
            516.7525634765625,
            1.0
        ]
    ],
    "visited": true
}