{
    "keypoints3d": [
        [
            0.0,
            0.0,
            0.0
        ],
        [
            0.0,
            0.28999999165534973,
            0.0
        ],
        [
            0.0,
            0.5799999833106995,
            0.0
        ],
        [
            0.0,
            0.8700000047683716,
            0.0
        ],
        [
            0.28999999165534973,
            0.0,
            0.0
        ],
        [
            0.28999999165534973,
            0.28999999165534973,
            0.0
        ],
        [
            0.28999999165534973,
            0.5799999833106995,
            0.0
        ],
        [
            0.28999999165534973,
            0.8700000047683716,
            0.0
        ],
        [
            0.5799999833106995,
            0.0,
            0.0
        ],
        [
            0.5799999833106995,
            0.28999999165534973,
            0.0
        ],
        [
            0.5799999833106995,
            0.5799999833106995,
            0.0
        ],
        [
            0.5799999833106995,
            0.8700000047683716,
            0.0
        ]
    ],
    "keypoints2d": [
        [
            1011.1484985351562,
            910.963623046875,
            1.0
        ],
        [
            925.1892700195312,
            863.280029296875,
            1.0
        ],
        [
            849.1187133789062,
            820.4956665039062,
            1.0
        ],
        [
            781.0853881835938,
            781.6555786132812,
            1.0
        ],
        [
            1055.9912109375,
            832.669189453125,
            1.0
        ],
        [
            974.559326171875,
            792.8321533203125,
            1.0
        ],
        [
            902.0258178710938,
            757.4815063476562,
            1.0
        ],
        [
            836.560791015625,
            725.0264892578125,
            1.0
        ],
        [
            1093.4879150390625,
            766.762939453125,
            1.0
        ],
        [
            1016.264892578125,
            733.5192260742188,
            1.0
        ],
        [
            947.1234130859375,
            703.65869140625,
            1.0
        ],
        [
            884.0499267578125,
            675.9176025390625,
            1.0
        ]
    ],
    "visited": true
}