{
    "keypoints3d": [
        [
            0.0,
            0.0,
            0.0
        ],
        [
            0.0,
            0.28999999165534973,
            0.0
        ],
        [
            0.0,
            0.5799999833106995,
            0.0
        ],
        [
            0.0,
            0.8700000047683716,
            0.0
        ],
        [
            0.28999999165534973,
            0.0,
            0.0
        ],
        [
            0.28999999165534973,
            0.28999999165534973,
            0.0
        ],
        [
            0.28999999165534973,
            0.5799999833106995,
            0.0
        ],
        [
            0.28999999165534973,
            0.8700000047683716,
            0.0
        ],
        [
            0.5799999833106995,
            0.0,
            0.0
        ],
        [
            0.5799999833106995,
            0.28999999165534973,
            0.0
        ],
        [
            0.5799999833106995,
            0.5799999833106995,
            0.0
        ],
        [
            0.5799999833106995,
            0.8700000047683716,
            0.0
        ]
    ],
    "keypoints2d": [
        [
            767.8779907226562,
            789.4315795898438,
            1.0
        ],
        [
            706.081787109375,
            740.7664794921875,
            1.0
        ],
        [
            649.7221069335938,
            696.3045654296875,
            1.0
        ],
        [
            598.4481811523438,
            655.2490234375,
            1.0
        ],
        [
            832.4406127929688,
            734.275634765625,
            1.0
        ],
        [
            772.5368041992188,
            692.2325439453125,
            1.0
        ],
        [
            717.6837768554688,
            652.9369506835938,
            1.0
        ],
        [
            667.1683959960938,
            616.791748046875,
            1.0
        ],
        [
            887.1433715820312,
            687.651611328125,
            1.0
        ],
        [
            829.4510498046875,
            650.068603515625,
            1.0
        ],
        [
            776.2593994140625,
            615.502685546875,
            1.0
        ],
        [
            726.994140625,
            583.4034423828125,
            1.0
        ]
    ],
    "visited": true
}