{
    "keypoints3d": [
        [
            0.0,
            0.0,
            0.0
        ],
        [
            0.0,
            0.28999999165534973,
            0.0
        ],
        [
            0.0,
            0.5799999833106995,
            0.0
        ],
        [
            0.0,
            0.8700000047683716,
            0.0
        ],
        [
            0.28999999165534973,
            0.0,
            0.0
        ],
        [
            0.28999999165534973,
            0.28999999165534973,
            0.0
        ],
        [
            0.28999999165534973,
            0.5799999833106995,
            0.0
        ],
        [
            0.28999999165534973,
            0.8700000047683716,
            0.0
        ],
        [
            0.5799999833106995,
            0.0,
            0.0
        ],
        [
            0.5799999833106995,
            0.28999999165534973,
            0.0
        ],
        [
            0.5799999833106995,
            0.5799999833106995,
            0.0
        ],
        [
            0.5799999833106995,
            0.8700000047683716,
            0.0
        ]
    ],
    "keypoints2d": [
        [
            1181.712158203125,
            459.484130859375,
            1.0
        ],
        [
            1141.4935302734375,
            475.37689208984375,
            1.0
        ],
        [
            1099.10107421875,
            493.3042907714844,
            1.0
        ],
        [
            1053.63232421875,
            512.3343505859375,
            1.0
        ],
        [
            1144.1043701171875,
            438.6872253417969,
            1.0
        ],
        [
            1104.7020263671875,
            453.39105224609375,
            1.0
        ],
        [
            1063.1761474609375,
            469.169189453125,
            1.0
        ],
        [
            1019.1295166015625,
            486.68310546875,
            1.0
        ],
        [
            1109.7613525390625,
            419.88916015625,
            1.0
        ],
        [
            1071.4613037109375,
            433.6781005859375,
            1.0
        ],
        [
            1030.6376953125,
            448.3766784667969,
            1.0
        ],
        [
            988.1132202148438,
            463.7596130371094,
            1.0
        ]
    ],
    "visited": true
}