{
    "keypoints3d": [
        [
            0.0,
            0.0,
            0.0
        ],
        [
            0.0,
            0.28999999165534973,
            0.0
        ],
        [
            0.0,
            0.5799999833106995,
            0.0
        ],
        [
            0.0,
            0.8700000047683716,
            0.0
        ],
        [
            0.28999999165534973,
            0.0,
            0.0
        ],
        [
            0.28999999165534973,
            0.28999999165534973,
            0.0
        ],
        [
            0.28999999165534973,
            0.5799999833106995,
            0.0
        ],
        [
            0.28999999165534973,
            0.8700000047683716,
            0.0
        ],
        [
            0.5799999833106995,
            0.0,
            0.0
        ],
        [
            0.5799999833106995,
            0.28999999165534973,
            0.0
        ],
        [
            0.5799999833106995,
            0.5799999833106995,
            0.0
        ],
        [
            0.5799999833106995,
            0.8700000047683716,
            0.0
        ]
    ],
    "keypoints2d": [
        [
            1181.7244873046875,
            459.4809875488281,
            1.0
        ],
        [
            1141.4898681640625,
            475.3818054199219,
            1.0
        ],
        [
            1099.1007080078125,
            493.3019104003906,
            1.0
        ],
        [
            1053.624755859375,
            512.3353881835938,
            1.0
        ],
        [
            1144.1024169921875,
            438.6844177246094,
            1.0
        ],
        [
            1104.69677734375,
            453.38568115234375,
            1.0
        ],
        [
            1063.19970703125,
            469.1669006347656,
            1.0
        ],
        [
            1019.1205444335938,
            486.6757507324219,
            1.0
        ],
        [
            1109.75244140625,
            419.8985595703125,
            1.0
        ],
        [
            1071.4599609375,
            433.6728515625,
            1.0
        ],
        [
            1030.6431884765625,
            448.3759460449219,
            1.0
        ],
        [
            988.1234130859375,
            463.7694091796875,
            1.0
        ]
    ],
    "visited": true
}