{
    "keypoints3d": [
        [
            0.0,
            0.0,
            0.0
        ],
        [
            0.0,
            0.28999999165534973,
            0.0
        ],
        [
            0.0,
            0.5799999833106995,
            0.0
        ],
        [
            0.0,
            0.8700000047683716,
            0.0
        ],
        [
            0.28999999165534973,
            0.0,
            0.0
        ],
        [
            0.28999999165534973,
            0.28999999165534973,
            0.0
        ],
        [
            0.28999999165534973,
            0.5799999833106995,
            0.0
        ],
        [
            0.28999999165534973,
            0.8700000047683716,
            0.0
        ],
        [
            0.5799999833106995,
            0.0,
            0.0
        ],
        [
            0.5799999833106995,
            0.28999999165534973,
            0.0
        ],
        [
            0.5799999833106995,
            0.5799999833106995,
            0.0
        ],
        [
            0.5799999833106995,
            0.8700000047683716,
            0.0
        ]
    ],
    "keypoints2d": [
        [
            860.9935302734375,
            660.5936279296875,
            1.0
        ],
        [
            856.5148315429688,
            683.4745483398438,
            1.0
        ],
        [
            851.29443359375,
            706.0052490234375,
            1.0
        ],
        [
            845.16357421875,
            728.0032348632812,
            1.0
        ],
        [
            893.3671264648438,
            661.7029418945312,
            1.0
        ],
        [
            890.1992797851562,
            682.2113647460938,
            1.0
        ],
        [
            885.8885498046875,
            702.843994140625,
            1.0
        ],
        [
            882.006103515625,
            727.7029418945312,
            1.0
        ],
        [
            925.9213256835938,
            660.785888671875,
            1.0
        ],
        [
            923.6549072265625,
            680.8364868164062,
            1.0
        ],
        [
            921.3106079101562,
            705.2125854492188,
            1.0
        ],
        [
            918.656494140625,
            728.4835205078125,
            1.0
        ]
    ],
    "visited": true
}