{
    "keypoints3d": [
        [
            0.0,
            0.0,
            0.0
        ],
        [
            0.0,
            0.28999999165534973,
            0.0
        ],
        [
            0.0,
            0.5799999833106995,
            0.0
        ],
        [
            0.0,
            0.8700000047683716,
            0.0
        ],
        [
            0.28999999165534973,
            0.0,
            0.0
        ],
        [
            0.28999999165534973,
            0.28999999165534973,
            0.0
        ],
        [
            0.28999999165534973,
            0.5799999833106995,
            0.0
        ],
        [
            0.28999999165534973,
            0.8700000047683716,
            0.0
        ],
        [
            0.5799999833106995,
            0.0,
            0.0
        ],
        [
            0.5799999833106995,
            0.28999999165534973,
            0.0
        ],
        [
            0.5799999833106995,
            0.5799999833106995,
            0.0
        ],
        [
            0.5799999833106995,
            0.8700000047683716,
            0.0
        ]
    ],
    "keypoints2d": [
        [
            767.8185424804688,
            789.4183959960938,
            1.0
        ],
        [
            706.0513916015625,
            740.7637329101562,
            1.0
        ],
        [
            649.7918090820312,
            696.2855224609375,
            1.0
        ],
        [
            598.4790649414062,
            655.23193359375,
            1.0
        ],
        [
            832.4096069335938,
            734.283935546875,
            1.0
        ],
        [
            772.5130615234375,
            692.1996459960938,
            1.0
        ],
        [
            717.6695556640625,
            652.9744873046875,
            1.0
        ],
        [
            667.2142944335938,
            616.7932739257812,
            1.0
        ],
        [
            887.1829223632812,
            687.6402587890625,
            1.0
        ],
        [
            829.4176025390625,
            650.0818481445312,
            1.0
        ],
        [
            776.294921875,
            615.490478515625,
            1.0
        ],
        [
            726.9512329101562,
            583.39599609375,
            1.0
        ]
    ],
    "visited": true
}