{
    "keypoints3d": [
        [
            0.0,
            0.0,
            0.0
        ],
        [
            0.0,
            0.28999999165534973,
            0.0
        ],
        [
            0.0,
            0.5799999833106995,
            0.0
        ],
        [
            0.0,
            0.8700000047683716,
            0.0
        ],
        [
            0.28999999165534973,
            0.0,
            0.0
        ],
        [
            0.28999999165534973,
            0.28999999165534973,
            0.0
        ],
        [
            0.28999999165534973,
            0.5799999833106995,
            0.0
        ],
        [
            0.28999999165534973,
            0.8700000047683716,
            0.0
        ],
        [
            0.5799999833106995,
            0.0,
            0.0
        ],
        [
            0.5799999833106995,
            0.28999999165534973,
            0.0
        ],
        [
            0.5799999833106995,
            0.5799999833106995,
            0.0
        ],
        [
            0.5799999833106995,
            0.8700000047683716,
            0.0
        ]
    ],
    "keypoints2d": [
        [
            1022.8447875976562,
            652.7174682617188,
            1.0
        ],
        [
            997.3894653320312,
            700.16357421875,
            1.0
        ],
        [
            967.6209716796875,
            755.4531860351562,
            1.0
        ],
        [
            932.3099365234375,
            821.8353881835938,
            1.0
        ],
        [
            957.17724609375,
            632.882568359375,
            1.0
        ],
        [
            927.5355834960938,
            677.7203979492188,
            1.0
        ],
        [
            892.8419799804688,
            729.4021606445312,
            1.0
        ],
        [
            851.72216796875,
            790.9937133789062,
            1.0
        ],
        [
            895.1221923828125,
            614.1279907226562,
            1.0
        ],
        [
            861.3309326171875,
            656.3997802734375,
            1.0
        ],
        [
            822.5604248046875,
            704.846923828125,
            1.0
        ],
        [
            776.6077880859375,
            762.4050903320312,
            1.0
        ]
    ],
    "visited": true
}