{
    "keypoints3d": [
        [
            0.0,
            0.0,
            0.0
        ],
        [
            0.0,
            0.28999999165534973,
            0.0
        ],
        [
            0.0,
            0.5799999833106995,
            0.0
        ],
        [
            0.0,
            0.8700000047683716,
            0.0
        ],
        [
            0.28999999165534973,
            0.0,
            0.0
        ],
        [
            0.28999999165534973,
            0.28999999165534973,
            0.0
        ],
        [
            0.28999999165534973,
            0.5799999833106995,
            0.0
        ],
        [
            0.28999999165534973,
            0.8700000047683716,
            0.0
        ],
        [
            0.5799999833106995,
            0.0,
            0.0
        ],
        [
            0.5799999833106995,
            0.28999999165534973,
            0.0
        ],
        [
            0.5799999833106995,
            0.5799999833106995,
            0.0
        ],
        [
            0.5799999833106995,
            0.8700000047683716,
            0.0
        ]
    ],
    "keypoints2d": [
        [
            717.3789672851562,
            752.47314453125,
            1.0
        ],
        [
            756.6697998046875,
            729.3110961914062,
            1.0
        ],
        [
            792.017578125,
            709.4759521484375,
            1.0
        ],
        [
            823.5852661132812,
            691.8849487304688,
            1.0
        ],
        [
            759.2680053710938,
            768.820556640625,
            1.0
        ],
        [
            797.518310546875,
            743.7099609375,
            1.0
        ],
        [
            831.4972534179688,
            722.1705932617188,
            1.0
        ],
        [
            861.2340698242188,
            703.3483276367188,
            1.0
        ],
        [
            804.0266723632812,
            787.0216064453125,
            1.0
        ],
        [
            841.075927734375,
            760.126708984375,
            1.0
        ],
        [
            873.47314453125,
            736.4630737304688,
            1.0
        ],
        [
            902.1041259765625,
            715.8587646484375,
            1.0
        ]
    ],
    "visited": true
}