{
    "keypoints3d": [
        [
            0.0,
            0.0,
            0.0
        ],
        [
            0.0,
            0.28999999165534973,
            0.0
        ],
        [
            0.0,
            0.5799999833106995,
            0.0
        ],
        [
            0.0,
            0.8700000047683716,
            0.0
        ],
        [
            0.28999999165534973,
            0.0,
            0.0
        ],
        [
            0.28999999165534973,
            0.28999999165534973,
            0.0
        ],
        [
            0.28999999165534973,
            0.5799999833106995,
            0.0
        ],
        [
            0.28999999165534973,
            0.8700000047683716,
            0.0
        ],
        [
            0.5799999833106995,
            0.0,
            0.0
        ],
        [
            0.5799999833106995,
            0.28999999165534973,
            0.0
        ],
        [
            0.5799999833106995,
            0.5799999833106995,
            0.0
        ],
        [
            0.5799999833106995,
            0.8700000047683716,
            0.0
        ]
    ],
    "keypoints2d": [
        [
            879.7999877929688,
            669.5950927734375,
            1.0
        ],
        [
            921.4439086914062,
            650.520751953125,
            1.0
        ],
        [
            959.1511840820312,
            635.5721435546875,
            1.0
        ],
        [
            994.1060791015625,
            620.85791015625,
            1.0
        ],
        [
            917.981201171875,
            693.6914672851562,
            1.0
        ],
        [
            959.3255004882812,
            672.6766967773438,
            1.0
        ],
        [
            996.8885498046875,
            656.4967041015625,
            1.0
        ],
        [
            1031.318359375,
            640.099853515625,
            1.0
        ],
        [
            959.736328125,
            721.3780517578125,
            1.0
        ],
        [
            1001.2079467773438,
            697.564453125,
            1.0
        ],
        [
            1038.3070068359375,
            678.91357421875,
            1.0
        ],
        [
            1071.999267578125,
            660.8260498046875,
            1.0
        ]
    ],
    "visited": true
}