{
    "keypoints3d": [
        [
            0.0,
            0.0,
            0.0
        ],
        [
            0.0,
            0.28999999165534973,
            0.0
        ],
        [
            0.0,
            0.5799999833106995,
            0.0
        ],
        [
            0.0,
            0.8700000047683716,
            0.0
        ],
        [
            0.28999999165534973,
            0.0,
            0.0
        ],
        [
            0.28999999165534973,
            0.28999999165534973,
            0.0
        ],
        [
            0.28999999165534973,
            0.5799999833106995,
            0.0
        ],
        [
            0.28999999165534973,
            0.8700000047683716,
            0.0
        ],
        [
            0.5799999833106995,
            0.0,
            0.0
        ],
        [
            0.5799999833106995,
            0.28999999165534973,
            0.0
        ],
        [
            0.5799999833106995,
            0.5799999833106995,
            0.0
        ],
        [
            0.5799999833106995,
            0.8700000047683716,
            0.0
        ]
    ],
    "keypoints2d": [
        [
            954.0,
            502.0,
            1.0
        ],
        [
            984.0,
            535.0,
            1.0
        ],
        [
            1018.0,
            590.0,
            1.0
        ],
        [
            1063.072998046875,
            640.6629638671875,
            1.0
        ],
        [
            1111.0,
            434.0,
            1.0
        ],
        [
            1263.6981201171875,
            506.64288330078125,
            1.0
        ],
        [
            1316.0550537109375,
            572.9609985351562,
            1.0
        ],
        [
            1354.321533203125,
            660.3945922851562,
            1.0
        ],
        [
            1359.6287841796875,
            496.599365234375,
            1.0
        ],
        [
            1436.5643310546875,
            506.58612060546875,
            1.0
        ],
        [
            1505.7298583984375,
            517.1182250976562,
            1.0
        ],
        [
            1526.45849609375,
            576.052978515625,
            1.0
        ]
    ],
    "visited": true
}