{
    "keypoints3d": [
        [
            0.0,
            0.0,
            0.0
        ],
        [
            0.0,
            0.28999999165534973,
            0.0
        ],
        [
            0.0,
            0.5799999833106995,
            0.0
        ],
        [
            0.0,
            0.8700000047683716,
            0.0
        ],
        [
            0.28999999165534973,
            0.0,
            0.0
        ],
        [
            0.28999999165534973,
            0.28999999165534973,
            0.0
        ],
        [
            0.28999999165534973,
            0.5799999833106995,
            0.0
        ],
        [
            0.28999999165534973,
            0.8700000047683716,
            0.0
        ],
        [
            0.5799999833106995,
            0.0,
            0.0
        ],
        [
            0.5799999833106995,
            0.28999999165534973,
            0.0
        ],
        [
            0.5799999833106995,
            0.5799999833106995,
            0.0
        ],
        [
            0.5799999833106995,
            0.8700000047683716,
            0.0
        ]
    ],
    "keypoints2d": [
        [
            767.8960571289062,
            789.4149780273438,
            1.0
        ],
        [
            706.0863647460938,
            740.7801513671875,
            1.0
        ],
        [
            649.7877807617188,
            696.29296875,
            1.0
        ],
        [
            598.451171875,
            655.2594604492188,
            1.0
        ],
        [
            832.4616088867188,
            734.2694091796875,
            1.0
        ],
        [
            772.5267944335938,
            692.2230834960938,
            1.0
        ],
        [
            717.671875,
            652.92041015625,
            1.0
        ],
        [
            667.1591796875,
            616.779296875,
            1.0
        ],
        [
            887.1644897460938,
            687.6571655273438,
            1.0
        ],
        [
            829.4390258789062,
            650.07568359375,
            1.0
        ],
        [
            776.2653198242188,
            615.4917602539062,
            1.0
        ],
        [
            726.9894409179688,
            583.4075317382812,
            1.0
        ]
    ],
    "visited": true
}