{
    "keypoints3d": [
        [
            0.0,
            0.0,
            0.0
        ],
        [
            0.0,
            0.28999999165534973,
            0.0
        ],
        [
            0.0,
            0.5799999833106995,
            0.0
        ],
        [
            0.0,
            0.8700000047683716,
            0.0
        ],
        [
            0.28999999165534973,
            0.0,
            0.0
        ],
        [
            0.28999999165534973,
            0.28999999165534973,
            0.0
        ],
        [
            0.28999999165534973,
            0.5799999833106995,
            0.0
        ],
        [
            0.28999999165534973,
            0.8700000047683716,
            0.0
        ],
        [
            0.5799999833106995,
            0.0,
            0.0
        ],
        [
            0.5799999833106995,
            0.28999999165534973,
            0.0
        ],
        [
            0.5799999833106995,
            0.5799999833106995,
            0.0
        ],
        [
            0.5799999833106995,
            0.8700000047683716,
            0.0
        ]
    ],
    "keypoints2d": [
        [
            1155.6038818359375,
            718.72607421875,
            1.0
        ],
        [
            1097.8970947265625,
            756.34130859375,
            1.0
        ],
        [
            1032.7454833984375,
            798.4946899414062,
            1.0
        ],
        [
            958.73681640625,
            846.8526611328125,
            1.0
        ],
        [
            1099.4013671875,
            668.5408935546875,
            1.0
        ],
        [
            1042.13330078125,
            700.6205444335938,
            1.0
        ],
        [
            978.0983276367188,
            737.0633544921875,
            1.0
        ],
        [
            906.1795654296875,
            777.7304077148438,
            1.0
        ],
        [
            1049.6580810546875,
            623.8732299804688,
            1.0
        ],
        [
            993.1288452148438,
            651.7564086914062,
            1.0
        ],
        [
            930.5322875976562,
            683.0805053710938,
            1.0
        ],
        [
            860.2608642578125,
            717.6862182617188,
            1.0
        ]
    ],
    "visited": true
}