{
    "keypoints3d": [
        [
            0.0,
            0.0,
            0.0
        ],
        [
            0.0,
            0.28999999165534973,
            0.0
        ],
        [
            0.0,
            0.5799999833106995,
            0.0
        ],
        [
            0.0,
            0.8700000047683716,
            0.0
        ],
        [
            0.28999999165534973,
            0.0,
            0.0
        ],
        [
            0.28999999165534973,
            0.28999999165534973,
            0.0
        ],
        [
            0.28999999165534973,
            0.5799999833106995,
            0.0
        ],
        [
            0.28999999165534973,
            0.8700000047683716,
            0.0
        ],
        [
            0.5799999833106995,
            0.0,
            0.0
        ],
        [
            0.5799999833106995,
            0.28999999165534973,
            0.0
        ],
        [
            0.5799999833106995,
            0.5799999833106995,
            0.0
        ],
        [
            0.5799999833106995,
            0.8700000047683716,
            0.0
        ]
    ],
    "keypoints2d": [
        [
            717.3933715820312,
            752.474853515625,
            1.0
        ],
        [
            756.6553955078125,
            729.3397216796875,
            1.0
        ],
        [
            792.0460205078125,
            709.4690551757812,
            1.0
        ],
        [
            823.5361328125,
            691.911865234375,
            1.0
        ],
        [
            759.2730102539062,
            768.8180541992188,
            1.0
        ],
        [
            797.474609375,
            743.733642578125,
            1.0
        ],
        [
            831.4977416992188,
            722.1679077148438,
            1.0
        ],
        [
            861.2794799804688,
            703.3492431640625,
            1.0
        ],
        [
            804.0153198242188,
            787.061767578125,
            1.0
        ],
        [
            841.0999145507812,
            760.0968017578125,
            1.0
        ],
        [
            873.4937133789062,
            736.4835815429688,
            1.0
        ],
        [
            902.164306640625,
            715.8457641601562,
            1.0
        ]
    ],
    "visited": true
}