{
    "keypoints3d": [
        [
            0.0,
            0.0,
            0.0
        ],
        [
            0.0,
            0.28999999165534973,
            0.0
        ],
        [
            0.0,
            0.5799999833106995,
            0.0
        ],
        [
            0.0,
            0.8700000047683716,
            0.0
        ],
        [
            0.28999999165534973,
            0.0,
            0.0
        ],
        [
            0.28999999165534973,
            0.28999999165534973,
            0.0
        ],
        [
            0.28999999165534973,
            0.5799999833106995,
            0.0
        ],
        [
            0.28999999165534973,
            0.8700000047683716,
            0.0
        ],
        [
            0.5799999833106995,
            0.0,
            0.0
        ],
        [
            0.5799999833106995,
            0.28999999165534973,
            0.0
        ],
        [
            0.5799999833106995,
            0.5799999833106995,
            0.0
        ],
        [
            0.5799999833106995,
            0.8700000047683716,
            0.0
        ]
    ],
    "keypoints2d": [
        [
            1185.44921875,
            572.48681640625,
            1.0
        ],
        [
            1127.8685302734375,
            554.7747802734375,
            1.0
        ],
        [
            1075.1759033203125,
            537.5480346679688,
            1.0
        ],
        [
            1026.0941162109375,
            523.1287231445312,
            1.0
        ],
        [
            1207.6414794921875,
            544.8246459960938,
            1.0
        ],
        [
            1152.47900390625,
            528.2326049804688,
            1.0
        ],
        [
            1101.3629150390625,
            513.067626953125,
            1.0
        ],
        [
            1053.5137939453125,
            500.201904296875,
            1.0
        ],
        [
            1227.664306640625,
            519.5963134765625,
            1.0
        ],
        [
            1174.3555908203125,
            504.90997314453125,
            1.0
        ],
        [
            1124.763916015625,
            491.2143859863281,
            1.0
        ],
        [
            1078.5946044921875,
            479.05902099609375,
            1.0
        ]
    ],
    "visited": true
}