{
    "keypoints3d": [
        [
            0.0,
            0.0,
            0.0
        ],
        [
            0.0,
            0.28999999165534973,
            0.0
        ],
        [
            0.0,
            0.5799999833106995,
            0.0
        ],
        [
            0.0,
            0.8700000047683716,
            0.0
        ],
        [
            0.28999999165534973,
            0.0,
            0.0
        ],
        [
            0.28999999165534973,
            0.28999999165534973,
            0.0
        ],
        [
            0.28999999165534973,
            0.5799999833106995,
            0.0
        ],
        [
            0.28999999165534973,
            0.8700000047683716,
            0.0
        ],
        [
            0.5799999833106995,
            0.0,
            0.0
        ],
        [
            0.5799999833106995,
            0.28999999165534973,
            0.0
        ],
        [
            0.5799999833106995,
            0.5799999833106995,
            0.0
        ],
        [
            0.5799999833106995,
            0.8700000047683716,
            0.0
        ]
    ],
    "keypoints2d": [
        [
            1155.464111328125,
            528.20458984375,
            1.0
        ],
        [
            1117.0780029296875,
            543.196533203125,
            1.0
        ],
        [
            1075.7012939453125,
            559.6135864257812,
            1.0
        ],
        [
            1031.307861328125,
            577.715087890625,
            1.0
        ],
        [
            1117.8289794921875,
            506.1207580566406,
            1.0
        ],
        [
            1080.1302490234375,
            519.4208374023438,
            1.0
        ],
        [
            1039.5980224609375,
            534.415771484375,
            1.0
        ],
        [
            995.9692993164062,
            550.4427490234375,
            1.0
        ],
        [
            1083.7113037109375,
            485.7628479003906,
            1.0
        ],
        [
            1046.3818359375,
            498.5599670410156,
            1.0
        ],
        [
            1006.5470581054688,
            511.8534851074219,
            1.0
        ],
        [
            963.8468017578125,
            525.9555053710938,
            1.0
        ]
    ],
    "visited": true
}