{
    "keypoints3d": [
        [
            0.0,
            0.0,
            0.0
        ],
        [
            0.0,
            0.28999999165534973,
            0.0
        ],
        [
            0.0,
            0.5799999833106995,
            0.0
        ],
        [
            0.0,
            0.8700000047683716,
            0.0
        ],
        [
            0.28999999165534973,
            0.0,
            0.0
        ],
        [
            0.28999999165534973,
            0.28999999165534973,
            0.0
        ],
        [
            0.28999999165534973,
            0.5799999833106995,
            0.0
        ],
        [
            0.28999999165534973,
            0.8700000047683716,
            0.0
        ],
        [
            0.5799999833106995,
            0.0,
            0.0
        ],
        [
            0.5799999833106995,
            0.28999999165534973,
            0.0
        ],
        [
            0.5799999833106995,
            0.5799999833106995,
            0.0
        ],
        [
            0.5799999833106995,
            0.8700000047683716,
            0.0
        ]
    ],
    "keypoints2d": [
        [
            863.9142456054688,
            543.732421875,
            1.0
        ],
        [
            892.0580444335938,
            561.400634765625,
            1.0
        ],
        [
            923.1301879882812,
            581.5623168945312,
            1.0
        ],
        [
            956.863525390625,
            603.7052001953125,
            1.0
        ],
        [
            821.22216796875,
            559.4866943359375,
            1.0
        ],
        [
            848.3060913085938,
            577.9154052734375,
            1.0
        ],
        [
            878.2496948242188,
            599.7863159179688,
            1.0
        ],
        [
            911.427490234375,
            624.0902099609375,
            1.0
        ],
        [
            774.8703002929688,
            575.6796264648438,
            1.0
        ],
        [
            800.83935546875,
            596.2550659179688,
            1.0
        ],
        [
            829.4976196289062,
            620.0792846679688,
            1.0
        ],
        [
            861.203369140625,
            646.5056762695312,
            1.0
        ]
    ],
    "visited": true
}