{
    "keypoints3d": [
        [
            0.0,
            0.0,
            0.0
        ],
        [
            0.0,
            0.28999999165534973,
            0.0
        ],
        [
            0.0,
            0.5799999833106995,
            0.0
        ],
        [
            0.0,
            0.8700000047683716,
            0.0
        ],
        [
            0.28999999165534973,
            0.0,
            0.0
        ],
        [
            0.28999999165534973,
            0.28999999165534973,
            0.0
        ],
        [
            0.28999999165534973,
            0.5799999833106995,
            0.0
        ],
        [
            0.28999999165534973,
            0.8700000047683716,
            0.0
        ],
        [
            0.5799999833106995,
            0.0,
            0.0
        ],
        [
            0.5799999833106995,
            0.28999999165534973,
            0.0
        ],
        [
            0.5799999833106995,
            0.5799999833106995,
            0.0
        ],
        [
            0.5799999833106995,
            0.8700000047683716,
            0.0
        ]
    ],
    "keypoints2d": [
        [
            717.3912353515625,
            752.4758911132812,
            1.0
        ],
        [
            756.6583251953125,
            729.3367309570312,
            1.0
        ],
        [
            792.0701904296875,
            709.4645385742188,
            1.0
        ],
        [
            823.5303955078125,
            691.9171752929688,
            1.0
        ],
        [
            759.2798461914062,
            768.8176879882812,
            1.0
        ],
        [
            797.4767456054688,
            743.7394409179688,
            1.0
        ],
        [
            831.4887084960938,
            722.1719360351562,
            1.0
        ],
        [
            861.278564453125,
            703.350341796875,
            1.0
        ],
        [
            804.01806640625,
            787.0612182617188,
            1.0
        ],
        [
            841.036865234375,
            760.1121826171875,
            1.0
        ],
        [
            873.467041015625,
            736.4926147460938,
            1.0
        ],
        [
            902.184326171875,
            715.8416748046875,
            1.0
        ]
    ],
    "visited": true
}