{
    "keypoints3d": [
        [
            0.0,
            0.0,
            0.0
        ],
        [
            0.0,
            0.28999999165534973,
            0.0
        ],
        [
            0.0,
            0.5799999833106995,
            0.0
        ],
        [
            0.0,
            0.8700000047683716,
            0.0
        ],
        [
            0.28999999165534973,
            0.0,
            0.0
        ],
        [
            0.28999999165534973,
            0.28999999165534973,
            0.0
        ],
        [
            0.28999999165534973,
            0.5799999833106995,
            0.0
        ],
        [
            0.28999999165534973,
            0.8700000047683716,
            0.0
        ],
        [
            0.5799999833106995,
            0.0,
            0.0
        ],
        [
            0.5799999833106995,
            0.28999999165534973,
            0.0
        ],
        [
            0.5799999833106995,
            0.5799999833106995,
            0.0
        ],
        [
            0.5799999833106995,
            0.8700000047683716,
            0.0
        ]
    ],
    "keypoints2d": [
        [
            914.446044921875,
            614.6930541992188,
            1.0
        ],
        [
            934.6797485351562,
            629.8785400390625,
            1.0
        ],
        [
            956.2909545898438,
            645.6840209960938,
            1.0
        ],
        [
            979.322509765625,
            662.265380859375,
            1.0
        ],
        [
            887.0997314453125,
            630.4308471679688,
            1.0
        ],
        [
            906.8902587890625,
            645.8899536132812,
            1.0
        ],
        [
            928.0003051757812,
            662.1639404296875,
            1.0
        ],
        [
            950.5077514648438,
            679.1860961914062,
            1.0
        ],
        [
            858.5175170898438,
            646.418701171875,
            1.0
        ],
        [
            877.661376953125,
            662.6651000976562,
            1.0
        ],
        [
            898.41455078125,
            680.2642211914062,
            1.0
        ],
        [
            920.4344482421875,
            698.9479370117188,
            1.0
        ]
    ],
    "visited": true
}