{
    "keypoints3d": [
        [
            0.0,
            0.0,
            0.0
        ],
        [
            0.0,
            0.28999999165534973,
            0.0
        ],
        [
            0.0,
            0.5799999833106995,
            0.0
        ],
        [
            0.0,
            0.8700000047683716,
            0.0
        ],
        [
            0.28999999165534973,
            0.0,
            0.0
        ],
        [
            0.28999999165534973,
            0.28999999165534973,
            0.0
        ],
        [
            0.28999999165534973,
            0.5799999833106995,
            0.0
        ],
        [
            0.28999999165534973,
            0.8700000047683716,
            0.0
        ],
        [
            0.5799999833106995,
            0.0,
            0.0
        ],
        [
            0.5799999833106995,
            0.28999999165534973,
            0.0
        ],
        [
            0.5799999833106995,
            0.5799999833106995,
            0.0
        ],
        [
            0.5799999833106995,
            0.8700000047683716,
            0.0
        ]
    ],
    "keypoints2d": [
        [
            930.8370361328125,
            783.4635620117188,
            1.0
        ],
        [
            997.3306884765625,
            736.8998413085938,
            1.0
        ],
        [
            1057.86767578125,
            694.4525756835938,
            1.0
        ],
        [
            1112.630126953125,
            656.187744140625,
            1.0
        ],
        [
            983.4148559570312,
            846.9131469726562,
            1.0
        ],
        [
            1052.2781982421875,
            793.5760498046875,
            1.0
        ],
        [
            1114.008056640625,
            745.38330078125,
            1.0
        ],
        [
            1169.8516845703125,
            701.9205322265625,
            1.0
        ],
        [
            1045.031005859375,
            920.4639892578125,
            1.0
        ],
        [
            1115.739501953125,
            858.8018798828125,
            1.0
        ],
        [
            1178.588134765625,
            803.7971801757812,
            1.0
        ],
        [
            1235.02490234375,
            754.143310546875,
            1.0
        ]
    ],
    "visited": true
}