{
    "keypoints3d": [
        [
            0.0,
            0.0,
            0.0
        ],
        [
            0.0,
            0.28999999165534973,
            0.0
        ],
        [
            0.0,
            0.5799999833106995,
            0.0
        ],
        [
            0.0,
            0.8700000047683716,
            0.0
        ],
        [
            0.28999999165534973,
            0.0,
            0.0
        ],
        [
            0.28999999165534973,
            0.28999999165534973,
            0.0
        ],
        [
            0.28999999165534973,
            0.5799999833106995,
            0.0
        ],
        [
            0.28999999165534973,
            0.8700000047683716,
            0.0
        ],
        [
            0.5799999833106995,
            0.0,
            0.0
        ],
        [
            0.5799999833106995,
            0.28999999165534973,
            0.0
        ],
        [
            0.5799999833106995,
            0.5799999833106995,
            0.0
        ],
        [
            0.5799999833106995,
            0.8700000047683716,
            0.0
        ]
    ],
    "keypoints2d": [
        [
            1071.1976318359375,
            542.5474853515625,
            1.0
        ],
        [
            1030.369384765625,
            563.0228271484375,
            1.0
        ],
        [
            986.4027709960938,
            586.3585205078125,
            1.0
        ],
        [
            938.2658081054688,
            611.2881469726562,
            1.0
        ],
        [
            1032.1131591796875,
            521.1277465820312,
            1.0
        ],
        [
            991.41162109375,
            539.8189697265625,
            1.0
        ],
        [
            948.0252685546875,
            560.669677734375,
            1.0
        ],
        [
            900.7227172851562,
            583.1536865234375,
            1.0
        ],
        [
            996.0850830078125,
            502.14422607421875,
            1.0
        ],
        [
            956.0564575195312,
            519.0693969726562,
            1.0
        ],
        [
            913.2892456054688,
            537.225830078125,
            1.0
        ],
        [
            867.0756225585938,
            557.9088745117188,
            1.0
        ]
    ],
    "visited": true
}