{
    "keypoints3d": [
        [
            0.0,
            0.0,
            0.0
        ],
        [
            0.0,
            0.28999999165534973,
            0.0
        ],
        [
            0.0,
            0.5799999833106995,
            0.0
        ],
        [
            0.0,
            0.8700000047683716,
            0.0
        ],
        [
            0.28999999165534973,
            0.0,
            0.0
        ],
        [
            0.28999999165534973,
            0.28999999165534973,
            0.0
        ],
        [
            0.28999999165534973,
            0.5799999833106995,
            0.0
        ],
        [
            0.28999999165534973,
            0.8700000047683716,
            0.0
        ],
        [
            0.5799999833106995,
            0.0,
            0.0
        ],
        [
            0.5799999833106995,
            0.28999999165534973,
            0.0
        ],
        [
            0.5799999833106995,
            0.5799999833106995,
            0.0
        ],
        [
            0.5799999833106995,
            0.8700000047683716,
            0.0
        ]
    ],
    "keypoints2d": [
        [
            767.8948974609375,
            789.424072265625,
            1.0
        ],
        [
            706.0825805664062,
            740.7760009765625,
            1.0
        ],
        [
            649.76416015625,
            696.3076782226562,
            1.0
        ],
        [
            598.4369506835938,
            655.24853515625,
            1.0
        ],
        [
            832.458740234375,
            734.257568359375,
            1.0
        ],
        [
            772.5369262695312,
            692.2281494140625,
            1.0
        ],
        [
            717.675048828125,
            652.915771484375,
            1.0
        ],
        [
            667.141357421875,
            616.7835083007812,
            1.0
        ],
        [
            887.1728515625,
            687.6611938476562,
            1.0
        ],
        [
            829.4393920898438,
            650.0706176757812,
            1.0
        ],
        [
            776.269287109375,
            615.48876953125,
            1.0
        ],
        [
            726.9826049804688,
            583.4019165039062,
            1.0
        ]
    ],
    "visited": true
}