{
    "keypoints3d": [
        [
            0.0,
            0.0,
            0.0
        ],
        [
            0.0,
            0.28999999165534973,
            0.0
        ],
        [
            0.0,
            0.5799999833106995,
            0.0
        ],
        [
            0.0,
            0.8700000047683716,
            0.0
        ],
        [
            0.28999999165534973,
            0.0,
            0.0
        ],
        [
            0.28999999165534973,
            0.28999999165534973,
            0.0
        ],
        [
            0.28999999165534973,
            0.5799999833106995,
            0.0
        ],
        [
            0.28999999165534973,
            0.8700000047683716,
            0.0
        ],
        [
            0.5799999833106995,
            0.0,
            0.0
        ],
        [
            0.5799999833106995,
            0.28999999165534973,
            0.0
        ],
        [
            0.5799999833106995,
            0.5799999833106995,
            0.0
        ],
        [
            0.5799999833106995,
            0.8700000047683716,
            0.0
        ]
    ],
    "keypoints2d": [
        [
            717.4249267578125,
            752.449462890625,
            1.0
        ],
        [
            756.6255493164062,
            729.3223876953125,
            1.0
        ],
        [
            792.060546875,
            709.4986572265625,
            1.0
        ],
        [
            823.5713500976562,
            691.876953125,
            1.0
        ],
        [
            759.2796630859375,
            768.796142578125,
            1.0
        ],
        [
            797.4961547851562,
            743.7271118164062,
            1.0
        ],
        [
            831.5145874023438,
            722.1483764648438,
            1.0
        ],
        [
            861.2199096679688,
            703.3606567382812,
            1.0
        ],
        [
            804.0917358398438,
            786.9680786132812,
            1.0
        ],
        [
            840.9878540039062,
            760.1180419921875,
            1.0
        ],
        [
            873.4965209960938,
            736.4476318359375,
            1.0
        ],
        [
            902.0577392578125,
            715.8340454101562,
            1.0
        ]
    ],
    "visited": true
}