{
    "keypoints3d": [
        [
            0.0,
            0.0,
            0.0
        ],
        [
            0.0,
            0.28999999165534973,
            0.0
        ],
        [
            0.0,
            0.5799999833106995,
            0.0
        ],
        [
            0.0,
            0.8700000047683716,
            0.0
        ],
        [
            0.28999999165534973,
            0.0,
            0.0
        ],
        [
            0.28999999165534973,
            0.28999999165534973,
            0.0
        ],
        [
            0.28999999165534973,
            0.5799999833106995,
            0.0
        ],
        [
            0.28999999165534973,
            0.8700000047683716,
            0.0
        ],
        [
            0.5799999833106995,
            0.0,
            0.0
        ],
        [
            0.5799999833106995,
            0.28999999165534973,
            0.0
        ],
        [
            0.5799999833106995,
            0.5799999833106995,
            0.0
        ],
        [
            0.5799999833106995,
            0.8700000047683716,
            0.0
        ]
    ],
    "keypoints2d": [
        [
            767.8599243164062,
            789.4290161132812,
            1.0
        ],
        [
            706.0567626953125,
            740.7616577148438,
            1.0
        ],
        [
            649.7725830078125,
            696.2979125976562,
            1.0
        ],
        [
            598.451416015625,
            655.2288818359375,
            1.0
        ],
        [
            832.4376220703125,
            734.2776489257812,
            1.0
        ],
        [
            772.5341186523438,
            692.2342529296875,
            1.0
        ],
        [
            717.689453125,
            652.9448852539062,
            1.0
        ],
        [
            667.1539916992188,
            616.7882080078125,
            1.0
        ],
        [
            887.1636352539062,
            687.64892578125,
            1.0
        ],
        [
            829.4498291015625,
            650.0789794921875,
            1.0
        ],
        [
            776.26904296875,
            615.4951171875,
            1.0
        ],
        [
            726.9922485351562,
            583.3953247070312,
            1.0
        ]
    ],
    "visited": true
}