{
    "keypoints3d": [
        [
            0.0,
            0.0,
            0.0
        ],
        [
            0.0,
            0.28999999165534973,
            0.0
        ],
        [
            0.0,
            0.5799999833106995,
            0.0
        ],
        [
            0.0,
            0.8700000047683716,
            0.0
        ],
        [
            0.28999999165534973,
            0.0,
            0.0
        ],
        [
            0.28999999165534973,
            0.28999999165534973,
            0.0
        ],
        [
            0.28999999165534973,
            0.5799999833106995,
            0.0
        ],
        [
            0.28999999165534973,
            0.8700000047683716,
            0.0
        ],
        [
            0.5799999833106995,
            0.0,
            0.0
        ],
        [
            0.5799999833106995,
            0.28999999165534973,
            0.0
        ],
        [
            0.5799999833106995,
            0.5799999833106995,
            0.0
        ],
        [
            0.5799999833106995,
            0.8700000047683716,
            0.0
        ]
    ],
    "keypoints2d": [
        [
            1181.7161865234375,
            459.4840393066406,
            1.0
        ],
        [
            1141.5191650390625,
            475.3703308105469,
            1.0
        ],
        [
            1099.1529541015625,
            493.3241271972656,
            1.0
        ],
        [
            1053.6336669921875,
            512.3264770507812,
            1.0
        ],
        [
            1144.072265625,
            438.70208740234375,
            1.0
        ],
        [
            1104.695556640625,
            453.39630126953125,
            1.0
        ],
        [
            1063.1732177734375,
            469.1611328125,
            1.0
        ],
        [
            1019.1447143554688,
            486.67852783203125,
            1.0
        ],
        [
            1109.7279052734375,
            419.8913269042969,
            1.0
        ],
        [
            1071.469482421875,
            433.6729431152344,
            1.0
        ],
        [
            1030.6248779296875,
            448.37371826171875,
            1.0
        ],
        [
            988.1438598632812,
            463.772705078125,
            1.0
        ]
    ],
    "visited": true
}