{
    "keypoints3d": [
        [
            0.0,
            0.0,
            0.0
        ],
        [
            0.0,
            0.28999999165534973,
            0.0
        ],
        [
            0.0,
            0.5799999833106995,
            0.0
        ],
        [
            0.0,
            0.8700000047683716,
            0.0
        ],
        [
            0.28999999165534973,
            0.0,
            0.0
        ],
        [
            0.28999999165534973,
            0.28999999165534973,
            0.0
        ],
        [
            0.28999999165534973,
            0.5799999833106995,
            0.0
        ],
        [
            0.28999999165534973,
            0.8700000047683716,
            0.0
        ],
        [
            0.5799999833106995,
            0.0,
            0.0
        ],
        [
            0.5799999833106995,
            0.28999999165534973,
            0.0
        ],
        [
            0.5799999833106995,
            0.5799999833106995,
            0.0
        ],
        [
            0.5799999833106995,
            0.8700000047683716,
            0.0
        ]
    ],
    "keypoints2d": [
        [
            1181.7099609375,
            459.47857666015625,
            1.0
        ],
        [
            1141.521240234375,
            475.3861083984375,
            1.0
        ],
        [
            1099.10986328125,
            493.3086242675781,
            1.0
        ],
        [
            1053.623779296875,
            512.3275756835938,
            1.0
        ],
        [
            1144.1116943359375,
            438.6996154785156,
            1.0
        ],
        [
            1104.699462890625,
            453.3858642578125,
            1.0
        ],
        [
            1063.192138671875,
            469.1562805175781,
            1.0
        ],
        [
            1019.1229858398438,
            486.6846008300781,
            1.0
        ],
        [
            1109.7498779296875,
            419.8986511230469,
            1.0
        ],
        [
            1071.4688720703125,
            433.6630554199219,
            1.0
        ],
        [
            1030.6387939453125,
            448.37493896484375,
            1.0
        ],
        [
            988.1287841796875,
            463.7692565917969,
            1.0
        ]
    ],
    "visited": true
}