{
    "keypoints3d": [
        [
            0.0,
            0.0,
            0.0
        ],
        [
            0.0,
            0.28999999165534973,
            0.0
        ],
        [
            0.0,
            0.5799999833106995,
            0.0
        ],
        [
            0.0,
            0.8700000047683716,
            0.0
        ],
        [
            0.28999999165534973,
            0.0,
            0.0
        ],
        [
            0.28999999165534973,
            0.28999999165534973,
            0.0
        ],
        [
            0.28999999165534973,
            0.5799999833106995,
            0.0
        ],
        [
            0.28999999165534973,
            0.8700000047683716,
            0.0
        ],
        [
            0.5799999833106995,
            0.0,
            0.0
        ],
        [
            0.5799999833106995,
            0.28999999165534973,
            0.0
        ],
        [
            0.5799999833106995,
            0.5799999833106995,
            0.0
        ],
        [
            0.5799999833106995,
            0.8700000047683716,
            0.0
        ]
    ],
    "keypoints2d": [
        [
            1155.500732421875,
            528.1939697265625,
            1.0
        ],
        [
            1117.0633544921875,
            543.1675415039062,
            1.0
        ],
        [
            1075.681640625,
            559.6197509765625,
            1.0
        ],
        [
            1031.322509765625,
            577.7468872070312,
            1.0
        ],
        [
            1117.8402099609375,
            506.1360168457031,
            1.0
        ],
        [
            1080.1414794921875,
            519.4196166992188,
            1.0
        ],
        [
            1039.6243896484375,
            534.4285888671875,
            1.0
        ],
        [
            995.9985961914062,
            550.469970703125,
            1.0
        ],
        [
            1083.7596435546875,
            485.7696228027344,
            1.0
        ],
        [
            1046.5013427734375,
            498.560546875,
            1.0
        ],
        [
            1006.5863037109375,
            511.8265075683594,
            1.0
        ],
        [
            963.7518310546875,
            525.9002075195312,
            1.0
        ]
    ],
    "visited": true
}