{
    "keypoints3d": [
        [
            0.0,
            0.0,
            0.0
        ],
        [
            0.0,
            0.28999999165534973,
            0.0
        ],
        [
            0.0,
            0.5799999833106995,
            0.0
        ],
        [
            0.0,
            0.8700000047683716,
            0.0
        ],
        [
            0.28999999165534973,
            0.0,
            0.0
        ],
        [
            0.28999999165534973,
            0.28999999165534973,
            0.0
        ],
        [
            0.28999999165534973,
            0.5799999833106995,
            0.0
        ],
        [
            0.28999999165534973,
            0.8700000047683716,
            0.0
        ],
        [
            0.5799999833106995,
            0.0,
            0.0
        ],
        [
            0.5799999833106995,
            0.28999999165534973,
            0.0
        ],
        [
            0.5799999833106995,
            0.5799999833106995,
            0.0
        ],
        [
            0.5799999833106995,
            0.8700000047683716,
            0.0
        ]
    ],
    "keypoints2d": [
        [
            925.4609985351562,
            629.3150634765625,
            1.0
        ],
        [
            964.4867553710938,
            676.4182739257812,
            1.0
        ],
        [
            1009.414306640625,
            730.7999877929688,
            1.0
        ],
        [
            1061.7445068359375,
            793.6832275390625,
            1.0
        ],
        [
            858.1168212890625,
            658.6507568359375,
            1.0
        ],
        [
            894.2855834960938,
            710.2847290039062,
            1.0
        ],
        [
            935.8693237304688,
            769.9833374023438,
            1.0
        ],
        [
            984.5313720703125,
            839.9664306640625,
            1.0
        ],
        [
            784.6810302734375,
            690.4918823242188,
            1.0
        ],
        [
            816.658935546875,
            747.4136352539062,
            1.0
        ],
        [
            854.2208862304688,
            813.4878540039062,
            1.0
        ],
        [
            898.47998046875,
            891.3323364257812,
            1.0
        ]
    ],
    "visited": true
}