{
    "keypoints3d": [
        [
            0.0,
            0.0,
            0.0
        ],
        [
            0.0,
            0.28999999165534973,
            0.0
        ],
        [
            0.0,
            0.5799999833106995,
            0.0
        ],
        [
            0.0,
            0.8700000047683716,
            0.0
        ],
        [
            0.28999999165534973,
            0.0,
            0.0
        ],
        [
            0.28999999165534973,
            0.28999999165534973,
            0.0
        ],
        [
            0.28999999165534973,
            0.5799999833106995,
            0.0
        ],
        [
            0.28999999165534973,
            0.8700000047683716,
            0.0
        ],
        [
            0.5799999833106995,
            0.0,
            0.0
        ],
        [
            0.5799999833106995,
            0.28999999165534973,
            0.0
        ],
        [
            0.5799999833106995,
            0.5799999833106995,
            0.0
        ],
        [
            0.5799999833106995,
            0.8700000047683716,
            0.0
        ]
    ],
    "keypoints2d": [
        [
            717.3851318359375,
            752.486572265625,
            1.0
        ],
        [
            756.6551513671875,
            729.3409423828125,
            1.0
        ],
        [
            792.0096435546875,
            709.47314453125,
            1.0
        ],
        [
            823.5667114257812,
            691.8910522460938,
            1.0
        ],
        [
            759.266845703125,
            768.8143310546875,
            1.0
        ],
        [
            797.5213623046875,
            743.7111206054688,
            1.0
        ],
        [
            831.5090942382812,
            722.1646728515625,
            1.0
        ],
        [
            861.2719116210938,
            703.3434448242188,
            1.0
        ],
        [
            804.0269775390625,
            787.029052734375,
            1.0
        ],
        [
            841.0870361328125,
            760.1029052734375,
            1.0
        ],
        [
            873.474609375,
            736.4706420898438,
            1.0
        ],
        [
            902.1679077148438,
            715.8416748046875,
            1.0
        ]
    ],
    "visited": true
}