{
    "keypoints3d": [
        [
            0.0,
            0.0,
            0.0
        ],
        [
            0.0,
            0.28999999165534973,
            0.0
        ],
        [
            0.0,
            0.5799999833106995,
            0.0
        ],
        [
            0.0,
            0.8700000047683716,
            0.0
        ],
        [
            0.28999999165534973,
            0.0,
            0.0
        ],
        [
            0.28999999165534973,
            0.28999999165534973,
            0.0
        ],
        [
            0.28999999165534973,
            0.5799999833106995,
            0.0
        ],
        [
            0.28999999165534973,
            0.8700000047683716,
            0.0
        ],
        [
            0.5799999833106995,
            0.0,
            0.0
        ],
        [
            0.5799999833106995,
            0.28999999165534973,
            0.0
        ],
        [
            0.5799999833106995,
            0.5799999833106995,
            0.0
        ],
        [
            0.5799999833106995,
            0.8700000047683716,
            0.0
        ]
    ],
    "keypoints2d": [
        [
            717.3872680664062,
            752.47705078125,
            1.0
        ],
        [
            756.654052734375,
            729.3338012695312,
            1.0
        ],
        [
            792.0732421875,
            709.4681396484375,
            1.0
        ],
        [
            823.5201416015625,
            691.9158935546875,
            1.0
        ],
        [
            759.2748413085938,
            768.8143920898438,
            1.0
        ],
        [
            797.4638061523438,
            743.7366943359375,
            1.0
        ],
        [
            831.5047607421875,
            722.1630859375,
            1.0
        ],
        [
            861.2870483398438,
            703.3453369140625,
            1.0
        ],
        [
            804.0374145507812,
            787.0684814453125,
            1.0
        ],
        [
            841.0765380859375,
            760.1013793945312,
            1.0
        ],
        [
            873.4808349609375,
            736.486083984375,
            1.0
        ],
        [
            902.1654052734375,
            715.8526611328125,
            1.0
        ]
    ],
    "visited": true
}