{
    "keypoints3d": [
        [
            0.0,
            0.0,
            0.0
        ],
        [
            0.0,
            0.28999999165534973,
            0.0
        ],
        [
            0.0,
            0.5799999833106995,
            0.0
        ],
        [
            0.0,
            0.8700000047683716,
            0.0
        ],
        [
            0.28999999165534973,
            0.0,
            0.0
        ],
        [
            0.28999999165534973,
            0.28999999165534973,
            0.0
        ],
        [
            0.28999999165534973,
            0.5799999833106995,
            0.0
        ],
        [
            0.28999999165534973,
            0.8700000047683716,
            0.0
        ],
        [
            0.5799999833106995,
            0.0,
            0.0
        ],
        [
            0.5799999833106995,
            0.28999999165534973,
            0.0
        ],
        [
            0.5799999833106995,
            0.5799999833106995,
            0.0
        ],
        [
            0.5799999833106995,
            0.8700000047683716,
            0.0
        ]
    ],
    "keypoints2d": [
        [
            717.3976440429688,
            752.4740600585938,
            1.0
        ],
        [
            756.6491088867188,
            729.3413696289062,
            1.0
        ],
        [
            792.0654907226562,
            709.4632568359375,
            1.0
        ],
        [
            823.5386352539062,
            691.9087524414062,
            1.0
        ],
        [
            759.2550048828125,
            768.8269653320312,
            1.0
        ],
        [
            797.4784545898438,
            743.7456665039062,
            1.0
        ],
        [
            831.4983520507812,
            722.1710205078125,
            1.0
        ],
        [
            861.2728881835938,
            703.352294921875,
            1.0
        ],
        [
            804.0032958984375,
            787.0735473632812,
            1.0
        ],
        [
            841.0394287109375,
            760.11669921875,
            1.0
        ],
        [
            873.469482421875,
            736.4911499023438,
            1.0
        ],
        [
            902.1696166992188,
            715.8524169921875,
            1.0
        ]
    ],
    "visited": true
}