{
    "keypoints3d": [
        [
            0.0,
            0.0,
            0.0
        ],
        [
            0.0,
            0.28999999165534973,
            0.0
        ],
        [
            0.0,
            0.5799999833106995,
            0.0
        ],
        [
            0.0,
            0.8700000047683716,
            0.0
        ],
        [
            0.28999999165534973,
            0.0,
            0.0
        ],
        [
            0.28999999165534973,
            0.28999999165534973,
            0.0
        ],
        [
            0.28999999165534973,
            0.5799999833106995,
            0.0
        ],
        [
            0.28999999165534973,
            0.8700000047683716,
            0.0
        ],
        [
            0.5799999833106995,
            0.0,
            0.0
        ],
        [
            0.5799999833106995,
            0.28999999165534973,
            0.0
        ],
        [
            0.5799999833106995,
            0.5799999833106995,
            0.0
        ],
        [
            0.5799999833106995,
            0.8700000047683716,
            0.0
        ]
    ],
    "keypoints2d": [
        [
            767.8660888671875,
            789.42333984375,
            1.0
        ],
        [
            706.0908813476562,
            740.773681640625,
            1.0
        ],
        [
            649.75732421875,
            696.32080078125,
            1.0
        ],
        [
            598.45458984375,
            655.2496948242188,
            1.0
        ],
        [
            832.434326171875,
            734.2622680664062,
            1.0
        ],
        [
            772.5598754882812,
            692.2276611328125,
            1.0
        ],
        [
            717.668212890625,
            652.9263916015625,
            1.0
        ],
        [
            667.1650390625,
            616.8031616210938,
            1.0
        ],
        [
            887.1588134765625,
            687.6494140625,
            1.0
        ],
        [
            829.4425659179688,
            650.0770263671875,
            1.0
        ],
        [
            776.2713012695312,
            615.4893798828125,
            1.0
        ],
        [
            726.97607421875,
            583.3985595703125,
            1.0
        ]
    ],
    "visited": true
}