{
    "keypoints3d": [
        [
            0.0,
            0.0,
            0.0
        ],
        [
            0.0,
            0.28999999165534973,
            0.0
        ],
        [
            0.0,
            0.5799999833106995,
            0.0
        ],
        [
            0.0,
            0.8700000047683716,
            0.0
        ],
        [
            0.28999999165534973,
            0.0,
            0.0
        ],
        [
            0.28999999165534973,
            0.28999999165534973,
            0.0
        ],
        [
            0.28999999165534973,
            0.5799999833106995,
            0.0
        ],
        [
            0.28999999165534973,
            0.8700000047683716,
            0.0
        ],
        [
            0.5799999833106995,
            0.0,
            0.0
        ],
        [
            0.5799999833106995,
            0.28999999165534973,
            0.0
        ],
        [
            0.5799999833106995,
            0.5799999833106995,
            0.0
        ],
        [
            0.5799999833106995,
            0.8700000047683716,
            0.0
        ]
    ],
    "keypoints2d": [
        [
            1181.707275390625,
            459.47930908203125,
            1.0
        ],
        [
            1141.5194091796875,
            475.38739013671875,
            1.0
        ],
        [
            1099.129150390625,
            493.31939697265625,
            1.0
        ],
        [
            1053.634521484375,
            512.3200073242188,
            1.0
        ],
        [
            1144.081787109375,
            438.6918029785156,
            1.0
        ],
        [
            1104.6781005859375,
            453.3892822265625,
            1.0
        ],
        [
            1063.178466796875,
            469.1520690917969,
            1.0
        ],
        [
            1019.143310546875,
            486.69061279296875,
            1.0
        ],
        [
            1109.755859375,
            419.8892517089844,
            1.0
        ],
        [
            1071.4619140625,
            433.6664123535156,
            1.0
        ],
        [
            1030.635009765625,
            448.38037109375,
            1.0
        ],
        [
            988.1468505859375,
            463.7712707519531,
            1.0
        ]
    ],
    "visited": true
}