{
    "keypoints3d": [
        [
            0.0,
            0.0,
            0.0
        ],
        [
            0.0,
            0.28999999165534973,
            0.0
        ],
        [
            0.0,
            0.5799999833106995,
            0.0
        ],
        [
            0.0,
            0.8700000047683716,
            0.0
        ],
        [
            0.28999999165534973,
            0.0,
            0.0
        ],
        [
            0.28999999165534973,
            0.28999999165534973,
            0.0
        ],
        [
            0.28999999165534973,
            0.5799999833106995,
            0.0
        ],
        [
            0.28999999165534973,
            0.8700000047683716,
            0.0
        ],
        [
            0.5799999833106995,
            0.0,
            0.0
        ],
        [
            0.5799999833106995,
            0.28999999165534973,
            0.0
        ],
        [
            0.5799999833106995,
            0.5799999833106995,
            0.0
        ],
        [
            0.5799999833106995,
            0.8700000047683716,
            0.0
        ]
    ],
    "keypoints2d": [
        [
            1155.4708251953125,
            528.19970703125,
            1.0
        ],
        [
            1117.1024169921875,
            543.2012939453125,
            1.0
        ],
        [
            1075.7122802734375,
            559.6124877929688,
            1.0
        ],
        [
            1031.3111572265625,
            577.719970703125,
            1.0
        ],
        [
            1117.81103515625,
            506.1076965332031,
            1.0
        ],
        [
            1080.1318359375,
            519.4183959960938,
            1.0
        ],
        [
            1039.6170654296875,
            534.4232177734375,
            1.0
        ],
        [
            995.956298828125,
            550.4464111328125,
            1.0
        ],
        [
            1083.7222900390625,
            485.75848388671875,
            1.0
        ],
        [
            1046.378173828125,
            498.56793212890625,
            1.0
        ],
        [
            1006.553955078125,
            511.8501281738281,
            1.0
        ],
        [
            963.8294067382812,
            525.951171875,
            1.0
        ]
    ],
    "visited": true
}