{
    "keypoints3d": [
        [
            0.0,
            0.0,
            0.0
        ],
        [
            0.0,
            0.28999999165534973,
            0.0
        ],
        [
            0.0,
            0.5799999833106995,
            0.0
        ],
        [
            0.0,
            0.8700000047683716,
            0.0
        ],
        [
            0.28999999165534973,
            0.0,
            0.0
        ],
        [
            0.28999999165534973,
            0.28999999165534973,
            0.0
        ],
        [
            0.28999999165534973,
            0.5799999833106995,
            0.0
        ],
        [
            0.28999999165534973,
            0.8700000047683716,
            0.0
        ],
        [
            0.5799999833106995,
            0.0,
            0.0
        ],
        [
            0.5799999833106995,
            0.28999999165534973,
            0.0
        ],
        [
            0.5799999833106995,
            0.5799999833106995,
            0.0
        ],
        [
            0.5799999833106995,
            0.8700000047683716,
            0.0
        ]
    ],
    "keypoints2d": [
        [
            1181.768310546875,
            459.4889831542969,
            1.0
        ],
        [
            1141.5545654296875,
            475.3981628417969,
            1.0
        ],
        [
            1099.1634521484375,
            493.3462219238281,
            1.0
        ],
        [
            1053.595947265625,
            512.2900390625,
            1.0
        ],
        [
            1144.1136474609375,
            438.7293395996094,
            1.0
        ],
        [
            1104.6842041015625,
            453.43304443359375,
            1.0
        ],
        [
            1063.11474609375,
            469.1832580566406,
            1.0
        ],
        [
            1019.1348876953125,
            486.673583984375,
            1.0
        ],
        [
            1109.6983642578125,
            419.8914489746094,
            1.0
        ],
        [
            1071.47216796875,
            433.6632385253906,
            1.0
        ],
        [
            1030.5888671875,
            448.3447265625,
            1.0
        ],
        [
            988.17333984375,
            463.76873779296875,
            1.0
        ]
    ],
    "visited": true
}