{
    "keypoints3d": [
        [
            0.0,
            0.0,
            0.0
        ],
        [
            0.0,
            0.28999999165534973,
            0.0
        ],
        [
            0.0,
            0.5799999833106995,
            0.0
        ],
        [
            0.0,
            0.8700000047683716,
            0.0
        ],
        [
            0.28999999165534973,
            0.0,
            0.0
        ],
        [
            0.28999999165534973,
            0.28999999165534973,
            0.0
        ],
        [
            0.28999999165534973,
            0.5799999833106995,
            0.0
        ],
        [
            0.28999999165534973,
            0.8700000047683716,
            0.0
        ],
        [
            0.5799999833106995,
            0.0,
            0.0
        ],
        [
            0.5799999833106995,
            0.28999999165534973,
            0.0
        ],
        [
            0.5799999833106995,
            0.5799999833106995,
            0.0
        ],
        [
            0.5799999833106995,
            0.8700000047683716,
            0.0
        ]
    ],
    "keypoints2d": [
        [
            1181.7310791015625,
            459.4831237792969,
            1.0
        ],
        [
            1141.54541015625,
            475.3939208984375,
            1.0
        ],
        [
            1099.139404296875,
            493.32696533203125,
            1.0
        ],
        [
            1053.6405029296875,
            512.329833984375,
            1.0
        ],
        [
            1144.07421875,
            438.692138671875,
            1.0
        ],
        [
            1104.7044677734375,
            453.4033203125,
            1.0
        ],
        [
            1063.1844482421875,
            469.18292236328125,
            1.0
        ],
        [
            1019.1292724609375,
            486.6741638183594,
            1.0
        ],
        [
            1109.767822265625,
            419.8867492675781,
            1.0
        ],
        [
            1071.4713134765625,
            433.6686096191406,
            1.0
        ],
        [
            1030.6275634765625,
            448.35711669921875,
            1.0
        ],
        [
            988.1476440429688,
            463.7743835449219,
            1.0
        ]
    ],
    "visited": true
}