{
    "keypoints3d": [
        [
            0.0,
            0.0,
            0.0
        ],
        [
            0.0,
            0.28999999165534973,
            0.0
        ],
        [
            0.0,
            0.5799999833106995,
            0.0
        ],
        [
            0.0,
            0.8700000047683716,
            0.0
        ],
        [
            0.28999999165534973,
            0.0,
            0.0
        ],
        [
            0.28999999165534973,
            0.28999999165534973,
            0.0
        ],
        [
            0.28999999165534973,
            0.5799999833106995,
            0.0
        ],
        [
            0.28999999165534973,
            0.8700000047683716,
            0.0
        ],
        [
            0.5799999833106995,
            0.0,
            0.0
        ],
        [
            0.5799999833106995,
            0.28999999165534973,
            0.0
        ],
        [
            0.5799999833106995,
            0.5799999833106995,
            0.0
        ],
        [
            0.5799999833106995,
            0.8700000047683716,
            0.0
        ]
    ],
    "keypoints2d": [
        [
            1181.7120361328125,
            459.47869873046875,
            1.0
        ],
        [
            1141.52490234375,
            475.3840637207031,
            1.0
        ],
        [
            1099.1033935546875,
            493.30419921875,
            1.0
        ],
        [
            1053.6282958984375,
            512.3283081054688,
            1.0
        ],
        [
            1144.098876953125,
            438.7060241699219,
            1.0
        ],
        [
            1104.6978759765625,
            453.3894958496094,
            1.0
        ],
        [
            1063.21044921875,
            469.1640625,
            1.0
        ],
        [
            1019.1412353515625,
            486.6892395019531,
            1.0
        ],
        [
            1109.75830078125,
            419.90032958984375,
            1.0
        ],
        [
            1071.4957275390625,
            433.6676330566406,
            1.0
        ],
        [
            1030.6356201171875,
            448.37060546875,
            1.0
        ],
        [
            988.14111328125,
            463.7696533203125,
            1.0
        ]
    ],
    "visited": true
}