{
    "keypoints3d": [
        [
            0.0,
            0.0,
            0.0
        ],
        [
            0.0,
            0.28999999165534973,
            0.0
        ],
        [
            0.0,
            0.5799999833106995,
            0.0
        ],
        [
            0.0,
            0.8700000047683716,
            0.0
        ],
        [
            0.28999999165534973,
            0.0,
            0.0
        ],
        [
            0.28999999165534973,
            0.28999999165534973,
            0.0
        ],
        [
            0.28999999165534973,
            0.5799999833106995,
            0.0
        ],
        [
            0.28999999165534973,
            0.8700000047683716,
            0.0
        ],
        [
            0.5799999833106995,
            0.0,
            0.0
        ],
        [
            0.5799999833106995,
            0.28999999165534973,
            0.0
        ],
        [
            0.5799999833106995,
            0.5799999833106995,
            0.0
        ],
        [
            0.5799999833106995,
            0.8700000047683716,
            0.0
        ]
    ],
    "keypoints2d": [
        [
            1051.42431640625,
            823.2816772460938,
            1.0
        ],
        [
            996.410888671875,
            756.65966796875,
            1.0
        ],
        [
            949.5233154296875,
            699.3895263671875,
            1.0
        ],
        [
            909.1214599609375,
            649.2102661132812,
            1.0
        ],
        [
            1125.376220703125,
            772.7410888671875,
            1.0
        ],
        [
            1067.3983154296875,
            712.867919921875,
            1.0
        ],
        [
            1017.421142578125,
            661.4465942382812,
            1.0
        ],
        [
            974.1236572265625,
            616.0323486328125,
            1.0
        ],
        [
            1192.1541748046875,
            727.3621826171875,
            1.0
        ],
        [
            1131.7689208984375,
            673.2455444335938,
            1.0
        ],
        [
            1079.643310546875,
            626.8233032226562,
            1.0
        ],
        [
            1034.069580078125,
            585.5277099609375,
            1.0
        ]
    ],
    "visited": true
}