{
    "keypoints3d": [
        [
            0.0,
            0.0,
            0.0
        ],
        [
            0.0,
            0.28999999165534973,
            0.0
        ],
        [
            0.0,
            0.5799999833106995,
            0.0
        ],
        [
            0.0,
            0.8700000047683716,
            0.0
        ],
        [
            0.28999999165534973,
            0.0,
            0.0
        ],
        [
            0.28999999165534973,
            0.28999999165534973,
            0.0
        ],
        [
            0.28999999165534973,
            0.5799999833106995,
            0.0
        ],
        [
            0.28999999165534973,
            0.8700000047683716,
            0.0
        ],
        [
            0.5799999833106995,
            0.0,
            0.0
        ],
        [
            0.5799999833106995,
            0.28999999165534973,
            0.0
        ],
        [
            0.5799999833106995,
            0.5799999833106995,
            0.0
        ],
        [
            0.5799999833106995,
            0.8700000047683716,
            0.0
        ]
    ],
    "keypoints2d": [
        [
            1181.708984375,
            459.482421875,
            1.0
        ],
        [
            1141.5303955078125,
            475.38482666015625,
            1.0
        ],
        [
            1099.10791015625,
            493.30810546875,
            1.0
        ],
        [
            1053.6224365234375,
            512.3298950195312,
            1.0
        ],
        [
            1144.1119384765625,
            438.70770263671875,
            1.0
        ],
        [
            1104.6954345703125,
            453.389892578125,
            1.0
        ],
        [
            1063.1788330078125,
            469.1543884277344,
            1.0
        ],
        [
            1019.1381225585938,
            486.6860656738281,
            1.0
        ],
        [
            1109.7698974609375,
            419.9054260253906,
            1.0
        ],
        [
            1071.472412109375,
            433.66656494140625,
            1.0
        ],
        [
            1030.640869140625,
            448.3740234375,
            1.0
        ],
        [
            988.1405029296875,
            463.7691345214844,
            1.0
        ]
    ],
    "visited": true
}