{
    "keypoints3d": [
        [
            0.0,
            0.0,
            0.0
        ],
        [
            0.0,
            0.28999999165534973,
            0.0
        ],
        [
            0.0,
            0.5799999833106995,
            0.0
        ],
        [
            0.0,
            0.8700000047683716,
            0.0
        ],
        [
            0.28999999165534973,
            0.0,
            0.0
        ],
        [
            0.28999999165534973,
            0.28999999165534973,
            0.0
        ],
        [
            0.28999999165534973,
            0.5799999833106995,
            0.0
        ],
        [
            0.28999999165534973,
            0.8700000047683716,
            0.0
        ],
        [
            0.5799999833106995,
            0.0,
            0.0
        ],
        [
            0.5799999833106995,
            0.28999999165534973,
            0.0
        ],
        [
            0.5799999833106995,
            0.5799999833106995,
            0.0
        ],
        [
            0.5799999833106995,
            0.8700000047683716,
            0.0
        ]
    ],
    "keypoints2d": [
        [
            1067.2469482421875,
            532.3662109375,
            1.0
        ],
        [
            1101.0030517578125,
            505.14910888671875,
            1.0
        ],
        [
            1131.710205078125,
            481.3529052734375,
            1.0
        ],
        [
            1160.3692626953125,
            457.69317626953125,
            1.0
        ],
        [
            1120.76953125,
            556.1322021484375,
            1.0
        ],
        [
            1153.7657470703125,
            526.0830078125,
            1.0
        ],
        [
            1183.3896484375,
            500.30706787109375,
            1.0
        ],
        [
            1210.3468017578125,
            475.4710998535156,
            1.0
        ],
        [
            1180.15185546875,
            582.0635986328125,
            1.0
        ],
        [
            1211.36474609375,
            549.1371459960938,
            1.0
        ],
        [
            1239.38623046875,
            520.8711547851562,
            1.0
        ],
        [
            1265.2115478515625,
            493.869140625,
            1.0
        ]
    ],
    "visited": true
}