{
    "keypoints3d": [
        [
            0.0,
            0.0,
            0.0
        ],
        [
            0.0,
            0.28999999165534973,
            0.0
        ],
        [
            0.0,
            0.5799999833106995,
            0.0
        ],
        [
            0.0,
            0.8700000047683716,
            0.0
        ],
        [
            0.28999999165534973,
            0.0,
            0.0
        ],
        [
            0.28999999165534973,
            0.28999999165534973,
            0.0
        ],
        [
            0.28999999165534973,
            0.5799999833106995,
            0.0
        ],
        [
            0.28999999165534973,
            0.8700000047683716,
            0.0
        ],
        [
            0.5799999833106995,
            0.0,
            0.0
        ],
        [
            0.5799999833106995,
            0.28999999165534973,
            0.0
        ],
        [
            0.5799999833106995,
            0.5799999833106995,
            0.0
        ],
        [
            0.5799999833106995,
            0.8700000047683716,
            0.0
        ]
    ],
    "keypoints2d": [
        [
            1155.474365234375,
            528.2037353515625,
            1.0
        ],
        [
            1117.093017578125,
            543.1909790039062,
            1.0
        ],
        [
            1075.69775390625,
            559.62109375,
            1.0
        ],
        [
            1031.3316650390625,
            577.722900390625,
            1.0
        ],
        [
            1117.738037109375,
            506.1312561035156,
            1.0
        ],
        [
            1080.1016845703125,
            519.4183349609375,
            1.0
        ],
        [
            1039.5848388671875,
            534.4133911132812,
            1.0
        ],
        [
            995.9815063476562,
            550.4489135742188,
            1.0
        ],
        [
            1083.7386474609375,
            485.7594299316406,
            1.0
        ],
        [
            1046.4019775390625,
            498.560302734375,
            1.0
        ],
        [
            1006.5755615234375,
            511.8424987792969,
            1.0
        ],
        [
            963.822021484375,
            525.9344482421875,
            1.0
        ]
    ],
    "visited": true
}