{
    "keypoints3d": [
        [
            0.0,
            0.0,
            0.0
        ],
        [
            0.0,
            0.28999999165534973,
            0.0
        ],
        [
            0.0,
            0.5799999833106995,
            0.0
        ],
        [
            0.0,
            0.8700000047683716,
            0.0
        ],
        [
            0.28999999165534973,
            0.0,
            0.0
        ],
        [
            0.28999999165534973,
            0.28999999165534973,
            0.0
        ],
        [
            0.28999999165534973,
            0.5799999833106995,
            0.0
        ],
        [
            0.28999999165534973,
            0.8700000047683716,
            0.0
        ],
        [
            0.5799999833106995,
            0.0,
            0.0
        ],
        [
            0.5799999833106995,
            0.28999999165534973,
            0.0
        ],
        [
            0.5799999833106995,
            0.5799999833106995,
            0.0
        ],
        [
            0.5799999833106995,
            0.8700000047683716,
            0.0
        ]
    ],
    "keypoints2d": [
        [
            1155.4683837890625,
            528.1950073242188,
            1.0
        ],
        [
            1117.08349609375,
            543.1990966796875,
            1.0
        ],
        [
            1075.7069091796875,
            559.6094970703125,
            1.0
        ],
        [
            1031.3092041015625,
            577.7225952148438,
            1.0
        ],
        [
            1117.80615234375,
            506.10797119140625,
            1.0
        ],
        [
            1080.1322021484375,
            519.4202880859375,
            1.0
        ],
        [
            1039.61083984375,
            534.419677734375,
            1.0
        ],
        [
            995.9586791992188,
            550.4436645507812,
            1.0
        ],
        [
            1083.724609375,
            485.7533264160156,
            1.0
        ],
        [
            1046.3690185546875,
            498.56317138671875,
            1.0
        ],
        [
            1006.561767578125,
            511.84649658203125,
            1.0
        ],
        [
            963.8411254882812,
            525.9520263671875,
            1.0
        ]
    ],
    "visited": true
}