{
    "keypoints3d": [
        [
            0.0,
            0.0,
            0.0
        ],
        [
            0.0,
            0.28999999165534973,
            0.0
        ],
        [
            0.0,
            0.5799999833106995,
            0.0
        ],
        [
            0.0,
            0.8700000047683716,
            0.0
        ],
        [
            0.28999999165534973,
            0.0,
            0.0
        ],
        [
            0.28999999165534973,
            0.28999999165534973,
            0.0
        ],
        [
            0.28999999165534973,
            0.5799999833106995,
            0.0
        ],
        [
            0.28999999165534973,
            0.8700000047683716,
            0.0
        ],
        [
            0.5799999833106995,
            0.0,
            0.0
        ],
        [
            0.5799999833106995,
            0.28999999165534973,
            0.0
        ],
        [
            0.5799999833106995,
            0.5799999833106995,
            0.0
        ],
        [
            0.5799999833106995,
            0.8700000047683716,
            0.0
        ]
    ],
    "keypoints2d": [
        [
            1155.4564208984375,
            528.1991577148438,
            1.0
        ],
        [
            1117.0821533203125,
            543.1991577148438,
            1.0
        ],
        [
            1075.7076416015625,
            559.615234375,
            1.0
        ],
        [
            1031.31201171875,
            577.7220458984375,
            1.0
        ],
        [
            1117.8345947265625,
            506.12078857421875,
            1.0
        ],
        [
            1080.1351318359375,
            519.4203491210938,
            1.0
        ],
        [
            1039.5982666015625,
            534.4186401367188,
            1.0
        ],
        [
            995.9609985351562,
            550.447509765625,
            1.0
        ],
        [
            1083.7294921875,
            485.7516784667969,
            1.0
        ],
        [
            1046.3780517578125,
            498.5578918457031,
            1.0
        ],
        [
            1006.547607421875,
            511.8550109863281,
            1.0
        ],
        [
            963.8449096679688,
            525.9537353515625,
            1.0
        ]
    ],
    "visited": true
}