{
    "keypoints3d": [
        [
            0.0,
            0.0,
            0.0
        ],
        [
            0.0,
            0.28999999165534973,
            0.0
        ],
        [
            0.0,
            0.5799999833106995,
            0.0
        ],
        [
            0.0,
            0.8700000047683716,
            0.0
        ],
        [
            0.28999999165534973,
            0.0,
            0.0
        ],
        [
            0.28999999165534973,
            0.28999999165534973,
            0.0
        ],
        [
            0.28999999165534973,
            0.5799999833106995,
            0.0
        ],
        [
            0.28999999165534973,
            0.8700000047683716,
            0.0
        ],
        [
            0.5799999833106995,
            0.0,
            0.0
        ],
        [
            0.5799999833106995,
            0.28999999165534973,
            0.0
        ],
        [
            0.5799999833106995,
            0.5799999833106995,
            0.0
        ],
        [
            0.5799999833106995,
            0.8700000047683716,
            0.0
        ]
    ],
    "keypoints2d": [
        [
            861.2008056640625,
            646.5034790039062,
            1.0
        ],
        [
            829.5136108398438,
            620.0972290039062,
            1.0
        ],
        [
            800.8096313476562,
            596.2426147460938,
            1.0
        ],
        [
            774.886962890625,
            575.6744995117188,
            1.0
        ],
        [
            911.4210815429688,
            624.1085815429688,
            1.0
        ],
        [
            878.2670288085938,
            599.7792358398438,
            1.0
        ],
        [
            848.287109375,
            577.891845703125,
            1.0
        ],
        [
            821.2255249023438,
            559.4967041015625,
            1.0
        ],
        [
            956.8566284179688,
            603.7138061523438,
            1.0
        ],
        [
            923.1256713867188,
            581.5614624023438,
            1.0
        ],
        [
            892.0558471679688,
            561.3911743164062,
            1.0
        ],
        [
            863.8695678710938,
            543.743408203125,
            1.0
        ]
    ],
    "visited": true
}