{
    "keypoints3d": [
        [
            0.0,
            0.0,
            0.0
        ],
        [
            0.0,
            0.28999999165534973,
            0.0
        ],
        [
            0.0,
            0.5799999833106995,
            0.0
        ],
        [
            0.0,
            0.8700000047683716,
            0.0
        ],
        [
            0.28999999165534973,
            0.0,
            0.0
        ],
        [
            0.28999999165534973,
            0.28999999165534973,
            0.0
        ],
        [
            0.28999999165534973,
            0.5799999833106995,
            0.0
        ],
        [
            0.28999999165534973,
            0.8700000047683716,
            0.0
        ],
        [
            0.5799999833106995,
            0.0,
            0.0
        ],
        [
            0.5799999833106995,
            0.28999999165534973,
            0.0
        ],
        [
            0.5799999833106995,
            0.5799999833106995,
            0.0
        ],
        [
            0.5799999833106995,
            0.8700000047683716,
            0.0
        ]
    ],
    "keypoints2d": [
        [
            767.8838500976562,
            789.404052734375,
            1.0
        ],
        [
            706.0841674804688,
            740.7781982421875,
            1.0
        ],
        [
            649.753662109375,
            696.3051147460938,
            1.0
        ],
        [
            598.4490966796875,
            655.2592163085938,
            1.0
        ],
        [
            832.4616088867188,
            734.2685546875,
            1.0
        ],
        [
            772.5357055664062,
            692.2166137695312,
            1.0
        ],
        [
            717.6703491210938,
            652.9257202148438,
            1.0
        ],
        [
            667.1655883789062,
            616.7889404296875,
            1.0
        ],
        [
            887.1610717773438,
            687.6524047851562,
            1.0
        ],
        [
            829.4342041015625,
            650.0753173828125,
            1.0
        ],
        [
            776.2742919921875,
            615.4856567382812,
            1.0
        ],
        [
            726.9938354492188,
            583.413818359375,
            1.0
        ]
    ],
    "visited": true
}