{
    "keypoints3d": [
        [
            0.0,
            0.0,
            0.0
        ],
        [
            0.0,
            0.28999999165534973,
            0.0
        ],
        [
            0.0,
            0.5799999833106995,
            0.0
        ],
        [
            0.0,
            0.8700000047683716,
            0.0
        ],
        [
            0.28999999165534973,
            0.0,
            0.0
        ],
        [
            0.28999999165534973,
            0.28999999165534973,
            0.0
        ],
        [
            0.28999999165534973,
            0.5799999833106995,
            0.0
        ],
        [
            0.28999999165534973,
            0.8700000047683716,
            0.0
        ],
        [
            0.5799999833106995,
            0.0,
            0.0
        ],
        [
            0.5799999833106995,
            0.28999999165534973,
            0.0
        ],
        [
            0.5799999833106995,
            0.5799999833106995,
            0.0
        ],
        [
            0.5799999833106995,
            0.8700000047683716,
            0.0
        ]
    ],
    "keypoints2d": [
        [
            1117.0301513671875,
            463.0868835449219,
            1.0
        ],
        [
            1146.566162109375,
            444.93695068359375,
            1.0
        ],
        [
            1174.0067138671875,
            427.95306396484375,
            1.0
        ],
        [
            1199.558837890625,
            413.1763000488281,
            1.0
        ],
        [
            1163.4093017578125,
            485.2761535644531,
            1.0
        ],
        [
            1192.126708984375,
            465.2492980957031,
            1.0
        ],
        [
            1218.791748046875,
            446.75634765625,
            1.0
        ],
        [
            1243.3446044921875,
            430.7684326171875,
            1.0
        ],
        [
            1214.115478515625,
            508.21343994140625,
            1.0
        ],
        [
            1241.6937255859375,
            486.790771484375,
            1.0
        ],
        [
            1266.6998291015625,
            467.0284118652344,
            1.0
        ],
        [
            1290.2374267578125,
            449.4120788574219,
            1.0
        ]
    ],
    "visited": true
}