{
    "keypoints3d": [
        [
            0.0,
            0.0,
            0.0
        ],
        [
            0.0,
            0.28999999165534973,
            0.0
        ],
        [
            0.0,
            0.5799999833106995,
            0.0
        ],
        [
            0.0,
            0.8700000047683716,
            0.0
        ],
        [
            0.28999999165534973,
            0.0,
            0.0
        ],
        [
            0.28999999165534973,
            0.28999999165534973,
            0.0
        ],
        [
            0.28999999165534973,
            0.5799999833106995,
            0.0
        ],
        [
            0.28999999165534973,
            0.8700000047683716,
            0.0
        ],
        [
            0.5799999833106995,
            0.0,
            0.0
        ],
        [
            0.5799999833106995,
            0.28999999165534973,
            0.0
        ],
        [
            0.5799999833106995,
            0.5799999833106995,
            0.0
        ],
        [
            0.5799999833106995,
            0.8700000047683716,
            0.0
        ]
    ],
    "keypoints2d": [
        [
            717.3949584960938,
            752.482666015625,
            1.0
        ],
        [
            756.6663208007812,
            729.3399047851562,
            1.0
        ],
        [
            792.0269775390625,
            709.4835815429688,
            1.0
        ],
        [
            823.5430908203125,
            691.907470703125,
            1.0
        ],
        [
            759.2669677734375,
            768.8186645507812,
            1.0
        ],
        [
            797.4874267578125,
            743.7321166992188,
            1.0
        ],
        [
            831.4971923828125,
            722.1697387695312,
            1.0
        ],
        [
            861.27685546875,
            703.34521484375,
            1.0
        ],
        [
            804.000244140625,
            787.0499877929688,
            1.0
        ],
        [
            841.0939331054688,
            760.1015625,
            1.0
        ],
        [
            873.4867553710938,
            736.4807739257812,
            1.0
        ],
        [
            902.1689453125,
            715.8408203125,
            1.0
        ]
    ],
    "visited": true
}