{
    "keypoints3d": [
        [
            0.0,
            0.0,
            0.0
        ],
        [
            0.0,
            0.28999999165534973,
            0.0
        ],
        [
            0.0,
            0.5799999833106995,
            0.0
        ],
        [
            0.0,
            0.8700000047683716,
            0.0
        ],
        [
            0.28999999165534973,
            0.0,
            0.0
        ],
        [
            0.28999999165534973,
            0.28999999165534973,
            0.0
        ],
        [
            0.28999999165534973,
            0.5799999833106995,
            0.0
        ],
        [
            0.28999999165534973,
            0.8700000047683716,
            0.0
        ],
        [
            0.5799999833106995,
            0.0,
            0.0
        ],
        [
            0.5799999833106995,
            0.28999999165534973,
            0.0
        ],
        [
            0.5799999833106995,
            0.5799999833106995,
            0.0
        ],
        [
            0.5799999833106995,
            0.8700000047683716,
            0.0
        ]
    ],
    "keypoints2d": [
        [
            767.89013671875,
            789.4051513671875,
            1.0
        ],
        [
            706.0670776367188,
            740.775634765625,
            1.0
        ],
        [
            649.7320556640625,
            696.3173828125,
            1.0
        ],
        [
            598.4534301757812,
            655.232666015625,
            1.0
        ],
        [
            832.4415283203125,
            734.2590942382812,
            1.0
        ],
        [
            772.5429077148438,
            692.2166137695312,
            1.0
        ],
        [
            717.6663208007812,
            652.93017578125,
            1.0
        ],
        [
            667.1651000976562,
            616.78564453125,
            1.0
        ],
        [
            887.1690063476562,
            687.65087890625,
            1.0
        ],
        [
            829.443603515625,
            650.0546264648438,
            1.0
        ],
        [
            776.2653198242188,
            615.4807739257812,
            1.0
        ],
        [
            726.9761962890625,
            583.3927612304688,
            1.0
        ]
    ],
    "visited": true
}