{
    "keypoints3d": [
        [
            0.0,
            0.0,
            0.0
        ],
        [
            0.0,
            0.28999999165534973,
            0.0
        ],
        [
            0.0,
            0.5799999833106995,
            0.0
        ],
        [
            0.0,
            0.8700000047683716,
            0.0
        ],
        [
            0.28999999165534973,
            0.0,
            0.0
        ],
        [
            0.28999999165534973,
            0.28999999165534973,
            0.0
        ],
        [
            0.28999999165534973,
            0.5799999833106995,
            0.0
        ],
        [
            0.28999999165534973,
            0.8700000047683716,
            0.0
        ],
        [
            0.5799999833106995,
            0.0,
            0.0
        ],
        [
            0.5799999833106995,
            0.28999999165534973,
            0.0
        ],
        [
            0.5799999833106995,
            0.5799999833106995,
            0.0
        ],
        [
            0.5799999833106995,
            0.8700000047683716,
            0.0
        ]
    ],
    "keypoints2d": [
        [
            1181.6947021484375,
            459.48345947265625,
            1.0
        ],
        [
            1141.517333984375,
            475.3891296386719,
            1.0
        ],
        [
            1099.1304931640625,
            493.3109436035156,
            1.0
        ],
        [
            1053.642333984375,
            512.3258666992188,
            1.0
        ],
        [
            1144.083984375,
            438.7051696777344,
            1.0
        ],
        [
            1104.691162109375,
            453.3895263671875,
            1.0
        ],
        [
            1063.179443359375,
            469.1590270996094,
            1.0
        ],
        [
            1019.1411743164062,
            486.69329833984375,
            1.0
        ],
        [
            1109.7564697265625,
            419.9063720703125,
            1.0
        ],
        [
            1071.4710693359375,
            433.66644287109375,
            1.0
        ],
        [
            1030.61767578125,
            448.3721618652344,
            1.0
        ],
        [
            988.1350708007812,
            463.7663879394531,
            1.0
        ]
    ],
    "visited": true
}