{
    "keypoints3d": [
        [
            0.0,
            0.0,
            0.0
        ],
        [
            0.0,
            0.28999999165534973,
            0.0
        ],
        [
            0.0,
            0.5799999833106995,
            0.0
        ],
        [
            0.0,
            0.8700000047683716,
            0.0
        ],
        [
            0.28999999165534973,
            0.0,
            0.0
        ],
        [
            0.28999999165534973,
            0.28999999165534973,
            0.0
        ],
        [
            0.28999999165534973,
            0.5799999833106995,
            0.0
        ],
        [
            0.28999999165534973,
            0.8700000047683716,
            0.0
        ],
        [
            0.5799999833106995,
            0.0,
            0.0
        ],
        [
            0.5799999833106995,
            0.28999999165534973,
            0.0
        ],
        [
            0.5799999833106995,
            0.5799999833106995,
            0.0
        ],
        [
            0.5799999833106995,
            0.8700000047683716,
            0.0
        ]
    ],
    "keypoints2d": [
        [
            717.4002685546875,
            752.4700317382812,
            1.0
        ],
        [
            756.6541748046875,
            729.3478393554688,
            1.0
        ],
        [
            792.0881958007812,
            709.46337890625,
            1.0
        ],
        [
            823.5302124023438,
            691.8967895507812,
            1.0
        ],
        [
            759.2659301757812,
            768.8385009765625,
            1.0
        ],
        [
            797.4650268554688,
            743.7504272460938,
            1.0
        ],
        [
            831.4607543945312,
            722.176513671875,
            1.0
        ],
        [
            861.2838745117188,
            703.353759765625,
            1.0
        ],
        [
            804.0300903320312,
            787.0750122070312,
            1.0
        ],
        [
            841.0430297851562,
            760.1137084960938,
            1.0
        ],
        [
            873.4821166992188,
            736.487060546875,
            1.0
        ],
        [
            902.1563110351562,
            715.861328125,
            1.0
        ]
    ],
    "visited": true
}