{
    "keypoints3d": [
        [
            0.0,
            0.0,
            0.0
        ],
        [
            0.0,
            0.28999999165534973,
            0.0
        ],
        [
            0.0,
            0.5799999833106995,
            0.0
        ],
        [
            0.0,
            0.8700000047683716,
            0.0
        ],
        [
            0.28999999165534973,
            0.0,
            0.0
        ],
        [
            0.28999999165534973,
            0.28999999165534973,
            0.0
        ],
        [
            0.28999999165534973,
            0.5799999833106995,
            0.0
        ],
        [
            0.28999999165534973,
            0.8700000047683716,
            0.0
        ],
        [
            0.5799999833106995,
            0.0,
            0.0
        ],
        [
            0.5799999833106995,
            0.28999999165534973,
            0.0
        ],
        [
            0.5799999833106995,
            0.5799999833106995,
            0.0
        ],
        [
            0.5799999833106995,
            0.8700000047683716,
            0.0
        ]
    ],
    "keypoints2d": [
        [
            1155.480712890625,
            528.20849609375,
            1.0
        ],
        [
            1117.0968017578125,
            543.201171875,
            1.0
        ],
        [
            1075.7000732421875,
            559.62353515625,
            1.0
        ],
        [
            1031.320068359375,
            577.7236938476562,
            1.0
        ],
        [
            1117.7686767578125,
            506.12506103515625,
            1.0
        ],
        [
            1080.0994873046875,
            519.4121704101562,
            1.0
        ],
        [
            1039.5889892578125,
            534.4177856445312,
            1.0
        ],
        [
            995.9822387695312,
            550.448486328125,
            1.0
        ],
        [
            1083.7353515625,
            485.76373291015625,
            1.0
        ],
        [
            1046.3946533203125,
            498.5650939941406,
            1.0
        ],
        [
            1006.5809936523438,
            511.856689453125,
            1.0
        ],
        [
            963.809814453125,
            525.9409790039062,
            1.0
        ]
    ],
    "visited": true
}