{
    "keypoints3d": [
        [
            0.0,
            0.0,
            0.0
        ],
        [
            0.0,
            0.28999999165534973,
            0.0
        ],
        [
            0.0,
            0.5799999833106995,
            0.0
        ],
        [
            0.0,
            0.8700000047683716,
            0.0
        ],
        [
            0.28999999165534973,
            0.0,
            0.0
        ],
        [
            0.28999999165534973,
            0.28999999165534973,
            0.0
        ],
        [
            0.28999999165534973,
            0.5799999833106995,
            0.0
        ],
        [
            0.28999999165534973,
            0.8700000047683716,
            0.0
        ],
        [
            0.5799999833106995,
            0.0,
            0.0
        ],
        [
            0.5799999833106995,
            0.28999999165534973,
            0.0
        ],
        [
            0.5799999833106995,
            0.5799999833106995,
            0.0
        ],
        [
            0.5799999833106995,
            0.8700000047683716,
            0.0
        ]
    ],
    "keypoints2d": [
        [
            851.359619140625,
            465.7168273925781,
            1.0
        ],
        [
            886.4510498046875,
            482.4593811035156,
            1.0
        ],
        [
            924.479248046875,
            501.61383056640625,
            1.0
        ],
        [
            965.38330078125,
            522.7607421875,
            1.0
        ],
        [
            810.2666625976562,
            485.6124572753906,
            1.0
        ],
        [
            845.2207641601562,
            503.7616882324219,
            1.0
        ],
        [
            883.0958862304688,
            524.4970092773438,
            1.0
        ],
        [
            924.1890869140625,
            547.5202026367188,
            1.0
        ],
        [
            765.6268920898438,
            507.40057373046875,
            1.0
        ],
        [
            799.9400024414062,
            527.6746826171875,
            1.0
        ],
        [
            837.7379150390625,
            550.3599853515625,
            1.0
        ],
        [
            878.8342895507812,
            575.186279296875,
            1.0
        ]
    ],
    "visited": true
}