{
    "keypoints3d": [
        [
            0.0,
            0.0,
            0.0
        ],
        [
            0.0,
            0.28999999165534973,
            0.0
        ],
        [
            0.0,
            0.5799999833106995,
            0.0
        ],
        [
            0.0,
            0.8700000047683716,
            0.0
        ],
        [
            0.28999999165534973,
            0.0,
            0.0
        ],
        [
            0.28999999165534973,
            0.28999999165534973,
            0.0
        ],
        [
            0.28999999165534973,
            0.5799999833106995,
            0.0
        ],
        [
            0.28999999165534973,
            0.8700000047683716,
            0.0
        ],
        [
            0.5799999833106995,
            0.0,
            0.0
        ],
        [
            0.5799999833106995,
            0.28999999165534973,
            0.0
        ],
        [
            0.5799999833106995,
            0.5799999833106995,
            0.0
        ],
        [
            0.5799999833106995,
            0.8700000047683716,
            0.0
        ]
    ],
    "keypoints2d": [
        [
            752.617431640625,
            474.5523376464844,
            1.0
        ],
        [
            805.2349243164062,
            496.986572265625,
            1.0
        ],
        [
            860.3933715820312,
            520.3251953125,
            1.0
        ],
        [
            918.4920043945312,
            544.39501953125,
            1.0
        ],
        [
            707.2440185546875,
            512.3070068359375,
            1.0
        ],
        [
            761.5806274414062,
            536.6718139648438,
            1.0
        ],
        [
            818.9091796875,
            562.69287109375,
            1.0
        ],
        [
            879.5105590820312,
            589.572998046875,
            1.0
        ],
        [
            656.1336059570312,
            554.6113891601562,
            1.0
        ],
        [
            712.3870239257812,
            581.9044799804688,
            1.0
        ],
        [
            772.1025390625,
            610.8695678710938,
            1.0
        ],
        [
            835.5989990234375,
            641.1395263671875,
            1.0
        ]
    ],
    "visited": true
}