{
    "keypoints3d": [
        [
            0.0,
            0.0,
            0.0
        ],
        [
            0.0,
            0.28999999165534973,
            0.0
        ],
        [
            0.0,
            0.5799999833106995,
            0.0
        ],
        [
            0.0,
            0.8700000047683716,
            0.0
        ],
        [
            0.28999999165534973,
            0.0,
            0.0
        ],
        [
            0.28999999165534973,
            0.28999999165534973,
            0.0
        ],
        [
            0.28999999165534973,
            0.5799999833106995,
            0.0
        ],
        [
            0.28999999165534973,
            0.8700000047683716,
            0.0
        ],
        [
            0.5799999833106995,
            0.0,
            0.0
        ],
        [
            0.5799999833106995,
            0.28999999165534973,
            0.0
        ],
        [
            0.5799999833106995,
            0.5799999833106995,
            0.0
        ],
        [
            0.5799999833106995,
            0.8700000047683716,
            0.0
        ]
    ],
    "keypoints2d": [
        [
            1050.86474609375,
            823.243896484375,
            1.0
        ],
        [
            995.9144287109375,
            756.538818359375,
            1.0
        ],
        [
            949.164306640625,
            699.3577880859375,
            1.0
        ],
        [
            908.72998046875,
            649.2486572265625,
            1.0
        ],
        [
            1124.8326416015625,
            772.80712890625,
            1.0
        ],
        [
            1066.880615234375,
            712.81689453125,
            1.0
        ],
        [
            1016.9305419921875,
            661.4617919921875,
            1.0
        ],
        [
            973.7536010742188,
            616.0897827148438,
            1.0
        ],
        [
            1191.5885009765625,
            727.401123046875,
            1.0
        ],
        [
            1131.298095703125,
            673.37060546875,
            1.0
        ],
        [
            1079.277099609375,
            626.8728637695312,
            1.0
        ],
        [
            1033.6279296875,
            585.5245361328125,
            1.0
        ]
    ],
    "visited": true
}