{
    "keypoints3d": [
        [
            0.0,
            0.0,
            0.0
        ],
        [
            0.0,
            0.28999999165534973,
            0.0
        ],
        [
            0.0,
            0.5799999833106995,
            0.0
        ],
        [
            0.0,
            0.8700000047683716,
            0.0
        ],
        [
            0.28999999165534973,
            0.0,
            0.0
        ],
        [
            0.28999999165534973,
            0.28999999165534973,
            0.0
        ],
        [
            0.28999999165534973,
            0.5799999833106995,
            0.0
        ],
        [
            0.28999999165534973,
            0.8700000047683716,
            0.0
        ],
        [
            0.5799999833106995,
            0.0,
            0.0
        ],
        [
            0.5799999833106995,
            0.28999999165534973,
            0.0
        ],
        [
            0.5799999833106995,
            0.5799999833106995,
            0.0
        ],
        [
            0.5799999833106995,
            0.8700000047683716,
            0.0
        ]
    ],
    "keypoints2d": [
        [
            767.88330078125,
            789.41162109375,
            1.0
        ],
        [
            706.0646362304688,
            740.7754516601562,
            1.0
        ],
        [
            649.7271728515625,
            696.3151245117188,
            1.0
        ],
        [
            598.4570922851562,
            655.2431030273438,
            1.0
        ],
        [
            832.4427490234375,
            734.2603149414062,
            1.0
        ],
        [
            772.5638427734375,
            692.2264404296875,
            1.0
        ],
        [
            717.668701171875,
            652.929931640625,
            1.0
        ],
        [
            667.163330078125,
            616.7842407226562,
            1.0
        ],
        [
            887.1655883789062,
            687.650634765625,
            1.0
        ],
        [
            829.4422607421875,
            650.0584716796875,
            1.0
        ],
        [
            776.2709350585938,
            615.482666015625,
            1.0
        ],
        [
            726.970947265625,
            583.4016723632812,
            1.0
        ]
    ],
    "visited": true
}