{
    "keypoints3d": [
        [
            0.0,
            0.0,
            0.0
        ],
        [
            0.0,
            0.28999999165534973,
            0.0
        ],
        [
            0.0,
            0.5799999833106995,
            0.0
        ],
        [
            0.0,
            0.8700000047683716,
            0.0
        ],
        [
            0.28999999165534973,
            0.0,
            0.0
        ],
        [
            0.28999999165534973,
            0.28999999165534973,
            0.0
        ],
        [
            0.28999999165534973,
            0.5799999833106995,
            0.0
        ],
        [
            0.28999999165534973,
            0.8700000047683716,
            0.0
        ],
        [
            0.5799999833106995,
            0.0,
            0.0
        ],
        [
            0.5799999833106995,
            0.28999999165534973,
            0.0
        ],
        [
            0.5799999833106995,
            0.5799999833106995,
            0.0
        ],
        [
            0.5799999833106995,
            0.8700000047683716,
            0.0
        ]
    ],
    "keypoints2d": [
        [
            1155.46435546875,
            528.19580078125,
            1.0
        ],
        [
            1117.1024169921875,
            543.2012939453125,
            1.0
        ],
        [
            1075.70751953125,
            559.6138305664062,
            1.0
        ],
        [
            1031.312744140625,
            577.7205200195312,
            1.0
        ],
        [
            1117.8170166015625,
            506.11553955078125,
            1.0
        ],
        [
            1080.1317138671875,
            519.420166015625,
            1.0
        ],
        [
            1039.6109619140625,
            534.4177856445312,
            1.0
        ],
        [
            995.9578247070312,
            550.4456787109375,
            1.0
        ],
        [
            1083.727294921875,
            485.7554016113281,
            1.0
        ],
        [
            1046.376220703125,
            498.5589294433594,
            1.0
        ],
        [
            1006.542724609375,
            511.85052490234375,
            1.0
        ],
        [
            963.8471069335938,
            525.9590454101562,
            1.0
        ]
    ],
    "visited": true
}