{
    "keypoints3d": [
        [
            0.0,
            0.0,
            0.0
        ],
        [
            0.0,
            0.28999999165534973,
            0.0
        ],
        [
            0.0,
            0.5799999833106995,
            0.0
        ],
        [
            0.0,
            0.8700000047683716,
            0.0
        ],
        [
            0.28999999165534973,
            0.0,
            0.0
        ],
        [
            0.28999999165534973,
            0.28999999165534973,
            0.0
        ],
        [
            0.28999999165534973,
            0.5799999833106995,
            0.0
        ],
        [
            0.28999999165534973,
            0.8700000047683716,
            0.0
        ],
        [
            0.5799999833106995,
            0.0,
            0.0
        ],
        [
            0.5799999833106995,
            0.28999999165534973,
            0.0
        ],
        [
            0.5799999833106995,
            0.5799999833106995,
            0.0
        ],
        [
            0.5799999833106995,
            0.8700000047683716,
            0.0
        ]
    ],
    "keypoints2d": [
        [
            717.4048461914062,
            752.471923828125,
            1.0
        ],
        [
            756.654296875,
            729.3472290039062,
            1.0
        ],
        [
            792.0839233398438,
            709.4636840820312,
            1.0
        ],
        [
            823.5396118164062,
            691.9013671875,
            1.0
        ],
        [
            759.2676391601562,
            768.835693359375,
            1.0
        ],
        [
            797.4632568359375,
            743.7491455078125,
            1.0
        ],
        [
            831.4835205078125,
            722.1707153320312,
            1.0
        ],
        [
            861.2730102539062,
            703.3567504882812,
            1.0
        ],
        [
            804.0206298828125,
            787.074951171875,
            1.0
        ],
        [
            841.0394897460938,
            760.1131591796875,
            1.0
        ],
        [
            873.4798583984375,
            736.4890747070312,
            1.0
        ],
        [
            902.1693725585938,
            715.854736328125,
            1.0
        ]
    ],
    "visited": true
}