{
    "keypoints3d": [
        [
            0.0,
            0.0,
            0.0
        ],
        [
            0.0,
            0.28999999165534973,
            0.0
        ],
        [
            0.0,
            0.5799999833106995,
            0.0
        ],
        [
            0.0,
            0.8700000047683716,
            0.0
        ],
        [
            0.28999999165534973,
            0.0,
            0.0
        ],
        [
            0.28999999165534973,
            0.28999999165534973,
            0.0
        ],
        [
            0.28999999165534973,
            0.5799999833106995,
            0.0
        ],
        [
            0.28999999165534973,
            0.8700000047683716,
            0.0
        ],
        [
            0.5799999833106995,
            0.0,
            0.0
        ],
        [
            0.5799999833106995,
            0.28999999165534973,
            0.0
        ],
        [
            0.5799999833106995,
            0.5799999833106995,
            0.0
        ],
        [
            0.5799999833106995,
            0.8700000047683716,
            0.0
        ]
    ],
    "keypoints2d": [
        [
            931.3535766601562,
            539.2894287109375,
            1.0
        ],
        [
            949.2608642578125,
            555.5781860351562,
            1.0
        ],
        [
            968.8090209960938,
            573.7738037109375,
            1.0
        ],
        [
            990.2886962890625,
            593.68603515625,
            1.0
        ],
        [
            891.6443481445312,
            546.2178344726562,
            1.0
        ],
        [
            908.1627807617188,
            563.6609497070312,
            1.0
        ],
        [
            925.9314575195312,
            582.8152465820312,
            1.0
        ],
        [
            945.6262817382812,
            604.080810546875,
            1.0
        ],
        [
            850.135986328125,
            553.8544311523438,
            1.0
        ],
        [
            864.804443359375,
            572.1649780273438,
            1.0
        ],
        [
            880.729736328125,
            592.2808837890625,
            1.0
        ],
        [
            898.2762451171875,
            614.5394897460938,
            1.0
        ]
    ],
    "visited": true
}