{
    "keypoints3d": [
        [
            0.0,
            0.0,
            0.0
        ],
        [
            0.0,
            0.28999999165534973,
            0.0
        ],
        [
            0.0,
            0.5799999833106995,
            0.0
        ],
        [
            0.0,
            0.8700000047683716,
            0.0
        ],
        [
            0.28999999165534973,
            0.0,
            0.0
        ],
        [
            0.28999999165534973,
            0.28999999165534973,
            0.0
        ],
        [
            0.28999999165534973,
            0.5799999833106995,
            0.0
        ],
        [
            0.28999999165534973,
            0.8700000047683716,
            0.0
        ],
        [
            0.5799999833106995,
            0.0,
            0.0
        ],
        [
            0.5799999833106995,
            0.28999999165534973,
            0.0
        ],
        [
            0.5799999833106995,
            0.5799999833106995,
            0.0
        ],
        [
            0.5799999833106995,
            0.8700000047683716,
            0.0
        ]
    ],
    "keypoints2d": [
        [
            767.8680419921875,
            789.4334106445312,
            1.0
        ],
        [
            706.0969848632812,
            740.7765502929688,
            1.0
        ],
        [
            649.7465209960938,
            696.3128662109375,
            1.0
        ],
        [
            598.44775390625,
            655.25341796875,
            1.0
        ],
        [
            832.436279296875,
            734.2675170898438,
            1.0
        ],
        [
            772.5732421875,
            692.2278442382812,
            1.0
        ],
        [
            717.6821899414062,
            652.926025390625,
            1.0
        ],
        [
            667.15380859375,
            616.797607421875,
            1.0
        ],
        [
            887.1502075195312,
            687.6561889648438,
            1.0
        ],
        [
            829.4437866210938,
            650.0713500976562,
            1.0
        ],
        [
            776.2609252929688,
            615.4962768554688,
            1.0
        ],
        [
            726.9828491210938,
            583.4088745117188,
            1.0
        ]
    ],
    "visited": true
}