{
    "keypoints3d": [
        [
            0.0,
            0.0,
            0.0
        ],
        [
            0.0,
            0.28999999165534973,
            0.0
        ],
        [
            0.0,
            0.5799999833106995,
            0.0
        ],
        [
            0.0,
            0.8700000047683716,
            0.0
        ],
        [
            0.28999999165534973,
            0.0,
            0.0
        ],
        [
            0.28999999165534973,
            0.28999999165534973,
            0.0
        ],
        [
            0.28999999165534973,
            0.5799999833106995,
            0.0
        ],
        [
            0.28999999165534973,
            0.8700000047683716,
            0.0
        ],
        [
            0.5799999833106995,
            0.0,
            0.0
        ],
        [
            0.5799999833106995,
            0.28999999165534973,
            0.0
        ],
        [
            0.5799999833106995,
            0.5799999833106995,
            0.0
        ],
        [
            0.5799999833106995,
            0.8700000047683716,
            0.0
        ]
    ],
    "keypoints2d": [
        [
            958.6779174804688,
            751.8902587890625,
            1.0
        ],
        [
            896.7896728515625,
            711.4658203125,
            1.0
        ],
        [
            842.3853149414062,
            676.2401123046875,
            1.0
        ],
        [
            794.5953369140625,
            644.5172729492188,
            1.0
        ],
        [
            1015.1339111328125,
            706.4932861328125,
            1.0
        ],
        [
            953.9248046875,
            671.6270751953125,
            1.0
        ],
        [
            899.9118041992188,
            640.9078979492188,
            1.0
        ],
        [
            851.9028930664062,
            613.5104370117188,
            1.0
        ],
        [
            1063.91650390625,
            667.6246337890625,
            1.0
        ],
        [
            1003.7548217773438,
            637.6557006835938,
            1.0
        ],
        [
            950.1682739257812,
            610.5390625,
            1.0
        ],
        [
            902.439208984375,
            586.2871704101562,
            1.0
        ]
    ],
    "visited": true
}