{
    "keypoints3d": [
        [
            0.0,
            0.0,
            0.0
        ],
        [
            0.0,
            0.28999999165534973,
            0.0
        ],
        [
            0.0,
            0.5799999833106995,
            0.0
        ],
        [
            0.0,
            0.8700000047683716,
            0.0
        ],
        [
            0.28999999165534973,
            0.0,
            0.0
        ],
        [
            0.28999999165534973,
            0.28999999165534973,
            0.0
        ],
        [
            0.28999999165534973,
            0.5799999833106995,
            0.0
        ],
        [
            0.28999999165534973,
            0.8700000047683716,
            0.0
        ],
        [
            0.5799999833106995,
            0.0,
            0.0
        ],
        [
            0.5799999833106995,
            0.28999999165534973,
            0.0
        ],
        [
            0.5799999833106995,
            0.5799999833106995,
            0.0
        ],
        [
            0.5799999833106995,
            0.8700000047683716,
            0.0
        ]
    ],
    "keypoints2d": [
        [
            1304.5279541015625,
            550.5752563476562,
            1.0
        ],
        [
            1262.78369140625,
            570.9119873046875,
            1.0
        ],
        [
            1216.793212890625,
            594.2518920898438,
            1.0
        ],
        [
            1167.2215576171875,
            618.74658203125,
            1.0
        ],
        [
            1253.527099609375,
            516.6044921875,
            1.0
        ],
        [
            1211.73388671875,
            534.6497802734375,
            1.0
        ],
        [
            1166.591064453125,
            555.20166015625,
            1.0
        ],
        [
            1117.62158203125,
            576.911376953125,
            1.0
        ],
        [
            1207.4954833984375,
            486.2034912109375,
            1.0
        ],
        [
            1166.03662109375,
            502.76324462890625,
            1.0
        ],
        [
            1121.611572265625,
            520.6925048828125,
            1.0
        ],
        [
            1073.8599853515625,
            539.9332885742188,
            1.0
        ]
    ],
    "visited": true
}