{
    "keypoints3d": [
        [
            0.0,
            0.0,
            0.0
        ],
        [
            0.0,
            0.28999999165534973,
            0.0
        ],
        [
            0.0,
            0.5799999833106995,
            0.0
        ],
        [
            0.0,
            0.8700000047683716,
            0.0
        ],
        [
            0.28999999165534973,
            0.0,
            0.0
        ],
        [
            0.28999999165534973,
            0.28999999165534973,
            0.0
        ],
        [
            0.28999999165534973,
            0.5799999833106995,
            0.0
        ],
        [
            0.28999999165534973,
            0.8700000047683716,
            0.0
        ],
        [
            0.5799999833106995,
            0.0,
            0.0
        ],
        [
            0.5799999833106995,
            0.28999999165534973,
            0.0
        ],
        [
            0.5799999833106995,
            0.5799999833106995,
            0.0
        ],
        [
            0.5799999833106995,
            0.8700000047683716,
            0.0
        ]
    ],
    "keypoints2d": [
        [
            736.331298828125,
            784.4104614257812,
            1.0
        ],
        [
            804.5435180664062,
            724.2584228515625,
            1.0
        ],
        [
            863.1670532226562,
            673.3340454101562,
            1.0
        ],
        [
            914.0526733398438,
            628.701171875,
            1.0
        ],
        [
            805.0156860351562,
            840.7186889648438,
            1.0
        ],
        [
            871.0352172851562,
            773.4232177734375,
            1.0
        ],
        [
            927.1921997070312,
            716.419921875,
            1.0
        ],
        [
            975.1935424804688,
            667.4212036132812,
            1.0
        ],
        [
            881.4349365234375,
            902.8367309570312,
            1.0
        ],
        [
            944.116943359375,
            827.1016235351562,
            1.0
        ],
        [
            996.74951171875,
            763.3128662109375,
            1.0
        ],
        [
            1041.9700927734375,
            708.525390625,
            1.0
        ]
    ],
    "visited": true
}