{
    "keypoints3d": [
        [
            0.0,
            0.0,
            0.0
        ],
        [
            0.0,
            0.28999999165534973,
            0.0
        ],
        [
            0.0,
            0.5799999833106995,
            0.0
        ],
        [
            0.0,
            0.8700000047683716,
            0.0
        ],
        [
            0.28999999165534973,
            0.0,
            0.0
        ],
        [
            0.28999999165534973,
            0.28999999165534973,
            0.0
        ],
        [
            0.28999999165534973,
            0.5799999833106995,
            0.0
        ],
        [
            0.28999999165534973,
            0.8700000047683716,
            0.0
        ],
        [
            0.5799999833106995,
            0.0,
            0.0
        ],
        [
            0.5799999833106995,
            0.28999999165534973,
            0.0
        ],
        [
            0.5799999833106995,
            0.5799999833106995,
            0.0
        ],
        [
            0.5799999833106995,
            0.8700000047683716,
            0.0
        ]
    ],
    "keypoints2d": [
        [
            1155.4627685546875,
            528.1932373046875,
            1.0
        ],
        [
            1117.0887451171875,
            543.201416015625,
            1.0
        ],
        [
            1075.710693359375,
            559.61279296875,
            1.0
        ],
        [
            1031.309814453125,
            577.7219848632812,
            1.0
        ],
        [
            1117.7816162109375,
            506.1123962402344,
            1.0
        ],
        [
            1080.12060546875,
            519.4208374023438,
            1.0
        ],
        [
            1039.6097412109375,
            534.4210815429688,
            1.0
        ],
        [
            995.971923828125,
            550.4471435546875,
            1.0
        ],
        [
            1083.724609375,
            485.7649230957031,
            1.0
        ],
        [
            1046.38134765625,
            498.56353759765625,
            1.0
        ],
        [
            1006.555908203125,
            511.8468322753906,
            1.0
        ],
        [
            963.822265625,
            525.9517822265625,
            1.0
        ]
    ],
    "visited": true
}