{
    "keypoints3d": [
        [
            0.0,
            0.0,
            0.0
        ],
        [
            0.0,
            0.28999999165534973,
            0.0
        ],
        [
            0.0,
            0.5799999833106995,
            0.0
        ],
        [
            0.0,
            0.8700000047683716,
            0.0
        ],
        [
            0.28999999165534973,
            0.0,
            0.0
        ],
        [
            0.28999999165534973,
            0.28999999165534973,
            0.0
        ],
        [
            0.28999999165534973,
            0.5799999833106995,
            0.0
        ],
        [
            0.28999999165534973,
            0.8700000047683716,
            0.0
        ],
        [
            0.5799999833106995,
            0.0,
            0.0
        ],
        [
            0.5799999833106995,
            0.28999999165534973,
            0.0
        ],
        [
            0.5799999833106995,
            0.5799999833106995,
            0.0
        ],
        [
            0.5799999833106995,
            0.8700000047683716,
            0.0
        ]
    ],
    "keypoints2d": [
        [
            1155.473388671875,
            528.1993408203125,
            1.0
        ],
        [
            1117.0968017578125,
            543.2015380859375,
            1.0
        ],
        [
            1075.70751953125,
            559.611572265625,
            1.0
        ],
        [
            1031.3070068359375,
            577.7212524414062,
            1.0
        ],
        [
            1117.794189453125,
            506.1181335449219,
            1.0
        ],
        [
            1080.103271484375,
            519.4165649414062,
            1.0
        ],
        [
            1039.59765625,
            534.4212036132812,
            1.0
        ],
        [
            995.9811401367188,
            550.4525146484375,
            1.0
        ],
        [
            1083.7371826171875,
            485.7655944824219,
            1.0
        ],
        [
            1046.3946533203125,
            498.5631103515625,
            1.0
        ],
        [
            1006.5787353515625,
            511.8562316894531,
            1.0
        ],
        [
            963.8123779296875,
            525.951171875,
            1.0
        ]
    ],
    "visited": true
}