{
    "keypoints3d": [
        [
            0.0,
            0.0,
            0.0
        ],
        [
            0.0,
            0.28999999165534973,
            0.0
        ],
        [
            0.0,
            0.5799999833106995,
            0.0
        ],
        [
            0.0,
            0.8700000047683716,
            0.0
        ],
        [
            0.28999999165534973,
            0.0,
            0.0
        ],
        [
            0.28999999165534973,
            0.28999999165534973,
            0.0
        ],
        [
            0.28999999165534973,
            0.5799999833106995,
            0.0
        ],
        [
            0.28999999165534973,
            0.8700000047683716,
            0.0
        ],
        [
            0.5799999833106995,
            0.0,
            0.0
        ],
        [
            0.5799999833106995,
            0.28999999165534973,
            0.0
        ],
        [
            0.5799999833106995,
            0.5799999833106995,
            0.0
        ],
        [
            0.5799999833106995,
            0.8700000047683716,
            0.0
        ]
    ],
    "keypoints2d": [
        [
            865.4903564453125,
            599.8028564453125,
            1.0
        ],
        [
            823.5775756835938,
            623.47314453125,
            1.0
        ],
        [
            776.2496337890625,
            650.5877075195312,
            1.0
        ],
        [
            721.8233032226562,
            681.745361328125,
            1.0
        ],
        [
            823.4998168945312,
            577.2406005859375,
            1.0
        ],
        [
            780.4517211914062,
            598.0484008789062,
            1.0
        ],
        [
            732.3013305664062,
            622.7052612304688,
            1.0
        ],
        [
            677.1146240234375,
            651.043212890625,
            1.0
        ],
        [
            784.2315063476562,
            556.5951538085938,
            1.0
        ],
        [
            740.5361938476562,
            575.3626098632812,
            1.0
        ],
        [
            691.4656372070312,
            597.375732421875,
            1.0
        ],
        [
            636.0350341796875,
            622.18212890625,
            1.0
        ]
    ],
    "visited": true
}