{
    "keypoints3d": [
        [
            0.0,
            0.0,
            0.0
        ],
        [
            0.0,
            0.28999999165534973,
            0.0
        ],
        [
            0.0,
            0.5799999833106995,
            0.0
        ],
        [
            0.0,
            0.8700000047683716,
            0.0
        ],
        [
            0.28999999165534973,
            0.0,
            0.0
        ],
        [
            0.28999999165534973,
            0.28999999165534973,
            0.0
        ],
        [
            0.28999999165534973,
            0.5799999833106995,
            0.0
        ],
        [
            0.28999999165534973,
            0.8700000047683716,
            0.0
        ],
        [
            0.5799999833106995,
            0.0,
            0.0
        ],
        [
            0.5799999833106995,
            0.28999999165534973,
            0.0
        ],
        [
            0.5799999833106995,
            0.5799999833106995,
            0.0
        ],
        [
            0.5799999833106995,
            0.8700000047683716,
            0.0
        ]
    ],
    "keypoints2d": [
        [
            865.4874267578125,
            599.8007202148438,
            1.0
        ],
        [
            823.5753173828125,
            623.4712524414062,
            1.0
        ],
        [
            776.2618408203125,
            650.5953979492188,
            1.0
        ],
        [
            721.8132934570312,
            681.7477416992188,
            1.0
        ],
        [
            823.5077514648438,
            577.2451782226562,
            1.0
        ],
        [
            780.4617309570312,
            598.0491333007812,
            1.0
        ],
        [
            732.2971801757812,
            622.70361328125,
            1.0
        ],
        [
            677.1290283203125,
            651.0592651367188,
            1.0
        ],
        [
            784.236083984375,
            556.5960083007812,
            1.0
        ],
        [
            740.5420532226562,
            575.3672485351562,
            1.0
        ],
        [
            691.462646484375,
            597.3778076171875,
            1.0
        ],
        [
            636.0321044921875,
            622.1776733398438,
            1.0
        ]
    ],
    "visited": true
}