{
    "keypoints3d": [
        [
            0.0,
            0.0,
            0.0
        ],
        [
            0.0,
            0.28999999165534973,
            0.0
        ],
        [
            0.0,
            0.5799999833106995,
            0.0
        ],
        [
            0.0,
            0.8700000047683716,
            0.0
        ],
        [
            0.28999999165534973,
            0.0,
            0.0
        ],
        [
            0.28999999165534973,
            0.28999999165534973,
            0.0
        ],
        [
            0.28999999165534973,
            0.5799999833106995,
            0.0
        ],
        [
            0.28999999165534973,
            0.8700000047683716,
            0.0
        ],
        [
            0.5799999833106995,
            0.0,
            0.0
        ],
        [
            0.5799999833106995,
            0.28999999165534973,
            0.0
        ],
        [
            0.5799999833106995,
            0.5799999833106995,
            0.0
        ],
        [
            0.5799999833106995,
            0.8700000047683716,
            0.0
        ]
    ],
    "keypoints2d": [
        [
            865.4833374023438,
            599.794189453125,
            1.0
        ],
        [
            823.5411987304688,
            623.4701538085938,
            1.0
        ],
        [
            776.2527465820312,
            650.599853515625,
            1.0
        ],
        [
            721.7786865234375,
            681.7304077148438,
            1.0
        ],
        [
            823.47265625,
            577.2427978515625,
            1.0
        ],
        [
            780.4675903320312,
            598.0687866210938,
            1.0
        ],
        [
            732.287841796875,
            622.7034301757812,
            1.0
        ],
        [
            677.1288452148438,
            651.08984375,
            1.0
        ],
        [
            784.2597045898438,
            556.5969848632812,
            1.0
        ],
        [
            740.5494384765625,
            575.3614501953125,
            1.0
        ],
        [
            691.487548828125,
            597.3795166015625,
            1.0
        ],
        [
            636.03125,
            622.1918334960938,
            1.0
        ]
    ],
    "visited": true
}