{
    "keypoints3d": [
        [
            0.0,
            0.0,
            0.0
        ],
        [
            0.0,
            0.28999999165534973,
            0.0
        ],
        [
            0.0,
            0.5799999833106995,
            0.0
        ],
        [
            0.0,
            0.8700000047683716,
            0.0
        ],
        [
            0.28999999165534973,
            0.0,
            0.0
        ],
        [
            0.28999999165534973,
            0.28999999165534973,
            0.0
        ],
        [
            0.28999999165534973,
            0.5799999833106995,
            0.0
        ],
        [
            0.28999999165534973,
            0.8700000047683716,
            0.0
        ],
        [
            0.5799999833106995,
            0.0,
            0.0
        ],
        [
            0.5799999833106995,
            0.28999999165534973,
            0.0
        ],
        [
            0.5799999833106995,
            0.5799999833106995,
            0.0
        ],
        [
            0.5799999833106995,
            0.8700000047683716,
            0.0
        ]
    ],
    "keypoints2d": [
        [
            865.4922485351562,
            599.7957153320312,
            1.0
        ],
        [
            823.5542602539062,
            623.474609375,
            1.0
        ],
        [
            776.2483520507812,
            650.606201171875,
            1.0
        ],
        [
            721.8006591796875,
            681.7501220703125,
            1.0
        ],
        [
            823.4970092773438,
            577.244873046875,
            1.0
        ],
        [
            780.4596557617188,
            598.0601196289062,
            1.0
        ],
        [
            732.2904052734375,
            622.7017211914062,
            1.0
        ],
        [
            677.1158447265625,
            651.0768432617188,
            1.0
        ],
        [
            784.257080078125,
            556.5936889648438,
            1.0
        ],
        [
            740.57080078125,
            575.3678588867188,
            1.0
        ],
        [
            691.4767456054688,
            597.3888549804688,
            1.0
        ],
        [
            636.0247192382812,
            622.1862182617188,
            1.0
        ]
    ],
    "visited": true
}