{
    "keypoints3d": [
        [
            0.0,
            0.0,
            0.0
        ],
        [
            0.0,
            0.28999999165534973,
            0.0
        ],
        [
            0.0,
            0.5799999833106995,
            0.0
        ],
        [
            0.0,
            0.8700000047683716,
            0.0
        ],
        [
            0.28999999165534973,
            0.0,
            0.0
        ],
        [
            0.28999999165534973,
            0.28999999165534973,
            0.0
        ],
        [
            0.28999999165534973,
            0.5799999833106995,
            0.0
        ],
        [
            0.28999999165534973,
            0.8700000047683716,
            0.0
        ],
        [
            0.5799999833106995,
            0.0,
            0.0
        ],
        [
            0.5799999833106995,
            0.28999999165534973,
            0.0
        ],
        [
            0.5799999833106995,
            0.5799999833106995,
            0.0
        ],
        [
            0.5799999833106995,
            0.8700000047683716,
            0.0
        ]
    ],
    "keypoints2d": [
        [
            865.4781494140625,
            599.7943725585938,
            1.0
        ],
        [
            823.5598754882812,
            623.46630859375,
            1.0
        ],
        [
            776.265869140625,
            650.5888671875,
            1.0
        ],
        [
            721.8079223632812,
            681.7485961914062,
            1.0
        ],
        [
            823.512451171875,
            577.2412109375,
            1.0
        ],
        [
            780.4593505859375,
            598.0615234375,
            1.0
        ],
        [
            732.30517578125,
            622.7150268554688,
            1.0
        ],
        [
            677.1058349609375,
            651.0709838867188,
            1.0
        ],
        [
            784.245849609375,
            556.5948486328125,
            1.0
        ],
        [
            740.5753173828125,
            575.3754272460938,
            1.0
        ],
        [
            691.467041015625,
            597.383544921875,
            1.0
        ],
        [
            636.0303344726562,
            622.176513671875,
            1.0
        ]
    ],
    "visited": true
}