{
    "keypoints3d": [
        [
            0.0,
            0.0,
            0.0
        ],
        [
            0.0,
            0.28999999165534973,
            0.0
        ],
        [
            0.0,
            0.5799999833106995,
            0.0
        ],
        [
            0.0,
            0.8700000047683716,
            0.0
        ],
        [
            0.28999999165534973,
            0.0,
            0.0
        ],
        [
            0.28999999165534973,
            0.28999999165534973,
            0.0
        ],
        [
            0.28999999165534973,
            0.5799999833106995,
            0.0
        ],
        [
            0.28999999165534973,
            0.8700000047683716,
            0.0
        ],
        [
            0.5799999833106995,
            0.0,
            0.0
        ],
        [
            0.5799999833106995,
            0.28999999165534973,
            0.0
        ],
        [
            0.5799999833106995,
            0.5799999833106995,
            0.0
        ],
        [
            0.5799999833106995,
            0.8700000047683716,
            0.0
        ]
    ],
    "keypoints2d": [
        [
            865.45361328125,
            599.7792358398438,
            1.0
        ],
        [
            823.6095581054688,
            623.4629516601562,
            1.0
        ],
        [
            776.2531127929688,
            650.5768432617188,
            1.0
        ],
        [
            721.7947998046875,
            681.7114868164062,
            1.0
        ],
        [
            823.515380859375,
            577.2373657226562,
            1.0
        ],
        [
            780.458740234375,
            598.0560302734375,
            1.0
        ],
        [
            732.2988891601562,
            622.7362670898438,
            1.0
        ],
        [
            677.0743408203125,
            651.0543823242188,
            1.0
        ],
        [
            784.2009887695312,
            556.5836181640625,
            1.0
        ],
        [
            740.5569458007812,
            575.3482666015625,
            1.0
        ],
        [
            691.5279541015625,
            597.3729858398438,
            1.0
        ],
        [
            636.026123046875,
            622.1554565429688,
            1.0
        ]
    ],
    "visited": true
}