{
    "keypoints3d": [
        [
            0.0,
            0.0,
            0.0
        ],
        [
            0.0,
            0.28999999165534973,
            0.0
        ],
        [
            0.0,
            0.5799999833106995,
            0.0
        ],
        [
            0.0,
            0.8700000047683716,
            0.0
        ],
        [
            0.28999999165534973,
            0.0,
            0.0
        ],
        [
            0.28999999165534973,
            0.28999999165534973,
            0.0
        ],
        [
            0.28999999165534973,
            0.5799999833106995,
            0.0
        ],
        [
            0.28999999165534973,
            0.8700000047683716,
            0.0
        ],
        [
            0.5799999833106995,
            0.0,
            0.0
        ],
        [
            0.5799999833106995,
            0.28999999165534973,
            0.0
        ],
        [
            0.5799999833106995,
            0.5799999833106995,
            0.0
        ],
        [
            0.5799999833106995,
            0.8700000047683716,
            0.0
        ]
    ],
    "keypoints2d": [
        [
            865.5008544921875,
            599.8013305664062,
            1.0
        ],
        [
            823.5670166015625,
            623.4739990234375,
            1.0
        ],
        [
            776.244140625,
            650.5846557617188,
            1.0
        ],
        [
            721.826171875,
            681.7326049804688,
            1.0
        ],
        [
            823.49951171875,
            577.2274780273438,
            1.0
        ],
        [
            780.4509887695312,
            598.0547485351562,
            1.0
        ],
        [
            732.322021484375,
            622.7100830078125,
            1.0
        ],
        [
            677.1110229492188,
            651.0482177734375,
            1.0
        ],
        [
            784.2332763671875,
            556.596435546875,
            1.0
        ],
        [
            740.5319213867188,
            575.3626098632812,
            1.0
        ],
        [
            691.465576171875,
            597.3758544921875,
            1.0
        ],
        [
            636.0402221679688,
            622.1723022460938,
            1.0
        ]
    ],
    "visited": true
}