{
    "keypoints3d": [
        [
            0.0,
            0.0,
            0.0
        ],
        [
            0.0,
            0.28999999165534973,
            0.0
        ],
        [
            0.0,
            0.5799999833106995,
            0.0
        ],
        [
            0.0,
            0.8700000047683716,
            0.0
        ],
        [
            0.28999999165534973,
            0.0,
            0.0
        ],
        [
            0.28999999165534973,
            0.28999999165534973,
            0.0
        ],
        [
            0.28999999165534973,
            0.5799999833106995,
            0.0
        ],
        [
            0.28999999165534973,
            0.8700000047683716,
            0.0
        ],
        [
            0.5799999833106995,
            0.0,
            0.0
        ],
        [
            0.5799999833106995,
            0.28999999165534973,
            0.0
        ],
        [
            0.5799999833106995,
            0.5799999833106995,
            0.0
        ],
        [
            0.5799999833106995,
            0.8700000047683716,
            0.0
        ]
    ],
    "keypoints2d": [
        [
            865.4716796875,
            599.7830810546875,
            1.0
        ],
        [
            823.596923828125,
            623.4745483398438,
            1.0
        ],
        [
            776.2357177734375,
            650.577880859375,
            1.0
        ],
        [
            721.8131103515625,
            681.7182006835938,
            1.0
        ],
        [
            823.4760131835938,
            577.2339477539062,
            1.0
        ],
        [
            780.4663696289062,
            598.0609741210938,
            1.0
        ],
        [
            732.297119140625,
            622.7198486328125,
            1.0
        ],
        [
            677.0993041992188,
            651.056640625,
            1.0
        ],
        [
            784.2421264648438,
            556.5923461914062,
            1.0
        ],
        [
            740.518798828125,
            575.3514404296875,
            1.0
        ],
        [
            691.47705078125,
            597.3698120117188,
            1.0
        ],
        [
            635.9901123046875,
            622.1559448242188,
            1.0
        ]
    ],
    "visited": true
}