{
    "keypoints3d": [
        [
            0.0,
            0.0,
            0.0
        ],
        [
            0.0,
            0.28999999165534973,
            0.0
        ],
        [
            0.0,
            0.5799999833106995,
            0.0
        ],
        [
            0.0,
            0.8700000047683716,
            0.0
        ],
        [
            0.28999999165534973,
            0.0,
            0.0
        ],
        [
            0.28999999165534973,
            0.28999999165534973,
            0.0
        ],
        [
            0.28999999165534973,
            0.5799999833106995,
            0.0
        ],
        [
            0.28999999165534973,
            0.8700000047683716,
            0.0
        ],
        [
            0.5799999833106995,
            0.0,
            0.0
        ],
        [
            0.5799999833106995,
            0.28999999165534973,
            0.0
        ],
        [
            0.5799999833106995,
            0.5799999833106995,
            0.0
        ],
        [
            0.5799999833106995,
            0.8700000047683716,
            0.0
        ]
    ],
    "keypoints2d": [
        [
            865.4921875,
            599.80078125,
            1.0
        ],
        [
            823.559814453125,
            623.4739379882812,
            1.0
        ],
        [
            776.2584838867188,
            650.6093139648438,
            1.0
        ],
        [
            721.7951049804688,
            681.7379760742188,
            1.0
        ],
        [
            823.4694213867188,
            577.2434692382812,
            1.0
        ],
        [
            780.4678955078125,
            598.062744140625,
            1.0
        ],
        [
            732.2840576171875,
            622.704345703125,
            1.0
        ],
        [
            677.1314697265625,
            651.0881958007812,
            1.0
        ],
        [
            784.2518920898438,
            556.5902099609375,
            1.0
        ],
        [
            740.5513916015625,
            575.363037109375,
            1.0
        ],
        [
            691.4763793945312,
            597.3826293945312,
            1.0
        ],
        [
            636.0230712890625,
            622.1868286132812,
            1.0
        ]
    ],
    "visited": true
}