{
    "keypoints3d": [
        [
            0.0,
            0.0,
            0.0
        ],
        [
            0.0,
            0.28999999165534973,
            0.0
        ],
        [
            0.0,
            0.5799999833106995,
            0.0
        ],
        [
            0.0,
            0.8700000047683716,
            0.0
        ],
        [
            0.28999999165534973,
            0.0,
            0.0
        ],
        [
            0.28999999165534973,
            0.28999999165534973,
            0.0
        ],
        [
            0.28999999165534973,
            0.5799999833106995,
            0.0
        ],
        [
            0.28999999165534973,
            0.8700000047683716,
            0.0
        ],
        [
            0.5799999833106995,
            0.0,
            0.0
        ],
        [
            0.5799999833106995,
            0.28999999165534973,
            0.0
        ],
        [
            0.5799999833106995,
            0.5799999833106995,
            0.0
        ],
        [
            0.5799999833106995,
            0.8700000047683716,
            0.0
        ]
    ],
    "keypoints2d": [
        [
            865.4937133789062,
            599.7998657226562,
            1.0
        ],
        [
            823.5665283203125,
            623.4764404296875,
            1.0
        ],
        [
            776.2450561523438,
            650.581787109375,
            1.0
        ],
        [
            721.8312377929688,
            681.7363891601562,
            1.0
        ],
        [
            823.47412109375,
            577.2297973632812,
            1.0
        ],
        [
            780.4632568359375,
            598.0399780273438,
            1.0
        ],
        [
            732.3086547851562,
            622.7115478515625,
            1.0
        ],
        [
            677.114013671875,
            651.040283203125,
            1.0
        ],
        [
            784.237060546875,
            556.5962524414062,
            1.0
        ],
        [
            740.5309448242188,
            575.3671875,
            1.0
        ],
        [
            691.4767456054688,
            597.374755859375,
            1.0
        ],
        [
            636.056640625,
            622.1759643554688,
            1.0
        ]
    ],
    "visited": true
}