{
    "keypoints3d": [
        [
            0.0,
            0.0,
            0.0
        ],
        [
            0.0,
            0.28999999165534973,
            0.0
        ],
        [
            0.0,
            0.5799999833106995,
            0.0
        ],
        [
            0.0,
            0.8700000047683716,
            0.0
        ],
        [
            0.28999999165534973,
            0.0,
            0.0
        ],
        [
            0.28999999165534973,
            0.28999999165534973,
            0.0
        ],
        [
            0.28999999165534973,
            0.5799999833106995,
            0.0
        ],
        [
            0.28999999165534973,
            0.8700000047683716,
            0.0
        ],
        [
            0.5799999833106995,
            0.0,
            0.0
        ],
        [
            0.5799999833106995,
            0.28999999165534973,
            0.0
        ],
        [
            0.5799999833106995,
            0.5799999833106995,
            0.0
        ],
        [
            0.5799999833106995,
            0.8700000047683716,
            0.0
        ]
    ],
    "keypoints2d": [
        [
            1123.3817138671875,
            751.1971435546875,
            1.0
        ],
        [
            1080.707275390625,
            798.4682006835938,
            1.0
        ],
        [
            1032.0936279296875,
            852.1266479492188,
            1.0
        ],
        [
            975.5843505859375,
            913.6180419921875,
            1.0
        ],
        [
            1060.403564453125,
            714.502197265625,
            1.0
        ],
        [
            1016.1119384765625,
            756.2859497070312,
            1.0
        ],
        [
            966.0186157226562,
            803.9741821289062,
            1.0
        ],
        [
            908.73974609375,
            858.313720703125,
            1.0
        ],
        [
            1004.023193359375,
            681.5107421875,
            1.0
        ],
        [
            958.7692260742188,
            719.1347045898438,
            1.0
        ],
        [
            908.1690673828125,
            761.6101684570312,
            1.0
        ],
        [
            849.8905639648438,
            809.3834838867188,
            1.0
        ]
    ],
    "visited": true
}