{
    "keypoints3d": [
        [
            0.0,
            0.0,
            0.0
        ],
        [
            0.0,
            0.28999999165534973,
            0.0
        ],
        [
            0.0,
            0.5799999833106995,
            0.0
        ],
        [
            0.0,
            0.8700000047683716,
            0.0
        ],
        [
            0.28999999165534973,
            0.0,
            0.0
        ],
        [
            0.28999999165534973,
            0.28999999165534973,
            0.0
        ],
        [
            0.28999999165534973,
            0.5799999833106995,
            0.0
        ],
        [
            0.28999999165534973,
            0.8700000047683716,
            0.0
        ],
        [
            0.5799999833106995,
            0.0,
            0.0
        ],
        [
            0.5799999833106995,
            0.28999999165534973,
            0.0
        ],
        [
            0.5799999833106995,
            0.5799999833106995,
            0.0
        ],
        [
            0.5799999833106995,
            0.8700000047683716,
            0.0
        ]
    ],
    "keypoints2d": [
        [
            908.2094116210938,
            539.6040649414062,
            1.0
        ],
        [
            873.5438232421875,
            520.1959838867188,
            1.0
        ],
        [
            841.5740966796875,
            502.6778564453125,
            1.0
        ],
        [
            812.3767700195312,
            486.5794982910156,
            1.0
        ],
        [
            949.3792114257812,
            518.8030395507812,
            1.0
        ],
        [
            914.3814697265625,
            500.5525817871094,
            1.0
        ],
        [
            881.877197265625,
            484.6295166015625,
            1.0
        ],
        [
            852.4796752929688,
            470.12933349609375,
            1.0
        ],
        [
            987.1302490234375,
            500.15069580078125,
            1.0
        ],
        [
            951.982421875,
            483.14654541015625,
            1.0
        ],
        [
            919.48291015625,
            468.2362976074219,
            1.0
        ],
        [
            889.3843994140625,
            454.34600830078125,
            1.0
        ]
    ],
    "visited": true
}