{
    "keypoints3d": [
        [
            0.0,
            0.0,
            0.0
        ],
        [
            0.0,
            0.28999999165534973,
            0.0
        ],
        [
            0.0,
            0.5799999833106995,
            0.0
        ],
        [
            0.0,
            0.8700000047683716,
            0.0
        ],
        [
            0.28999999165534973,
            0.0,
            0.0
        ],
        [
            0.28999999165534973,
            0.28999999165534973,
            0.0
        ],
        [
            0.28999999165534973,
            0.5799999833106995,
            0.0
        ],
        [
            0.28999999165534973,
            0.8700000047683716,
            0.0
        ],
        [
            0.5799999833106995,
            0.0,
            0.0
        ],
        [
            0.5799999833106995,
            0.28999999165534973,
            0.0
        ],
        [
            0.5799999833106995,
            0.5799999833106995,
            0.0
        ],
        [
            0.5799999833106995,
            0.8700000047683716,
            0.0
        ]
    ],
    "keypoints2d": [
        [
            908.2318725585938,
            539.6024169921875,
            1.0
        ],
        [
            873.5374145507812,
            520.1856079101562,
            1.0
        ],
        [
            841.5769653320312,
            502.6615905761719,
            1.0
        ],
        [
            812.3697509765625,
            486.5938720703125,
            1.0
        ],
        [
            949.390380859375,
            518.829345703125,
            1.0
        ],
        [
            914.3574829101562,
            500.57440185546875,
            1.0
        ],
        [
            881.8766479492188,
            484.6246032714844,
            1.0
        ],
        [
            852.4931640625,
            470.1424255371094,
            1.0
        ],
        [
            987.1217041015625,
            500.17694091796875,
            1.0
        ],
        [
            951.9478149414062,
            483.1849365234375,
            1.0
        ],
        [
            919.51611328125,
            468.2292785644531,
            1.0
        ],
        [
            889.3842163085938,
            454.3255615234375,
            1.0
        ]
    ],
    "visited": true
}