{
    "keypoints3d": [
        [
            0.0,
            0.0,
            0.0
        ],
        [
            0.0,
            0.28999999165534973,
            0.0
        ],
        [
            0.0,
            0.5799999833106995,
            0.0
        ],
        [
            0.0,
            0.8700000047683716,
            0.0
        ],
        [
            0.28999999165534973,
            0.0,
            0.0
        ],
        [
            0.28999999165534973,
            0.28999999165534973,
            0.0
        ],
        [
            0.28999999165534973,
            0.5799999833106995,
            0.0
        ],
        [
            0.28999999165534973,
            0.8700000047683716,
            0.0
        ],
        [
            0.5799999833106995,
            0.0,
            0.0
        ],
        [
            0.5799999833106995,
            0.28999999165534973,
            0.0
        ],
        [
            0.5799999833106995,
            0.5799999833106995,
            0.0
        ],
        [
            0.5799999833106995,
            0.8700000047683716,
            0.0
        ]
    ],
    "keypoints2d": [
        [
            908.2371215820312,
            539.6027221679688,
            1.0
        ],
        [
            873.546875,
            520.2034301757812,
            1.0
        ],
        [
            841.5660400390625,
            502.68170166015625,
            1.0
        ],
        [
            812.3723754882812,
            486.5729064941406,
            1.0
        ],
        [
            949.379638671875,
            518.82470703125,
            1.0
        ],
        [
            914.3597412109375,
            500.55206298828125,
            1.0
        ],
        [
            881.8709106445312,
            484.631103515625,
            1.0
        ],
        [
            852.4757690429688,
            470.11798095703125,
            1.0
        ],
        [
            987.142822265625,
            500.1602783203125,
            1.0
        ],
        [
            951.9866333007812,
            483.1563415527344,
            1.0
        ],
        [
            919.4673461914062,
            468.2276306152344,
            1.0
        ],
        [
            889.3939819335938,
            454.3215637207031,
            1.0
        ]
    ],
    "visited": true
}