{
    "keypoints3d": [
        [
            0.0,
            0.0,
            0.0
        ],
        [
            0.0,
            0.28999999165534973,
            0.0
        ],
        [
            0.0,
            0.5799999833106995,
            0.0
        ],
        [
            0.0,
            0.8700000047683716,
            0.0
        ],
        [
            0.28999999165534973,
            0.0,
            0.0
        ],
        [
            0.28999999165534973,
            0.28999999165534973,
            0.0
        ],
        [
            0.28999999165534973,
            0.5799999833106995,
            0.0
        ],
        [
            0.28999999165534973,
            0.8700000047683716,
            0.0
        ],
        [
            0.5799999833106995,
            0.0,
            0.0
        ],
        [
            0.5799999833106995,
            0.28999999165534973,
            0.0
        ],
        [
            0.5799999833106995,
            0.5799999833106995,
            0.0
        ],
        [
            0.5799999833106995,
            0.8700000047683716,
            0.0
        ]
    ],
    "keypoints2d": [
        [
            908.2244873046875,
            539.5887451171875,
            1.0
        ],
        [
            873.555419921875,
            520.1904296875,
            1.0
        ],
        [
            841.5595703125,
            502.67706298828125,
            1.0
        ],
        [
            812.3782348632812,
            486.5697326660156,
            1.0
        ],
        [
            949.3834838867188,
            518.8053588867188,
            1.0
        ],
        [
            914.3628540039062,
            500.5706481933594,
            1.0
        ],
        [
            881.940185546875,
            484.6216735839844,
            1.0
        ],
        [
            852.440673828125,
            470.1202697753906,
            1.0
        ],
        [
            987.1611938476562,
            500.161376953125,
            1.0
        ],
        [
            951.961669921875,
            483.1731262207031,
            1.0
        ],
        [
            919.522216796875,
            468.23095703125,
            1.0
        ],
        [
            889.3606567382812,
            454.33648681640625,
            1.0
        ]
    ],
    "visited": true
}