{
    "keypoints3d": [
        [
            0.0,
            0.0,
            0.0
        ],
        [
            0.0,
            0.28999999165534973,
            0.0
        ],
        [
            0.0,
            0.5799999833106995,
            0.0
        ],
        [
            0.0,
            0.8700000047683716,
            0.0
        ],
        [
            0.28999999165534973,
            0.0,
            0.0
        ],
        [
            0.28999999165534973,
            0.28999999165534973,
            0.0
        ],
        [
            0.28999999165534973,
            0.5799999833106995,
            0.0
        ],
        [
            0.28999999165534973,
            0.8700000047683716,
            0.0
        ],
        [
            0.5799999833106995,
            0.0,
            0.0
        ],
        [
            0.5799999833106995,
            0.28999999165534973,
            0.0
        ],
        [
            0.5799999833106995,
            0.5799999833106995,
            0.0
        ],
        [
            0.5799999833106995,
            0.8700000047683716,
            0.0
        ]
    ],
    "keypoints2d": [
        [
            908.22119140625,
            539.6036987304688,
            1.0
        ],
        [
            873.5435180664062,
            520.2003173828125,
            1.0
        ],
        [
            841.571533203125,
            502.6717834472656,
            1.0
        ],
        [
            812.3739624023438,
            486.5775451660156,
            1.0
        ],
        [
            949.3927612304688,
            518.8349609375,
            1.0
        ],
        [
            914.3444213867188,
            500.577392578125,
            1.0
        ],
        [
            881.8727416992188,
            484.6216125488281,
            1.0
        ],
        [
            852.526611328125,
            470.1348876953125,
            1.0
        ],
        [
            987.1139526367188,
            500.1761169433594,
            1.0
        ],
        [
            951.9268798828125,
            483.18719482421875,
            1.0
        ],
        [
            919.4998779296875,
            468.23345947265625,
            1.0
        ],
        [
            889.3930053710938,
            454.3218688964844,
            1.0
        ]
    ],
    "visited": true
}