{
    "keypoints3d": [
        [
            0.0,
            0.0,
            0.0
        ],
        [
            0.0,
            0.28999999165534973,
            0.0
        ],
        [
            0.0,
            0.5799999833106995,
            0.0
        ],
        [
            0.0,
            0.8700000047683716,
            0.0
        ],
        [
            0.28999999165534973,
            0.0,
            0.0
        ],
        [
            0.28999999165534973,
            0.28999999165534973,
            0.0
        ],
        [
            0.28999999165534973,
            0.5799999833106995,
            0.0
        ],
        [
            0.28999999165534973,
            0.8700000047683716,
            0.0
        ],
        [
            0.5799999833106995,
            0.0,
            0.0
        ],
        [
            0.5799999833106995,
            0.28999999165534973,
            0.0
        ],
        [
            0.5799999833106995,
            0.5799999833106995,
            0.0
        ],
        [
            0.5799999833106995,
            0.8700000047683716,
            0.0
        ]
    ],
    "keypoints2d": [
        [
            908.2271118164062,
            539.601318359375,
            1.0
        ],
        [
            873.5431518554688,
            520.2034912109375,
            1.0
        ],
        [
            841.5803833007812,
            502.6702880859375,
            1.0
        ],
        [
            812.3662719726562,
            486.5753173828125,
            1.0
        ],
        [
            949.3863525390625,
            518.823974609375,
            1.0
        ],
        [
            914.3516845703125,
            500.5613098144531,
            1.0
        ],
        [
            881.8643798828125,
            484.62542724609375,
            1.0
        ],
        [
            852.515380859375,
            470.1285095214844,
            1.0
        ],
        [
            987.1248779296875,
            500.16851806640625,
            1.0
        ],
        [
            951.9683227539062,
            483.1705017089844,
            1.0
        ],
        [
            919.4845581054688,
            468.2259521484375,
            1.0
        ],
        [
            889.3926391601562,
            454.3187561035156,
            1.0
        ]
    ],
    "visited": true
}