{
    "keypoints3d": [
        [
            0.0,
            0.0,
            0.0
        ],
        [
            0.0,
            0.28999999165534973,
            0.0
        ],
        [
            0.0,
            0.5799999833106995,
            0.0
        ],
        [
            0.0,
            0.8700000047683716,
            0.0
        ],
        [
            0.28999999165534973,
            0.0,
            0.0
        ],
        [
            0.28999999165534973,
            0.28999999165534973,
            0.0
        ],
        [
            0.28999999165534973,
            0.5799999833106995,
            0.0
        ],
        [
            0.28999999165534973,
            0.8700000047683716,
            0.0
        ],
        [
            0.5799999833106995,
            0.0,
            0.0
        ],
        [
            0.5799999833106995,
            0.28999999165534973,
            0.0
        ],
        [
            0.5799999833106995,
            0.5799999833106995,
            0.0
        ],
        [
            0.5799999833106995,
            0.8700000047683716,
            0.0
        ]
    ],
    "keypoints2d": [
        [
            908.2391967773438,
            539.6024780273438,
            1.0
        ],
        [
            873.54150390625,
            520.2130126953125,
            1.0
        ],
        [
            841.5639038085938,
            502.6780700683594,
            1.0
        ],
        [
            812.3753051757812,
            486.5806884765625,
            1.0
        ],
        [
            949.3793334960938,
            518.8153076171875,
            1.0
        ],
        [
            914.3619384765625,
            500.5564270019531,
            1.0
        ],
        [
            881.8751220703125,
            484.63092041015625,
            1.0
        ],
        [
            852.48876953125,
            470.1201171875,
            1.0
        ],
        [
            987.1476440429688,
            500.1398620605469,
            1.0
        ],
        [
            951.9639892578125,
            483.1653747558594,
            1.0
        ],
        [
            919.4920043945312,
            468.2245788574219,
            1.0
        ],
        [
            889.40478515625,
            454.3259582519531,
            1.0
        ]
    ],
    "visited": true
}