{
    "keypoints3d": [
        [
            0.0,
            0.0,
            0.0
        ],
        [
            0.0,
            0.28999999165534973,
            0.0
        ],
        [
            0.0,
            0.5799999833106995,
            0.0
        ],
        [
            0.0,
            0.8700000047683716,
            0.0
        ],
        [
            0.28999999165534973,
            0.0,
            0.0
        ],
        [
            0.28999999165534973,
            0.28999999165534973,
            0.0
        ],
        [
            0.28999999165534973,
            0.5799999833106995,
            0.0
        ],
        [
            0.28999999165534973,
            0.8700000047683716,
            0.0
        ],
        [
            0.5799999833106995,
            0.0,
            0.0
        ],
        [
            0.5799999833106995,
            0.28999999165534973,
            0.0
        ],
        [
            0.5799999833106995,
            0.5799999833106995,
            0.0
        ],
        [
            0.5799999833106995,
            0.8700000047683716,
            0.0
        ]
    ],
    "keypoints2d": [
        [
            908.2322998046875,
            539.60009765625,
            1.0
        ],
        [
            873.5386962890625,
            520.205810546875,
            1.0
        ],
        [
            841.5760498046875,
            502.6796569824219,
            1.0
        ],
        [
            812.35986328125,
            486.57440185546875,
            1.0
        ],
        [
            949.390869140625,
            518.8240356445312,
            1.0
        ],
        [
            914.3653564453125,
            500.56585693359375,
            1.0
        ],
        [
            881.8742065429688,
            484.6238098144531,
            1.0
        ],
        [
            852.50927734375,
            470.1266784667969,
            1.0
        ],
        [
            987.127197265625,
            500.1669006347656,
            1.0
        ],
        [
            951.9877319335938,
            483.16595458984375,
            1.0
        ],
        [
            919.4904174804688,
            468.224853515625,
            1.0
        ],
        [
            889.4063720703125,
            454.3235168457031,
            1.0
        ]
    ],
    "visited": true
}