{
    "keypoints3d": [
        [
            0.0,
            0.0,
            0.0
        ],
        [
            0.0,
            0.28999999165534973,
            0.0
        ],
        [
            0.0,
            0.5799999833106995,
            0.0
        ],
        [
            0.0,
            0.8700000047683716,
            0.0
        ],
        [
            0.28999999165534973,
            0.0,
            0.0
        ],
        [
            0.28999999165534973,
            0.28999999165534973,
            0.0
        ],
        [
            0.28999999165534973,
            0.5799999833106995,
            0.0
        ],
        [
            0.28999999165534973,
            0.8700000047683716,
            0.0
        ],
        [
            0.5799999833106995,
            0.0,
            0.0
        ],
        [
            0.5799999833106995,
            0.28999999165534973,
            0.0
        ],
        [
            0.5799999833106995,
            0.5799999833106995,
            0.0
        ],
        [
            0.5799999833106995,
            0.8700000047683716,
            0.0
        ]
    ],
    "keypoints2d": [
        [
            908.2296142578125,
            539.6027221679688,
            1.0
        ],
        [
            873.5416870117188,
            520.1915893554688,
            1.0
        ],
        [
            841.5775146484375,
            502.66436767578125,
            1.0
        ],
        [
            812.3629150390625,
            486.57708740234375,
            1.0
        ],
        [
            949.3868408203125,
            518.8268432617188,
            1.0
        ],
        [
            914.34716796875,
            500.578857421875,
            1.0
        ],
        [
            881.8775634765625,
            484.6162109375,
            1.0
        ],
        [
            852.5030517578125,
            470.13043212890625,
            1.0
        ],
        [
            987.1187133789062,
            500.1739807128906,
            1.0
        ],
        [
            951.9398193359375,
            483.19293212890625,
            1.0
        ],
        [
            919.490966796875,
            468.2314147949219,
            1.0
        ],
        [
            889.39208984375,
            454.3258972167969,
            1.0
        ]
    ],
    "visited": true
}