{
    "keypoints3d": [
        [
            0.0,
            0.0,
            0.0
        ],
        [
            0.0,
            0.28999999165534973,
            0.0
        ],
        [
            0.0,
            0.5799999833106995,
            0.0
        ],
        [
            0.0,
            0.8700000047683716,
            0.0
        ],
        [
            0.28999999165534973,
            0.0,
            0.0
        ],
        [
            0.28999999165534973,
            0.28999999165534973,
            0.0
        ],
        [
            0.28999999165534973,
            0.5799999833106995,
            0.0
        ],
        [
            0.28999999165534973,
            0.8700000047683716,
            0.0
        ],
        [
            0.5799999833106995,
            0.0,
            0.0
        ],
        [
            0.5799999833106995,
            0.28999999165534973,
            0.0
        ],
        [
            0.5799999833106995,
            0.5799999833106995,
            0.0
        ],
        [
            0.5799999833106995,
            0.8700000047683716,
            0.0
        ]
    ],
    "keypoints2d": [
        [
            908.2225341796875,
            539.6051635742188,
            1.0
        ],
        [
            873.5369262695312,
            520.2005615234375,
            1.0
        ],
        [
            841.5747680664062,
            502.6728820800781,
            1.0
        ],
        [
            812.3680419921875,
            486.57763671875,
            1.0
        ],
        [
            949.3969116210938,
            518.830322265625,
            1.0
        ],
        [
            914.3456420898438,
            500.5762023925781,
            1.0
        ],
        [
            881.8672485351562,
            484.6217346191406,
            1.0
        ],
        [
            852.5076904296875,
            470.12811279296875,
            1.0
        ],
        [
            987.1160888671875,
            500.16900634765625,
            1.0
        ],
        [
            951.970458984375,
            483.17724609375,
            1.0
        ],
        [
            919.4912719726562,
            468.22796630859375,
            1.0
        ],
        [
            889.400146484375,
            454.3205261230469,
            1.0
        ]
    ],
    "visited": true
}