{
    "keypoints3d": [
        [
            0.0,
            0.0,
            0.0
        ],
        [
            0.0,
            0.28999999165534973,
            0.0
        ],
        [
            0.0,
            0.5799999833106995,
            0.0
        ],
        [
            0.0,
            0.8700000047683716,
            0.0
        ],
        [
            0.28999999165534973,
            0.0,
            0.0
        ],
        [
            0.28999999165534973,
            0.28999999165534973,
            0.0
        ],
        [
            0.28999999165534973,
            0.5799999833106995,
            0.0
        ],
        [
            0.28999999165534973,
            0.8700000047683716,
            0.0
        ],
        [
            0.5799999833106995,
            0.0,
            0.0
        ],
        [
            0.5799999833106995,
            0.28999999165534973,
            0.0
        ],
        [
            0.5799999833106995,
            0.5799999833106995,
            0.0
        ],
        [
            0.5799999833106995,
            0.8700000047683716,
            0.0
        ]
    ],
    "keypoints2d": [
        [
            1007.2600708007812,
            577.4093017578125,
            1.0
        ],
        [
            1054.31884765625,
            623.9697265625,
            1.0
        ],
        [
            1107.609130859375,
            676.8301391601562,
            1.0
        ],
        [
            1169.05859375,
            736.8692626953125,
            1.0
        ],
        [
            946.4061889648438,
            605.4995727539062,
            1.0
        ],
        [
            991.6289672851562,
            656.6592407226562,
            1.0
        ],
        [
            1043.3067626953125,
            714.3309936523438,
            1.0
        ],
        [
            1103.2305908203125,
            781.0529174804688,
            1.0
        ],
        [
            879.2428588867188,
            636.7015991210938,
            1.0
        ],
        [
            922.2728881835938,
            692.2588500976562,
            1.0
        ],
        [
            971.6182250976562,
            756.4014892578125,
            1.0
        ],
        [
            1029.222900390625,
            830.6799926757812,
            1.0
        ]
    ],
    "visited": true
}