{
    "keypoints3d": [
        [
            0.0,
            0.0,
            0.0
        ],
        [
            0.0,
            0.28999999165534973,
            0.0
        ],
        [
            0.0,
            0.5799999833106995,
            0.0
        ],
        [
            0.0,
            0.8700000047683716,
            0.0
        ],
        [
            0.28999999165534973,
            0.0,
            0.0
        ],
        [
            0.28999999165534973,
            0.28999999165534973,
            0.0
        ],
        [
            0.28999999165534973,
            0.5799999833106995,
            0.0
        ],
        [
            0.28999999165534973,
            0.8700000047683716,
            0.0
        ],
        [
            0.5799999833106995,
            0.0,
            0.0
        ],
        [
            0.5799999833106995,
            0.28999999165534973,
            0.0
        ],
        [
            0.5799999833106995,
            0.5799999833106995,
            0.0
        ],
        [
            0.5799999833106995,
            0.8700000047683716,
            0.0
        ]
    ],
    "keypoints2d": [
        [
            1156.25537109375,
            619.5459594726562,
            1.0
        ],
        [
            1102.2012939453125,
            654.1525268554688,
            1.0
        ],
        [
            1041.6187744140625,
            692.845947265625,
            1.0
        ],
        [
            974.147216796875,
            735.7391357421875,
            1.0
        ],
        [
            1100.969482421875,
            573.5438232421875,
            1.0
        ],
        [
            1047.067138671875,
            603.8446655273438,
            1.0
        ],
        [
            987.1707763671875,
            637.60205078125,
            1.0
        ],
        [
            921.0706787109375,
            675.0713500976562,
            1.0
        ],
        [
            1051.205322265625,
            532.1255493164062,
            1.0
        ],
        [
            997.8169555664062,
            558.7918701171875,
            1.0
        ],
        [
            938.9386596679688,
            588.5142822265625,
            1.0
        ],
        [
            874.0562744140625,
            620.8975830078125,
            1.0
        ]
    ],
    "visited": true
}