{
    "keypoints3d": [
        [
            0.0,
            0.0,
            0.0
        ],
        [
            0.0,
            0.28999999165534973,
            0.0
        ],
        [
            0.0,
            0.5799999833106995,
            0.0
        ],
        [
            0.0,
            0.8700000047683716,
            0.0
        ],
        [
            0.28999999165534973,
            0.0,
            0.0
        ],
        [
            0.28999999165534973,
            0.28999999165534973,
            0.0
        ],
        [
            0.28999999165534973,
            0.5799999833106995,
            0.0
        ],
        [
            0.28999999165534973,
            0.8700000047683716,
            0.0
        ],
        [
            0.5799999833106995,
            0.0,
            0.0
        ],
        [
            0.5799999833106995,
            0.28999999165534973,
            0.0
        ],
        [
            0.5799999833106995,
            0.5799999833106995,
            0.0
        ],
        [
            0.5799999833106995,
            0.8700000047683716,
            0.0
        ]
    ],
    "keypoints2d": [
        [
            871.8353881835938,
            649.5487060546875,
            1.0
        ],
        [
            911.5486450195312,
            662.24560546875,
            1.0
        ],
        [
            954.7615356445312,
            676.2377319335938,
            1.0
        ],
        [
            1002.5807495117188,
            691.2667846679688,
            1.0
        ],
        [
            831.5632934570312,
            670.9716186523438,
            1.0
        ],
        [
            871.5643310546875,
            685.3133544921875,
            1.0
        ],
        [
            915.4647216796875,
            701.4351806640625,
            1.0
        ],
        [
            964.1812133789062,
            719.1665649414062,
            1.0
        ],
        [
            786.6004028320312,
            695.1985473632812,
            1.0
        ],
        [
            826.6812744140625,
            712.1651611328125,
            1.0
        ],
        [
            870.890625,
            730.4752197265625,
            1.0
        ],
        [
            920.4984741210938,
            751.1967163085938,
            1.0
        ]
    ],
    "visited": true
}