{
    "keypoints3d": [
        [
            0.0,
            0.0,
            0.0
        ],
        [
            0.0,
            0.28999999165534973,
            0.0
        ],
        [
            0.0,
            0.5799999833106995,
            0.0
        ],
        [
            0.0,
            0.8700000047683716,
            0.0
        ],
        [
            0.28999999165534973,
            0.0,
            0.0
        ],
        [
            0.28999999165534973,
            0.28999999165534973,
            0.0
        ],
        [
            0.28999999165534973,
            0.5799999833106995,
            0.0
        ],
        [
            0.28999999165534973,
            0.8700000047683716,
            0.0
        ],
        [
            0.5799999833106995,
            0.0,
            0.0
        ],
        [
            0.5799999833106995,
            0.28999999165534973,
            0.0
        ],
        [
            0.5799999833106995,
            0.5799999833106995,
            0.0
        ],
        [
            0.5799999833106995,
            0.8700000047683716,
            0.0
        ]
    ],
    "keypoints2d": [
        [
            912.990234375,
            535.9200439453125,
            1.0
        ],
        [
            945.0865478515625,
            555.440185546875,
            1.0
        ],
        [
            979.6769409179688,
            577.3016357421875,
            1.0
        ],
        [
            1017.2311401367188,
            601.0426025390625,
            1.0
        ],
        [
            875.93896484375,
            546.86767578125,
            1.0
        ],
        [
            908.2343139648438,
            567.78076171875,
            1.0
        ],
        [
            942.9159545898438,
            590.9751586914062,
            1.0
        ],
        [
            980.8973999023438,
            616.7656860351562,
            1.0
        ],
        [
            835.5093383789062,
            559.5526123046875,
            1.0
        ],
        [
            867.5254516601562,
            582.184814453125,
            1.0
        ],
        [
            902.4166870117188,
            606.990478515625,
            1.0
        ],
        [
            940.6658935546875,
            634.3164672851562,
            1.0
        ]
    ],
    "visited": true
}