{
    "keypoints3d": [
        [
            0.0,
            0.0,
            0.0
        ],
        [
            0.0,
            0.28999999165534973,
            0.0
        ],
        [
            0.0,
            0.5799999833106995,
            0.0
        ],
        [
            0.0,
            0.8700000047683716,
            0.0
        ],
        [
            0.28999999165534973,
            0.0,
            0.0
        ],
        [
            0.28999999165534973,
            0.28999999165534973,
            0.0
        ],
        [
            0.28999999165534973,
            0.5799999833106995,
            0.0
        ],
        [
            0.28999999165534973,
            0.8700000047683716,
            0.0
        ],
        [
            0.5799999833106995,
            0.0,
            0.0
        ],
        [
            0.5799999833106995,
            0.28999999165534973,
            0.0
        ],
        [
            0.5799999833106995,
            0.5799999833106995,
            0.0
        ],
        [
            0.5799999833106995,
            0.8700000047683716,
            0.0
        ]
    ],
    "keypoints2d": [
        [
            880.4827270507812,
            817.5868530273438,
            1.0
        ],
        [
            841.8379516601562,
            792.2962036132812,
            1.0
        ],
        [
            806.94482421875,
            769.8702392578125,
            1.0
        ],
        [
            775.4281005859375,
            749.8319091796875,
            1.0
        ],
        [
            925.6310424804688,
            793.6784057617188,
            1.0
        ],
        [
            886.9336547851562,
            770.7067260742188,
            1.0
        ],
        [
            851.7158813476562,
            750.6357421875,
            1.0
        ],
        [
            819.6452026367188,
            732.2388916015625,
            1.0
        ],
        [
            965.9878540039062,
            772.4134521484375,
            1.0
        ],
        [
            927.4369506835938,
            752.2722778320312,
            1.0
        ],
        [
            892.2586669921875,
            733.54638671875,
            1.0
        ],
        [
            859.8697509765625,
            716.3807373046875,
            1.0
        ]
    ],
    "visited": true
}