{
    "keypoints3d": [
        [
            0.0,
            0.0,
            0.0
        ],
        [
            0.0,
            0.28999999165534973,
            0.0
        ],
        [
            0.0,
            0.5799999833106995,
            0.0
        ],
        [
            0.0,
            0.8700000047683716,
            0.0
        ],
        [
            0.28999999165534973,
            0.0,
            0.0
        ],
        [
            0.28999999165534973,
            0.28999999165534973,
            0.0
        ],
        [
            0.28999999165534973,
            0.5799999833106995,
            0.0
        ],
        [
            0.28999999165534973,
            0.8700000047683716,
            0.0
        ],
        [
            0.5799999833106995,
            0.0,
            0.0
        ],
        [
            0.5799999833106995,
            0.28999999165534973,
            0.0
        ],
        [
            0.5799999833106995,
            0.5799999833106995,
            0.0
        ],
        [
            0.5799999833106995,
            0.8700000047683716,
            0.0
        ]
    ],
    "keypoints2d": [
        [
            948.9658813476562,
            577.4402465820312,
            1.0
        ],
        [
            912.3492431640625,
            553.93310546875,
            1.0
        ],
        [
            879.3255615234375,
            533.5648803710938,
            1.0
        ],
        [
            848.9879760742188,
            515.095458984375,
            1.0
        ],
        [
            992.4862060546875,
            555.5928344726562,
            1.0
        ],
        [
            955.4572143554688,
            534.4102172851562,
            1.0
        ],
        [
            921.6471557617188,
            515.0668334960938,
            1.0
        ],
        [
            890.624755859375,
            498.1119689941406,
            1.0
        ],
        [
            1032.307861328125,
            535.5530395507812,
            1.0
        ],
        [
            995.2338256835938,
            516.3621215820312,
            1.0
        ],
        [
            960.9762573242188,
            498.7190856933594,
            1.0
        ],
        [
            929.3477172851562,
            482.5132751464844,
            1.0
        ]
    ],
    "visited": true
}