{
    "keypoints3d": [
        [
            0.0,
            0.0,
            0.0
        ],
        [
            0.0,
            0.28999999165534973,
            0.0
        ],
        [
            0.0,
            0.5799999833106995,
            0.0
        ],
        [
            0.0,
            0.8700000047683716,
            0.0
        ],
        [
            0.28999999165534973,
            0.0,
            0.0
        ],
        [
            0.28999999165534973,
            0.28999999165534973,
            0.0
        ],
        [
            0.28999999165534973,
            0.5799999833106995,
            0.0
        ],
        [
            0.28999999165534973,
            0.8700000047683716,
            0.0
        ],
        [
            0.5799999833106995,
            0.0,
            0.0
        ],
        [
            0.5799999833106995,
            0.28999999165534973,
            0.0
        ],
        [
            0.5799999833106995,
            0.5799999833106995,
            0.0
        ],
        [
            0.5799999833106995,
            0.8700000047683716,
            0.0
        ]
    ],
    "keypoints2d": [
        [
            912.9457397460938,
            535.8847045898438,
            1.0
        ],
        [
            945.106689453125,
            555.4595336914062,
            1.0
        ],
        [
            979.591796875,
            577.3146362304688,
            1.0
        ],
        [
            1017.174560546875,
            601.0303344726562,
            1.0
        ],
        [
            875.9031372070312,
            546.89013671875,
            1.0
        ],
        [
            908.285888671875,
            567.7796020507812,
            1.0
        ],
        [
            942.8665161132812,
            590.962646484375,
            1.0
        ],
        [
            980.9078979492188,
            616.7503662109375,
            1.0
        ],
        [
            835.4825439453125,
            559.5449829101562,
            1.0
        ],
        [
            867.50048828125,
            582.2154541015625,
            1.0
        ],
        [
            902.4815063476562,
            607.0250244140625,
            1.0
        ],
        [
            940.6864624023438,
            634.3109741210938,
            1.0
        ]
    ],
    "visited": true
}