{
    "keypoints3d": [
        [
            0.0,
            0.0,
            0.0
        ],
        [
            0.0,
            0.28999999165534973,
            0.0
        ],
        [
            0.0,
            0.5799999833106995,
            0.0
        ],
        [
            0.0,
            0.8700000047683716,
            0.0
        ],
        [
            0.28999999165534973,
            0.0,
            0.0
        ],
        [
            0.28999999165534973,
            0.28999999165534973,
            0.0
        ],
        [
            0.28999999165534973,
            0.5799999833106995,
            0.0
        ],
        [
            0.28999999165534973,
            0.8700000047683716,
            0.0
        ],
        [
            0.5799999833106995,
            0.0,
            0.0
        ],
        [
            0.5799999833106995,
            0.28999999165534973,
            0.0
        ],
        [
            0.5799999833106995,
            0.5799999833106995,
            0.0
        ],
        [
            0.5799999833106995,
            0.8700000047683716,
            0.0
        ]
    ],
    "keypoints2d": [
        [
            948.9202270507812,
            577.436767578125,
            1.0
        ],
        [
            912.28759765625,
            553.865234375,
            1.0
        ],
        [
            879.3018188476562,
            533.5215454101562,
            1.0
        ],
        [
            849.001953125,
            515.0806884765625,
            1.0
        ],
        [
            992.4913330078125,
            555.5864868164062,
            1.0
        ],
        [
            955.4307250976562,
            534.3861694335938,
            1.0
        ],
        [
            921.6483154296875,
            515.0704956054688,
            1.0
        ],
        [
            890.6133422851562,
            498.0786437988281,
            1.0
        ],
        [
            1032.33203125,
            535.5556640625,
            1.0
        ],
        [
            995.1260375976562,
            516.3713989257812,
            1.0
        ],
        [
            960.9013061523438,
            498.70758056640625,
            1.0
        ],
        [
            929.3179321289062,
            482.4779052734375,
            1.0
        ]
    ],
    "visited": true
}