{
    "keypoints3d": [
        [
            0.0,
            0.0,
            0.0
        ],
        [
            0.0,
            0.28999999165534973,
            0.0
        ],
        [
            0.0,
            0.5799999833106995,
            0.0
        ],
        [
            0.0,
            0.8700000047683716,
            0.0
        ],
        [
            0.28999999165534973,
            0.0,
            0.0
        ],
        [
            0.28999999165534973,
            0.28999999165534973,
            0.0
        ],
        [
            0.28999999165534973,
            0.5799999833106995,
            0.0
        ],
        [
            0.28999999165534973,
            0.8700000047683716,
            0.0
        ],
        [
            0.5799999833106995,
            0.0,
            0.0
        ],
        [
            0.5799999833106995,
            0.28999999165534973,
            0.0
        ],
        [
            0.5799999833106995,
            0.5799999833106995,
            0.0
        ],
        [
            0.5799999833106995,
            0.8700000047683716,
            0.0
        ]
    ],
    "keypoints2d": [
        [
            1007.2796020507812,
            577.4111328125,
            1.0
        ],
        [
            1054.318115234375,
            623.9863891601562,
            1.0
        ],
        [
            1107.5914306640625,
            676.8193969726562,
            1.0
        ],
        [
            1169.1029052734375,
            736.8621215820312,
            1.0
        ],
        [
            946.3763427734375,
            605.4742431640625,
            1.0
        ],
        [
            991.6495971679688,
            656.6386108398438,
            1.0
        ],
        [
            1043.3131103515625,
            714.3370361328125,
            1.0
        ],
        [
            1103.25634765625,
            781.09130859375,
            1.0
        ],
        [
            879.2557983398438,
            636.7162475585938,
            1.0
        ],
        [
            922.2741088867188,
            692.2684326171875,
            1.0
        ],
        [
            971.6088256835938,
            756.4077758789062,
            1.0
        ],
        [
            1029.219970703125,
            830.6644897460938,
            1.0
        ]
    ],
    "visited": true
}