{
    "keypoints3d": [
        [
            0.0,
            0.0,
            0.0
        ],
        [
            0.0,
            0.28999999165534973,
            0.0
        ],
        [
            0.0,
            0.5799999833106995,
            0.0
        ],
        [
            0.0,
            0.8700000047683716,
            0.0
        ],
        [
            0.28999999165534973,
            0.0,
            0.0
        ],
        [
            0.28999999165534973,
            0.28999999165534973,
            0.0
        ],
        [
            0.28999999165534973,
            0.5799999833106995,
            0.0
        ],
        [
            0.28999999165534973,
            0.8700000047683716,
            0.0
        ],
        [
            0.5799999833106995,
            0.0,
            0.0
        ],
        [
            0.5799999833106995,
            0.28999999165534973,
            0.0
        ],
        [
            0.5799999833106995,
            0.5799999833106995,
            0.0
        ],
        [
            0.5799999833106995,
            0.8700000047683716,
            0.0
        ]
    ],
    "keypoints2d": [
        [
            880.4609985351562,
            817.593017578125,
            1.0
        ],
        [
            841.8280639648438,
            792.304443359375,
            1.0
        ],
        [
            806.9188232421875,
            769.8681030273438,
            1.0
        ],
        [
            775.4334106445312,
            749.8365478515625,
            1.0
        ],
        [
            925.63037109375,
            793.681640625,
            1.0
        ],
        [
            886.9830932617188,
            770.7119140625,
            1.0
        ],
        [
            851.7167358398438,
            750.6292114257812,
            1.0
        ],
        [
            819.6456909179688,
            732.2442626953125,
            1.0
        ],
        [
            965.9789428710938,
            772.4111938476562,
            1.0
        ],
        [
            927.4417114257812,
            752.2723999023438,
            1.0
        ],
        [
            892.24267578125,
            733.5462036132812,
            1.0
        ],
        [
            859.8511962890625,
            716.3821411132812,
            1.0
        ]
    ],
    "visited": true
}