{
    "keypoints3d": [
        [
            0.0,
            0.0,
            0.0
        ],
        [
            0.0,
            0.28999999165534973,
            0.0
        ],
        [
            0.0,
            0.5799999833106995,
            0.0
        ],
        [
            0.0,
            0.8700000047683716,
            0.0
        ],
        [
            0.28999999165534973,
            0.0,
            0.0
        ],
        [
            0.28999999165534973,
            0.28999999165534973,
            0.0
        ],
        [
            0.28999999165534973,
            0.5799999833106995,
            0.0
        ],
        [
            0.28999999165534973,
            0.8700000047683716,
            0.0
        ],
        [
            0.5799999833106995,
            0.0,
            0.0
        ],
        [
            0.5799999833106995,
            0.28999999165534973,
            0.0
        ],
        [
            0.5799999833106995,
            0.5799999833106995,
            0.0
        ],
        [
            0.5799999833106995,
            0.8700000047683716,
            0.0
        ]
    ],
    "keypoints2d": [
        [
            948.9329833984375,
            577.4468994140625,
            1.0
        ],
        [
            912.3025512695312,
            553.875,
            1.0
        ],
        [
            879.3095703125,
            533.5291137695312,
            1.0
        ],
        [
            849.0322875976562,
            515.0707397460938,
            1.0
        ],
        [
            992.4911499023438,
            555.588134765625,
            1.0
        ],
        [
            955.4258422851562,
            534.3820190429688,
            1.0
        ],
        [
            921.645751953125,
            515.0847778320312,
            1.0
        ],
        [
            890.62646484375,
            498.0965270996094,
            1.0
        ],
        [
            1032.3172607421875,
            535.5499267578125,
            1.0
        ],
        [
            995.1341552734375,
            516.36181640625,
            1.0
        ],
        [
            960.9395141601562,
            498.7088928222656,
            1.0
        ],
        [
            929.31396484375,
            482.48138427734375,
            1.0
        ]
    ],
    "visited": true
}