{
    "keypoints3d": [
        [
            0.0,
            0.0,
            0.0
        ],
        [
            0.0,
            0.28999999165534973,
            0.0
        ],
        [
            0.0,
            0.5799999833106995,
            0.0
        ],
        [
            0.0,
            0.8700000047683716,
            0.0
        ],
        [
            0.28999999165534973,
            0.0,
            0.0
        ],
        [
            0.28999999165534973,
            0.28999999165534973,
            0.0
        ],
        [
            0.28999999165534973,
            0.5799999833106995,
            0.0
        ],
        [
            0.28999999165534973,
            0.8700000047683716,
            0.0
        ],
        [
            0.5799999833106995,
            0.0,
            0.0
        ],
        [
            0.5799999833106995,
            0.28999999165534973,
            0.0
        ],
        [
            0.5799999833106995,
            0.5799999833106995,
            0.0
        ],
        [
            0.5799999833106995,
            0.8700000047683716,
            0.0
        ]
    ],
    "keypoints2d": [
        [
            734.8250122070312,
            602.7047729492188,
            1.0
        ],
        [
            770.7238159179688,
            621.6642456054688,
            1.0
        ],
        [
            809.8230590820312,
            643.3453979492188,
            1.0
        ],
        [
            852.1494140625,
            664.5765380859375,
            1.0
        ],
        [
            686.3388671875,
            626.27685546875,
            1.0
        ],
        [
            722.15087890625,
            646.619384765625,
            1.0
        ],
        [
            761.344970703125,
            670.7764892578125,
            1.0
        ],
        [
            804.273681640625,
            695.2367553710938,
            1.0
        ],
        [
            632.0082397460938,
            652.2433471679688,
            1.0
        ],
        [
            667.457275390625,
            675.2288208007812,
            1.0
        ],
        [
            706.5267333984375,
            701.8468017578125,
            1.0
        ],
        [
            749.4692993164062,
            729.6234130859375,
            1.0
        ]
    ],
    "visited": true
}