{
    "keypoints3d": [
        [
            0.0,
            0.0,
            0.0
        ],
        [
            0.0,
            0.28999999165534973,
            0.0
        ],
        [
            0.0,
            0.5799999833106995,
            0.0
        ],
        [
            0.0,
            0.8700000047683716,
            0.0
        ],
        [
            0.28999999165534973,
            0.0,
            0.0
        ],
        [
            0.28999999165534973,
            0.28999999165534973,
            0.0
        ],
        [
            0.28999999165534973,
            0.5799999833106995,
            0.0
        ],
        [
            0.28999999165534973,
            0.8700000047683716,
            0.0
        ],
        [
            0.5799999833106995,
            0.0,
            0.0
        ],
        [
            0.5799999833106995,
            0.28999999165534973,
            0.0
        ],
        [
            0.5799999833106995,
            0.5799999833106995,
            0.0
        ],
        [
            0.5799999833106995,
            0.8700000047683716,
            0.0
        ]
    ],
    "keypoints2d": [
        [
            1007.2664794921875,
            577.4033203125,
            1.0
        ],
        [
            1054.31787109375,
            623.9906616210938,
            1.0
        ],
        [
            1107.6007080078125,
            676.8344116210938,
            1.0
        ],
        [
            1169.0750732421875,
            736.8577270507812,
            1.0
        ],
        [
            946.3983764648438,
            605.5026245117188,
            1.0
        ],
        [
            991.6444091796875,
            656.6567993164062,
            1.0
        ],
        [
            1043.296630859375,
            714.3233032226562,
            1.0
        ],
        [
            1103.2469482421875,
            781.0562744140625,
            1.0
        ],
        [
            879.2489624023438,
            636.71240234375,
            1.0
        ],
        [
            922.2742919921875,
            692.2718505859375,
            1.0
        ],
        [
            971.605712890625,
            756.390625,
            1.0
        ],
        [
            1029.2044677734375,
            830.6665649414062,
            1.0
        ]
    ],
    "visited": true
}