{
    "keypoints3d": [
        [
            0.0,
            0.0,
            0.0
        ],
        [
            0.0,
            0.28999999165534973,
            0.0
        ],
        [
            0.0,
            0.5799999833106995,
            0.0
        ],
        [
            0.0,
            0.8700000047683716,
            0.0
        ],
        [
            0.28999999165534973,
            0.0,
            0.0
        ],
        [
            0.28999999165534973,
            0.28999999165534973,
            0.0
        ],
        [
            0.28999999165534973,
            0.5799999833106995,
            0.0
        ],
        [
            0.28999999165534973,
            0.8700000047683716,
            0.0
        ],
        [
            0.5799999833106995,
            0.0,
            0.0
        ],
        [
            0.5799999833106995,
            0.28999999165534973,
            0.0
        ],
        [
            0.5799999833106995,
            0.5799999833106995,
            0.0
        ],
        [
            0.5799999833106995,
            0.8700000047683716,
            0.0
        ]
    ],
    "keypoints2d": [
        [
            880.47021484375,
            817.5945434570312,
            1.0
        ],
        [
            841.8319702148438,
            792.3119506835938,
            1.0
        ],
        [
            806.9039306640625,
            769.8603515625,
            1.0
        ],
        [
            775.4189453125,
            749.8350219726562,
            1.0
        ],
        [
            925.6239624023438,
            793.6759643554688,
            1.0
        ],
        [
            886.9736938476562,
            770.6990966796875,
            1.0
        ],
        [
            851.752685546875,
            750.62646484375,
            1.0
        ],
        [
            819.6595458984375,
            732.2533569335938,
            1.0
        ],
        [
            965.9615478515625,
            772.416015625,
            1.0
        ],
        [
            927.435791015625,
            752.2719116210938,
            1.0
        ],
        [
            892.2345581054688,
            733.560302734375,
            1.0
        ],
        [
            859.8582763671875,
            716.3824462890625,
            1.0
        ]
    ],
    "visited": true
}