{
    "keypoints3d": [
        [
            0.0,
            0.0,
            0.0
        ],
        [
            0.0,
            0.28999999165534973,
            0.0
        ],
        [
            0.0,
            0.5799999833106995,
            0.0
        ],
        [
            0.0,
            0.8700000047683716,
            0.0
        ],
        [
            0.28999999165534973,
            0.0,
            0.0
        ],
        [
            0.28999999165534973,
            0.28999999165534973,
            0.0
        ],
        [
            0.28999999165534973,
            0.5799999833106995,
            0.0
        ],
        [
            0.28999999165534973,
            0.8700000047683716,
            0.0
        ],
        [
            0.5799999833106995,
            0.0,
            0.0
        ],
        [
            0.5799999833106995,
            0.28999999165534973,
            0.0
        ],
        [
            0.5799999833106995,
            0.5799999833106995,
            0.0
        ],
        [
            0.5799999833106995,
            0.8700000047683716,
            0.0
        ]
    ],
    "keypoints2d": [
        [
            932.5577392578125,
            454.2552490234375,
            1.0
        ],
        [
            975.1106567382812,
            477.3494567871094,
            1.0
        ],
        [
            1020.4560546875,
            501.1330871582031,
            1.0
        ],
        [
            1068.4970703125,
            527.6802978515625,
            1.0
        ],
        [
            895.2939453125,
            474.242431640625,
            1.0
        ],
        [
            939.155029296875,
            498.4447021484375,
            1.0
        ],
        [
            985.7421264648438,
            524.3587646484375,
            1.0
        ],
        [
            1035.2476806640625,
            553.3369750976562,
            1.0
        ],
        [
            854.1022338867188,
            496.3240661621094,
            1.0
        ],
        [
            898.7835693359375,
            522.6082763671875,
            1.0
        ],
        [
            946.7667846679688,
            550.8275146484375,
            1.0
        ],
        [
            997.93603515625,
            581.7636108398438,
            1.0
        ]
    ],
    "visited": true
}