{
    "keypoints3d": [
        [
            0.0,
            0.0,
            0.0
        ],
        [
            0.0,
            0.28999999165534973,
            0.0
        ],
        [
            0.0,
            0.5799999833106995,
            0.0
        ],
        [
            0.0,
            0.8700000047683716,
            0.0
        ],
        [
            0.28999999165534973,
            0.0,
            0.0
        ],
        [
            0.28999999165534973,
            0.28999999165534973,
            0.0
        ],
        [
            0.28999999165534973,
            0.5799999833106995,
            0.0
        ],
        [
            0.28999999165534973,
            0.8700000047683716,
            0.0
        ],
        [
            0.5799999833106995,
            0.0,
            0.0
        ],
        [
            0.5799999833106995,
            0.28999999165534973,
            0.0
        ],
        [
            0.5799999833106995,
            0.5799999833106995,
            0.0
        ],
        [
            0.5799999833106995,
            0.8700000047683716,
            0.0
        ]
    ],
    "keypoints2d": [
        [
            913.0028686523438,
            535.9232788085938,
            1.0
        ],
        [
            945.0865478515625,
            555.440185546875,
            1.0
        ],
        [
            979.6939697265625,
            577.3095092773438,
            1.0
        ],
        [
            1017.2350463867188,
            601.0518798828125,
            1.0
        ],
        [
            875.9284057617188,
            546.8726806640625,
            1.0
        ],
        [
            908.2266235351562,
            567.78466796875,
            1.0
        ],
        [
            942.904296875,
            590.9676513671875,
            1.0
        ],
        [
            980.88916015625,
            616.7655029296875,
            1.0
        ],
        [
            835.5047607421875,
            559.55224609375,
            1.0
        ],
        [
            867.5315551757812,
            582.1885375976562,
            1.0
        ],
        [
            902.443359375,
            607.0178833007812,
            1.0
        ],
        [
            940.65869140625,
            634.3156127929688,
            1.0
        ]
    ],
    "visited": true
}