{
    "keypoints3d": [
        [
            0.0,
            0.0,
            0.0
        ],
        [
            0.0,
            0.28999999165534973,
            0.0
        ],
        [
            0.0,
            0.5799999833106995,
            0.0
        ],
        [
            0.0,
            0.8700000047683716,
            0.0
        ],
        [
            0.28999999165534973,
            0.0,
            0.0
        ],
        [
            0.28999999165534973,
            0.28999999165534973,
            0.0
        ],
        [
            0.28999999165534973,
            0.5799999833106995,
            0.0
        ],
        [
            0.28999999165534973,
            0.8700000047683716,
            0.0
        ],
        [
            0.5799999833106995,
            0.0,
            0.0
        ],
        [
            0.5799999833106995,
            0.28999999165534973,
            0.0
        ],
        [
            0.5799999833106995,
            0.5799999833106995,
            0.0
        ],
        [
            0.5799999833106995,
            0.8700000047683716,
            0.0
        ]
    ],
    "keypoints2d": [
        [
            1007.2606201171875,
            577.4126586914062,
            1.0
        ],
        [
            1054.3167724609375,
            623.9747924804688,
            1.0
        ],
        [
            1107.606689453125,
            676.8359375,
            1.0
        ],
        [
            1169.062744140625,
            736.8651733398438,
            1.0
        ],
        [
            946.3988647460938,
            605.4954833984375,
            1.0
        ],
        [
            991.6363525390625,
            656.6578369140625,
            1.0
        ],
        [
            1043.298095703125,
            714.325927734375,
            1.0
        ],
        [
            1103.236572265625,
            781.0574951171875,
            1.0
        ],
        [
            879.2491455078125,
            636.7041015625,
            1.0
        ],
        [
            922.2664184570312,
            692.2599487304688,
            1.0
        ],
        [
            971.6187133789062,
            756.3978271484375,
            1.0
        ],
        [
            1029.2159423828125,
            830.677734375,
            1.0
        ]
    ],
    "visited": true
}