{
    "keypoints3d": [
        [
            0.0,
            0.0,
            0.0
        ],
        [
            0.0,
            0.28999999165534973,
            0.0
        ],
        [
            0.0,
            0.5799999833106995,
            0.0
        ],
        [
            0.0,
            0.8700000047683716,
            0.0
        ],
        [
            0.28999999165534973,
            0.0,
            0.0
        ],
        [
            0.28999999165534973,
            0.28999999165534973,
            0.0
        ],
        [
            0.28999999165534973,
            0.5799999833106995,
            0.0
        ],
        [
            0.28999999165534973,
            0.8700000047683716,
            0.0
        ],
        [
            0.5799999833106995,
            0.0,
            0.0
        ],
        [
            0.5799999833106995,
            0.28999999165534973,
            0.0
        ],
        [
            0.5799999833106995,
            0.5799999833106995,
            0.0
        ],
        [
            0.5799999833106995,
            0.8700000047683716,
            0.0
        ]
    ],
    "keypoints2d": [
        [
            991.0200805664062,
            659.0814208984375,
            1.0
        ],
        [
            1036.739501953125,
            682.7452392578125,
            1.0
        ],
        [
            1089.55419921875,
            710.4721069335938,
            1.0
        ],
        [
            1151.536865234375,
            743.2040405273438,
            1.0
        ],
        [
            942.1453857421875,
            698.6123657226562,
            1.0
        ],
        [
            986.1563110351562,
            726.9618530273438,
            1.0
        ],
        [
            1037.462158203125,
            759.5568237304688,
            1.0
        ],
        [
            1097.8001708984375,
            798.2924194335938,
            1.0
        ],
        [
            889.1099853515625,
            741.4622802734375,
            1.0
        ],
        [
            930.95751953125,
            774.6339721679688,
            1.0
        ],
        [
            979.9664306640625,
            813.3853759765625,
            1.0
        ],
        [
            1038.3533935546875,
            859.360595703125,
            1.0
        ]
    ],
    "visited": true
}