{
    "keypoints3d": [
        [
            0.0,
            0.0,
            0.0
        ],
        [
            0.0,
            0.28999999165534973,
            0.0
        ],
        [
            0.0,
            0.5799999833106995,
            0.0
        ],
        [
            0.0,
            0.8700000047683716,
            0.0
        ],
        [
            0.28999999165534973,
            0.0,
            0.0
        ],
        [
            0.28999999165534973,
            0.28999999165534973,
            0.0
        ],
        [
            0.28999999165534973,
            0.5799999833106995,
            0.0
        ],
        [
            0.28999999165534973,
            0.8700000047683716,
            0.0
        ],
        [
            0.5799999833106995,
            0.0,
            0.0
        ],
        [
            0.5799999833106995,
            0.28999999165534973,
            0.0
        ],
        [
            0.5799999833106995,
            0.5799999833106995,
            0.0
        ],
        [
            0.5799999833106995,
            0.8700000047683716,
            0.0
        ]
    ],
    "keypoints2d": [
        [
            1125.9459228515625,
            730.1156005859375,
            1.0
        ],
        [
            1071.1353759765625,
            783.96044921875,
            1.0
        ],
        [
            1008.16455078125,
            846.0660400390625,
            1.0
        ],
        [
            935.5467529296875,
            916.804931640625,
            1.0
        ],
        [
            1058.2642822265625,
            681.739013671875,
            1.0
        ],
        [
            1002.3908081054688,
            729.6781005859375,
            1.0
        ],
        [
            939.3244018554688,
            783.4627685546875,
            1.0
        ],
        [
            866.7985229492188,
            845.0941162109375,
            1.0
        ],
        [
            998.0761108398438,
            639.0869140625,
            1.0
        ],
        [
            941.9779663085938,
            681.4393920898438,
            1.0
        ],
        [
            878.8341064453125,
            728.8096313476562,
            1.0
        ],
        [
            806.9371337890625,
            782.7471313476562,
            1.0
        ]
    ],
    "visited": true
}