{
    "keypoints3d": [
        [
            0.0,
            0.0,
            0.0
        ],
        [
            0.0,
            0.28999999165534973,
            0.0
        ],
        [
            0.0,
            0.5799999833106995,
            0.0
        ],
        [
            0.0,
            0.8700000047683716,
            0.0
        ],
        [
            0.28999999165534973,
            0.0,
            0.0
        ],
        [
            0.28999999165534973,
            0.28999999165534973,
            0.0
        ],
        [
            0.28999999165534973,
            0.5799999833106995,
            0.0
        ],
        [
            0.28999999165534973,
            0.8700000047683716,
            0.0
        ],
        [
            0.5799999833106995,
            0.0,
            0.0
        ],
        [
            0.5799999833106995,
            0.28999999165534973,
            0.0
        ],
        [
            0.5799999833106995,
            0.5799999833106995,
            0.0
        ],
        [
            0.5799999833106995,
            0.8700000047683716,
            0.0
        ]
    ],
    "keypoints2d": [
        [
            912.9785766601562,
            535.8904418945312,
            1.0
        ],
        [
            945.0809326171875,
            555.4307861328125,
            1.0
        ],
        [
            979.656005859375,
            577.2984619140625,
            1.0
        ],
        [
            1017.1676025390625,
            601.0324096679688,
            1.0
        ],
        [
            875.908935546875,
            546.87841796875,
            1.0
        ],
        [
            908.2622680664062,
            567.7742919921875,
            1.0
        ],
        [
            942.9027709960938,
            590.9552612304688,
            1.0
        ],
        [
            980.8912353515625,
            616.7672729492188,
            1.0
        ],
        [
            835.5032958984375,
            559.5447998046875,
            1.0
        ],
        [
            867.5460205078125,
            582.191650390625,
            1.0
        ],
        [
            902.4449462890625,
            607.0112915039062,
            1.0
        ],
        [
            940.6724853515625,
            634.3217163085938,
            1.0
        ]
    ],
    "visited": true
}