{
    "keypoints3d": [
        [
            0.0,
            0.0,
            0.0
        ],
        [
            0.0,
            0.28999999165534973,
            0.0
        ],
        [
            0.0,
            0.5799999833106995,
            0.0
        ],
        [
            0.0,
            0.8700000047683716,
            0.0
        ],
        [
            0.28999999165534973,
            0.0,
            0.0
        ],
        [
            0.28999999165534973,
            0.28999999165534973,
            0.0
        ],
        [
            0.28999999165534973,
            0.5799999833106995,
            0.0
        ],
        [
            0.28999999165534973,
            0.8700000047683716,
            0.0
        ],
        [
            0.5799999833106995,
            0.0,
            0.0
        ],
        [
            0.5799999833106995,
            0.28999999165534973,
            0.0
        ],
        [
            0.5799999833106995,
            0.5799999833106995,
            0.0
        ],
        [
            0.5799999833106995,
            0.8700000047683716,
            0.0
        ]
    ],
    "keypoints2d": [
        [
            880.4598999023438,
            817.593017578125,
            1.0
        ],
        [
            841.81884765625,
            792.3008422851562,
            1.0
        ],
        [
            807.0025024414062,
            769.8826904296875,
            1.0
        ],
        [
            775.4270629882812,
            749.8428344726562,
            1.0
        ],
        [
            925.6275634765625,
            793.6864013671875,
            1.0
        ],
        [
            886.970703125,
            770.7008666992188,
            1.0
        ],
        [
            851.74658203125,
            750.646240234375,
            1.0
        ],
        [
            819.6651611328125,
            732.2493286132812,
            1.0
        ],
        [
            965.95751953125,
            772.4160766601562,
            1.0
        ],
        [
            927.42626953125,
            752.2703247070312,
            1.0
        ],
        [
            892.3025512695312,
            733.5577392578125,
            1.0
        ],
        [
            859.8853759765625,
            716.3916015625,
            1.0
        ]
    ],
    "visited": true
}