{
    "keypoints3d": [
        [
            0.0,
            0.0,
            0.0
        ],
        [
            0.0,
            0.28999999165534973,
            0.0
        ],
        [
            0.0,
            0.5799999833106995,
            0.0
        ],
        [
            0.0,
            0.8700000047683716,
            0.0
        ],
        [
            0.28999999165534973,
            0.0,
            0.0
        ],
        [
            0.28999999165534973,
            0.28999999165534973,
            0.0
        ],
        [
            0.28999999165534973,
            0.5799999833106995,
            0.0
        ],
        [
            0.28999999165534973,
            0.8700000047683716,
            0.0
        ],
        [
            0.5799999833106995,
            0.0,
            0.0
        ],
        [
            0.5799999833106995,
            0.28999999165534973,
            0.0
        ],
        [
            0.5799999833106995,
            0.5799999833106995,
            0.0
        ],
        [
            0.5799999833106995,
            0.8700000047683716,
            0.0
        ]
    ],
    "keypoints2d": [
        [
            1007.2590942382812,
            577.3935546875,
            1.0
        ],
        [
            1054.29638671875,
            623.989501953125,
            1.0
        ],
        [
            1107.603515625,
            676.8358764648438,
            1.0
        ],
        [
            1169.062744140625,
            736.8648681640625,
            1.0
        ],
        [
            946.4147338867188,
            605.4954223632812,
            1.0
        ],
        [
            991.6140747070312,
            656.6578979492188,
            1.0
        ],
        [
            1043.2987060546875,
            714.336181640625,
            1.0
        ],
        [
            1103.23388671875,
            781.05908203125,
            1.0
        ],
        [
            879.2435913085938,
            636.7088012695312,
            1.0
        ],
        [
            922.27783203125,
            692.2872314453125,
            1.0
        ],
        [
            971.6030883789062,
            756.39892578125,
            1.0
        ],
        [
            1029.2130126953125,
            830.6832885742188,
            1.0
        ]
    ],
    "visited": true
}