{
    "keypoints3d": [
        [
            0.0,
            0.0,
            0.0
        ],
        [
            0.0,
            0.28999999165534973,
            0.0
        ],
        [
            0.0,
            0.5799999833106995,
            0.0
        ],
        [
            0.0,
            0.8700000047683716,
            0.0
        ],
        [
            0.28999999165534973,
            0.0,
            0.0
        ],
        [
            0.28999999165534973,
            0.28999999165534973,
            0.0
        ],
        [
            0.28999999165534973,
            0.5799999833106995,
            0.0
        ],
        [
            0.28999999165534973,
            0.8700000047683716,
            0.0
        ],
        [
            0.5799999833106995,
            0.0,
            0.0
        ],
        [
            0.5799999833106995,
            0.28999999165534973,
            0.0
        ],
        [
            0.5799999833106995,
            0.5799999833106995,
            0.0
        ],
        [
            0.5799999833106995,
            0.8700000047683716,
            0.0
        ]
    ],
    "keypoints2d": [
        [
            913.0225830078125,
            535.9176635742188,
            1.0
        ],
        [
            945.0733642578125,
            555.4384765625,
            1.0
        ],
        [
            979.6940307617188,
            577.3095092773438,
            1.0
        ],
        [
            1017.2442016601562,
            601.0457153320312,
            1.0
        ],
        [
            875.9134521484375,
            546.864501953125,
            1.0
        ],
        [
            908.2327270507812,
            567.7811279296875,
            1.0
        ],
        [
            942.90478515625,
            590.9635009765625,
            1.0
        ],
        [
            980.9068603515625,
            616.7633056640625,
            1.0
        ],
        [
            835.4927978515625,
            559.5425415039062,
            1.0
        ],
        [
            867.5225830078125,
            582.1871337890625,
            1.0
        ],
        [
            902.4360961914062,
            607.0068359375,
            1.0
        ],
        [
            940.651123046875,
            634.3200073242188,
            1.0
        ]
    ],
    "visited": true
}