{
    "keypoints3d": [
        [
            0.0,
            0.0,
            0.0
        ],
        [
            0.0,
            0.28999999165534973,
            0.0
        ],
        [
            0.0,
            0.5799999833106995,
            0.0
        ],
        [
            0.0,
            0.8700000047683716,
            0.0
        ],
        [
            0.28999999165534973,
            0.0,
            0.0
        ],
        [
            0.28999999165534973,
            0.28999999165534973,
            0.0
        ],
        [
            0.28999999165534973,
            0.5799999833106995,
            0.0
        ],
        [
            0.28999999165534973,
            0.8700000047683716,
            0.0
        ],
        [
            0.5799999833106995,
            0.0,
            0.0
        ],
        [
            0.5799999833106995,
            0.28999999165534973,
            0.0
        ],
        [
            0.5799999833106995,
            0.5799999833106995,
            0.0
        ],
        [
            0.5799999833106995,
            0.8700000047683716,
            0.0
        ]
    ],
    "keypoints2d": [
        [
            880.4572143554688,
            817.5912475585938,
            1.0
        ],
        [
            841.8429565429688,
            792.3012084960938,
            1.0
        ],
        [
            807.0122680664062,
            769.8887939453125,
            1.0
        ],
        [
            775.4255981445312,
            749.8396606445312,
            1.0
        ],
        [
            925.6436767578125,
            793.6747436523438,
            1.0
        ],
        [
            886.9483642578125,
            770.7079467773438,
            1.0
        ],
        [
            851.7276611328125,
            750.6349487304688,
            1.0
        ],
        [
            819.64013671875,
            732.2427368164062,
            1.0
        ],
        [
            965.964599609375,
            772.4103393554688,
            1.0
        ],
        [
            927.435546875,
            752.2721557617188,
            1.0
        ],
        [
            892.2612915039062,
            733.5475463867188,
            1.0
        ],
        [
            859.886474609375,
            716.3853759765625,
            1.0
        ]
    ],
    "visited": true
}