{
    "keypoints3d": [
        [
            0.0,
            0.0,
            0.0
        ],
        [
            0.0,
            0.28999999165534973,
            0.0
        ],
        [
            0.0,
            0.5799999833106995,
            0.0
        ],
        [
            0.0,
            0.8700000047683716,
            0.0
        ],
        [
            0.28999999165534973,
            0.0,
            0.0
        ],
        [
            0.28999999165534973,
            0.28999999165534973,
            0.0
        ],
        [
            0.28999999165534973,
            0.5799999833106995,
            0.0
        ],
        [
            0.28999999165534973,
            0.8700000047683716,
            0.0
        ],
        [
            0.5799999833106995,
            0.0,
            0.0
        ],
        [
            0.5799999833106995,
            0.28999999165534973,
            0.0
        ],
        [
            0.5799999833106995,
            0.5799999833106995,
            0.0
        ],
        [
            0.5799999833106995,
            0.8700000047683716,
            0.0
        ]
    ],
    "keypoints2d": [
        [
            912.9691772460938,
            535.8901977539062,
            1.0
        ],
        [
            945.073486328125,
            555.4290161132812,
            1.0
        ],
        [
            979.6307983398438,
            577.2933959960938,
            1.0
        ],
        [
            1017.1429443359375,
            601.0235595703125,
            1.0
        ],
        [
            875.8919067382812,
            546.8806762695312,
            1.0
        ],
        [
            908.2837524414062,
            567.791259765625,
            1.0
        ],
        [
            942.9093627929688,
            590.9745483398438,
            1.0
        ],
        [
            980.8787231445312,
            616.7666015625,
            1.0
        ],
        [
            835.520263671875,
            559.548828125,
            1.0
        ],
        [
            867.5143432617188,
            582.1914672851562,
            1.0
        ],
        [
            902.4464721679688,
            607.0096435546875,
            1.0
        ],
        [
            940.6793212890625,
            634.32958984375,
            1.0
        ]
    ],
    "visited": true
}