{
    "keypoints3d": [
        [
            0.0,
            0.0,
            0.0
        ],
        [
            0.0,
            0.28999999165534973,
            0.0
        ],
        [
            0.0,
            0.5799999833106995,
            0.0
        ],
        [
            0.0,
            0.8700000047683716,
            0.0
        ],
        [
            0.28999999165534973,
            0.0,
            0.0
        ],
        [
            0.28999999165534973,
            0.28999999165534973,
            0.0
        ],
        [
            0.28999999165534973,
            0.5799999833106995,
            0.0
        ],
        [
            0.28999999165534973,
            0.8700000047683716,
            0.0
        ],
        [
            0.5799999833106995,
            0.0,
            0.0
        ],
        [
            0.5799999833106995,
            0.28999999165534973,
            0.0
        ],
        [
            0.5799999833106995,
            0.5799999833106995,
            0.0
        ],
        [
            0.5799999833106995,
            0.8700000047683716,
            0.0
        ]
    ],
    "keypoints2d": [
        [
            1160.2799072265625,
            755.56005859375,
            1.0
        ],
        [
            1122.171875,
            767.811279296875,
            1.0
        ],
        [
            1079.157470703125,
            784.3515625,
            1.0
        ],
        [
            1031.588134765625,
            800.9978637695312,
            1.0
        ],
        [
            1118.13037109375,
            719.7674560546875,
            1.0
        ],
        [
            1079.80029296875,
            729.81396484375,
            1.0
        ],
        [
            1037.1759033203125,
            743.8209838867188,
            1.0
        ],
        [
            990.449462890625,
            757.4111328125,
            1.0
        ],
        [
            1079.8515625,
            688.3706665039062,
            1.0
        ],
        [
            1041.9580078125,
            696.0005493164062,
            1.0
        ],
        [
            999.8626708984375,
            707.486083984375,
            1.0
        ],
        [
            954.0416259765625,
            718.3881225585938,
            1.0
        ]
    ],
    "visited": true
}