{
    "keypoints3d": [
        [
            0.0,
            0.0,
            0.0
        ],
        [
            0.0,
            0.28999999165534973,
            0.0
        ],
        [
            0.0,
            0.5799999833106995,
            0.0
        ],
        [
            0.0,
            0.8700000047683716,
            0.0
        ],
        [
            0.28999999165534973,
            0.0,
            0.0
        ],
        [
            0.28999999165534973,
            0.28999999165534973,
            0.0
        ],
        [
            0.28999999165534973,
            0.5799999833106995,
            0.0
        ],
        [
            0.28999999165534973,
            0.8700000047683716,
            0.0
        ],
        [
            0.5799999833106995,
            0.0,
            0.0
        ],
        [
            0.5799999833106995,
            0.28999999165534973,
            0.0
        ],
        [
            0.5799999833106995,
            0.5799999833106995,
            0.0
        ],
        [
            0.5799999833106995,
            0.8700000047683716,
            0.0
        ]
    ],
    "keypoints2d": [
        [
            1064.573974609375,
            519.3639526367188,
            1.0
        ],
        [
            1027.308349609375,
            542.8881225585938,
            1.0
        ],
        [
            986.4483032226562,
            570.3088989257812,
            1.0
        ],
        [
            941.2517700195312,
            600.4080200195312,
            1.0
        ],
        [
            1020.5604858398438,
            498.8614501953125,
            1.0
        ],
        [
            982.8618774414062,
            520.4225463867188,
            1.0
        ],
        [
            941.6991577148438,
            545.212646484375,
            1.0
        ],
        [
            896.4801025390625,
            572.7265625,
            1.0
        ],
        [
            979.9835205078125,
            480.3076171875,
            1.0
        ],
        [
            942.1913452148438,
            500.4839782714844,
            1.0
        ],
        [
            900.7456665039062,
            523.1344604492188,
            1.0
        ],
        [
            855.9810180664062,
            547.5867309570312,
            1.0
        ]
    ],
    "visited": true
}