{
    "keypoints3d": [
        [
            0.0,
            0.0,
            0.0
        ],
        [
            0.0,
            0.28999999165534973,
            0.0
        ],
        [
            0.0,
            0.5799999833106995,
            0.0
        ],
        [
            0.0,
            0.8700000047683716,
            0.0
        ],
        [
            0.28999999165534973,
            0.0,
            0.0
        ],
        [
            0.28999999165534973,
            0.28999999165534973,
            0.0
        ],
        [
            0.28999999165534973,
            0.5799999833106995,
            0.0
        ],
        [
            0.28999999165534973,
            0.8700000047683716,
            0.0
        ],
        [
            0.5799999833106995,
            0.0,
            0.0
        ],
        [
            0.5799999833106995,
            0.28999999165534973,
            0.0
        ],
        [
            0.5799999833106995,
            0.5799999833106995,
            0.0
        ],
        [
            0.5799999833106995,
            0.8700000047683716,
            0.0
        ]
    ],
    "keypoints2d": [
        [
            880.45654296875,
            817.5924682617188,
            1.0
        ],
        [
            841.8136596679688,
            792.2907104492188,
            1.0
        ],
        [
            807.070068359375,
            769.8843383789062,
            1.0
        ],
        [
            775.4043579101562,
            749.849609375,
            1.0
        ],
        [
            925.605224609375,
            793.67724609375,
            1.0
        ],
        [
            886.8968505859375,
            770.6863403320312,
            1.0
        ],
        [
            851.7014770507812,
            750.6380615234375,
            1.0
        ],
        [
            819.6617431640625,
            732.2432861328125,
            1.0
        ],
        [
            965.8963623046875,
            772.4254150390625,
            1.0
        ],
        [
            927.4038696289062,
            752.256103515625,
            1.0
        ],
        [
            892.3071899414062,
            733.55224609375,
            1.0
        ],
        [
            859.887939453125,
            716.3954467773438,
            1.0
        ]
    ],
    "visited": true
}