{
    "keypoints3d": [
        [
            0.0,
            0.0,
            0.0
        ],
        [
            0.0,
            0.28999999165534973,
            0.0
        ],
        [
            0.0,
            0.5799999833106995,
            0.0
        ],
        [
            0.0,
            0.8700000047683716,
            0.0
        ],
        [
            0.28999999165534973,
            0.0,
            0.0
        ],
        [
            0.28999999165534973,
            0.28999999165534973,
            0.0
        ],
        [
            0.28999999165534973,
            0.5799999833106995,
            0.0
        ],
        [
            0.28999999165534973,
            0.8700000047683716,
            0.0
        ],
        [
            0.5799999833106995,
            0.0,
            0.0
        ],
        [
            0.5799999833106995,
            0.28999999165534973,
            0.0
        ],
        [
            0.5799999833106995,
            0.5799999833106995,
            0.0
        ],
        [
            0.5799999833106995,
            0.8700000047683716,
            0.0
        ]
    ],
    "keypoints2d": [
        [
            948.9219970703125,
            577.4382934570312,
            1.0
        ],
        [
            912.2970581054688,
            553.8740234375,
            1.0
        ],
        [
            879.309326171875,
            533.524169921875,
            1.0
        ],
        [
            849.0072631835938,
            515.0852661132812,
            1.0
        ],
        [
            992.4935913085938,
            555.591796875,
            1.0
        ],
        [
            955.4331665039062,
            534.3856811523438,
            1.0
        ],
        [
            921.6275024414062,
            515.074951171875,
            1.0
        ],
        [
            890.614501953125,
            498.08489990234375,
            1.0
        ],
        [
            1032.354248046875,
            535.5548706054688,
            1.0
        ],
        [
            995.1204223632812,
            516.3668823242188,
            1.0
        ],
        [
            960.8935546875,
            498.70855712890625,
            1.0
        ],
        [
            929.316650390625,
            482.4787902832031,
            1.0
        ]
    ],
    "visited": true
}