{
    "keypoints3d": [
        [
            0.0,
            0.0,
            0.0
        ],
        [
            0.0,
            0.28999999165534973,
            0.0
        ],
        [
            0.0,
            0.5799999833106995,
            0.0
        ],
        [
            0.0,
            0.8700000047683716,
            0.0
        ],
        [
            0.28999999165534973,
            0.0,
            0.0
        ],
        [
            0.28999999165534973,
            0.28999999165534973,
            0.0
        ],
        [
            0.28999999165534973,
            0.5799999833106995,
            0.0
        ],
        [
            0.28999999165534973,
            0.8700000047683716,
            0.0
        ],
        [
            0.5799999833106995,
            0.0,
            0.0
        ],
        [
            0.5799999833106995,
            0.28999999165534973,
            0.0
        ],
        [
            0.5799999833106995,
            0.5799999833106995,
            0.0
        ],
        [
            0.5799999833106995,
            0.8700000047683716,
            0.0
        ]
    ],
    "keypoints2d": [
        [
            708.1724853515625,
            573.2725830078125,
            1.0
        ],
        [
            665.9013671875,
            542.5130615234375,
            1.0
        ],
        [
            626.9003295898438,
            515.0482788085938,
            1.0
        ],
        [
            590.570068359375,
            489.38555908203125,
            1.0
        ],
        [
            761.9257202148438,
            546.5191650390625,
            1.0
        ],
        [
            720.5159912109375,
            518.6268310546875,
            1.0
        ],
        [
            681.3480834960938,
            493.6150817871094,
            1.0
        ],
        [
            645.1385498046875,
            469.99432373046875,
            1.0
        ],
        [
            809.4495239257812,
            522.8134765625,
            1.0
        ],
        [
            768.5977783203125,
            497.25732421875,
            1.0
        ],
        [
            730.406494140625,
            474.4374084472656,
            1.0
        ],
        [
            694.2111206054688,
            452.4619445800781,
            1.0
        ]
    ],
    "visited": true
}