{
    "keypoints3d": [
        [
            0.0,
            0.0,
            0.0
        ],
        [
            0.0,
            0.28999999165534973,
            0.0
        ],
        [
            0.0,
            0.5799999833106995,
            0.0
        ],
        [
            0.0,
            0.8700000047683716,
            0.0
        ],
        [
            0.28999999165534973,
            0.0,
            0.0
        ],
        [
            0.28999999165534973,
            0.28999999165534973,
            0.0
        ],
        [
            0.28999999165534973,
            0.5799999833106995,
            0.0
        ],
        [
            0.28999999165534973,
            0.8700000047683716,
            0.0
        ],
        [
            0.5799999833106995,
            0.0,
            0.0
        ],
        [
            0.5799999833106995,
            0.28999999165534973,
            0.0
        ],
        [
            0.5799999833106995,
            0.5799999833106995,
            0.0
        ],
        [
            0.5799999833106995,
            0.8700000047683716,
            0.0
        ]
    ],
    "keypoints2d": [
        [
            1007.2553100585938,
            577.3924560546875,
            1.0
        ],
        [
            1054.3006591796875,
            623.9820556640625,
            1.0
        ],
        [
            1107.5955810546875,
            676.84033203125,
            1.0
        ],
        [
            1169.0684814453125,
            736.8603515625,
            1.0
        ],
        [
            946.4027099609375,
            605.4872436523438,
            1.0
        ],
        [
            991.6296997070312,
            656.6553955078125,
            1.0
        ],
        [
            1043.302734375,
            714.3406372070312,
            1.0
        ],
        [
            1103.2349853515625,
            781.0519409179688,
            1.0
        ],
        [
            879.2352294921875,
            636.7040405273438,
            1.0
        ],
        [
            922.2749633789062,
            692.2637329101562,
            1.0
        ],
        [
            971.6053466796875,
            756.3888549804688,
            1.0
        ],
        [
            1029.2103271484375,
            830.6863403320312,
            1.0
        ]
    ],
    "visited": true
}