{
    "keypoints3d": [
        [
            0.0,
            0.0,
            0.0
        ],
        [
            0.0,
            0.28999999165534973,
            0.0
        ],
        [
            0.0,
            0.5799999833106995,
            0.0
        ],
        [
            0.0,
            0.8700000047683716,
            0.0
        ],
        [
            0.28999999165534973,
            0.0,
            0.0
        ],
        [
            0.28999999165534973,
            0.28999999165534973,
            0.0
        ],
        [
            0.28999999165534973,
            0.5799999833106995,
            0.0
        ],
        [
            0.28999999165534973,
            0.8700000047683716,
            0.0
        ],
        [
            0.5799999833106995,
            0.0,
            0.0
        ],
        [
            0.5799999833106995,
            0.28999999165534973,
            0.0
        ],
        [
            0.5799999833106995,
            0.5799999833106995,
            0.0
        ],
        [
            0.5799999833106995,
            0.8700000047683716,
            0.0
        ]
    ],
    "keypoints2d": [
        [
            961.7960205078125,
            763.6674194335938,
            1.0
        ],
        [
            1022.6067504882812,
            715.9463500976562,
            1.0
        ],
        [
            1077.3076171875,
            672.7626342773438,
            1.0
        ],
        [
            1126.7352294921875,
            633.8875732421875,
            1.0
        ],
        [
            1019.684814453125,
            820.99169921875,
            1.0
        ],
        [
            1081.3975830078125,
            766.6033935546875,
            1.0
        ],
        [
            1136.3192138671875,
            718.428955078125,
            1.0
        ],
        [
            1186.049560546875,
            674.5595703125,
            1.0
        ],
        [
            1086.540771484375,
            886.6271362304688,
            1.0
        ],
        [
            1148.855712890625,
            824.5470581054688,
            1.0
        ],
        [
            1203.72509765625,
            769.5916748046875,
            1.0
        ],
        [
            1252.9310302734375,
            720.4212646484375,
            1.0
        ]
    ],
    "visited": true
}