{
    "keypoints3d": [
        [
            0.0,
            0.0,
            0.0
        ],
        [
            0.0,
            0.28999999165534973,
            0.0
        ],
        [
            0.0,
            0.5799999833106995,
            0.0
        ],
        [
            0.0,
            0.8700000047683716,
            0.0
        ],
        [
            0.28999999165534973,
            0.0,
            0.0
        ],
        [
            0.28999999165534973,
            0.28999999165534973,
            0.0
        ],
        [
            0.28999999165534973,
            0.5799999833106995,
            0.0
        ],
        [
            0.28999999165534973,
            0.8700000047683716,
            0.0
        ],
        [
            0.5799999833106995,
            0.0,
            0.0
        ],
        [
            0.5799999833106995,
            0.28999999165534973,
            0.0
        ],
        [
            0.5799999833106995,
            0.5799999833106995,
            0.0
        ],
        [
            0.5799999833106995,
            0.8700000047683716,
            0.0
        ]
    ],
    "keypoints2d": [
        [
            1146.7947998046875,
            569.4302978515625,
            1.0
        ],
        [
            1116.8250732421875,
            592.6124877929688,
            1.0
        ],
        [
            1083.6343994140625,
            618.0470581054688,
            1.0
        ],
        [
            1046.69677734375,
            647.6049194335938,
            1.0
        ],
        [
            1099.069580078125,
            549.8158569335938,
            1.0
        ],
        [
            1067.8177490234375,
            570.7133178710938,
            1.0
        ],
        [
            1033.56591796875,
            593.8101806640625,
            1.0
        ],
        [
            995.4739990234375,
            621.0659790039062,
            1.0
        ],
        [
            1055.0224609375,
            531.5186157226562,
            1.0
        ],
        [
            1023.0474853515625,
            550.9859008789062,
            1.0
        ],
        [
            987.7311401367188,
            572.0824584960938,
            1.0
        ],
        [
            949.1058959960938,
            596.4285278320312,
            1.0
        ]
    ],
    "visited": true
}