{
    "keypoints3d": [
        [
            0.0,
            0.0,
            0.0
        ],
        [
            0.0,
            0.28999999165534973,
            0.0
        ],
        [
            0.0,
            0.5799999833106995,
            0.0
        ],
        [
            0.0,
            0.8700000047683716,
            0.0
        ],
        [
            0.28999999165534973,
            0.0,
            0.0
        ],
        [
            0.28999999165534973,
            0.28999999165534973,
            0.0
        ],
        [
            0.28999999165534973,
            0.5799999833106995,
            0.0
        ],
        [
            0.28999999165534973,
            0.8700000047683716,
            0.0
        ],
        [
            0.5799999833106995,
            0.0,
            0.0
        ],
        [
            0.5799999833106995,
            0.28999999165534973,
            0.0
        ],
        [
            0.5799999833106995,
            0.5799999833106995,
            0.0
        ],
        [
            0.5799999833106995,
            0.8700000047683716,
            0.0
        ]
    ],
    "keypoints2d": [
        [
            590.5695190429688,
            489.39111328125,
            1.0
        ],
        [
            626.9314575195312,
            515.0277099609375,
            1.0
        ],
        [
            665.9027099609375,
            542.5142211914062,
            1.0
        ],
        [
            708.1685180664062,
            573.2745971679688,
            1.0
        ],
        [
            645.0930786132812,
            469.99993896484375,
            1.0
        ],
        [
            681.3516845703125,
            493.6188049316406,
            1.0
        ],
        [
            720.5126953125,
            518.627685546875,
            1.0
        ],
        [
            761.9197998046875,
            546.5182495117188,
            1.0
        ],
        [
            694.2044677734375,
            452.4668273925781,
            1.0
        ],
        [
            730.3982543945312,
            474.44500732421875,
            1.0
        ],
        [
            768.6201171875,
            497.2646789550781,
            1.0
        ],
        [
            809.450927734375,
            522.8179321289062,
            1.0
        ]
    ],
    "visited": true
}