{
    "keypoints3d": [
        [
            0.0,
            0.0,
            0.0
        ],
        [
            0.0,
            0.28999999165534973,
            0.0
        ],
        [
            0.0,
            0.5799999833106995,
            0.0
        ],
        [
            0.0,
            0.8700000047683716,
            0.0
        ],
        [
            0.28999999165534973,
            0.0,
            0.0
        ],
        [
            0.28999999165534973,
            0.28999999165534973,
            0.0
        ],
        [
            0.28999999165534973,
            0.5799999833106995,
            0.0
        ],
        [
            0.28999999165534973,
            0.8700000047683716,
            0.0
        ],
        [
            0.5799999833106995,
            0.0,
            0.0
        ],
        [
            0.5799999833106995,
            0.28999999165534973,
            0.0
        ],
        [
            0.5799999833106995,
            0.5799999833106995,
            0.0
        ],
        [
            0.5799999833106995,
            0.8700000047683716,
            0.0
        ]
    ],
    "keypoints2d": [
        [
            880.4750366210938,
            817.5859375,
            1.0
        ],
        [
            841.8338623046875,
            792.3075561523438,
            1.0
        ],
        [
            806.9105834960938,
            769.8629760742188,
            1.0
        ],
        [
            775.4274291992188,
            749.8352661132812,
            1.0
        ],
        [
            925.6349487304688,
            793.677490234375,
            1.0
        ],
        [
            886.9608764648438,
            770.7054443359375,
            1.0
        ],
        [
            851.7085571289062,
            750.6340942382812,
            1.0
        ],
        [
            819.63525390625,
            732.2390747070312,
            1.0
        ],
        [
            965.98095703125,
            772.411376953125,
            1.0
        ],
        [
            927.4384765625,
            752.2747802734375,
            1.0
        ],
        [
            892.24267578125,
            733.5462646484375,
            1.0
        ],
        [
            859.8585815429688,
            716.3792114257812,
            1.0
        ]
    ],
    "visited": true
}