{
    "keypoints3d": [
        [
            0.0,
            0.0,
            0.0
        ],
        [
            0.0,
            0.28999999165534973,
            0.0
        ],
        [
            0.0,
            0.5799999833106995,
            0.0
        ],
        [
            0.0,
            0.8700000047683716,
            0.0
        ],
        [
            0.28999999165534973,
            0.0,
            0.0
        ],
        [
            0.28999999165534973,
            0.28999999165534973,
            0.0
        ],
        [
            0.28999999165534973,
            0.5799999833106995,
            0.0
        ],
        [
            0.28999999165534973,
            0.8700000047683716,
            0.0
        ],
        [
            0.5799999833106995,
            0.0,
            0.0
        ],
        [
            0.5799999833106995,
            0.28999999165534973,
            0.0
        ],
        [
            0.5799999833106995,
            0.5799999833106995,
            0.0
        ],
        [
            0.5799999833106995,
            0.8700000047683716,
            0.0
        ]
    ],
    "keypoints2d": [
        [
            948.929931640625,
            577.4373779296875,
            1.0
        ],
        [
            912.3270874023438,
            553.8994140625,
            1.0
        ],
        [
            879.297607421875,
            533.5477294921875,
            1.0
        ],
        [
            848.9761352539062,
            515.0685424804688,
            1.0
        ],
        [
            992.5008544921875,
            555.5867309570312,
            1.0
        ],
        [
            955.408203125,
            534.3814697265625,
            1.0
        ],
        [
            921.6319580078125,
            515.0833129882812,
            1.0
        ],
        [
            890.6595458984375,
            498.1385192871094,
            1.0
        ],
        [
            1032.3455810546875,
            535.5656127929688,
            1.0
        ],
        [
            995.1524658203125,
            516.3443603515625,
            1.0
        ],
        [
            960.9192504882812,
            498.70953369140625,
            1.0
        ],
        [
            929.3434448242188,
            482.4849853515625,
            1.0
        ]
    ],
    "visited": true
}