{
    "keypoints3d": [
        [
            0.0,
            0.0,
            0.0
        ],
        [
            0.0,
            0.28999999165534973,
            0.0
        ],
        [
            0.0,
            0.5799999833106995,
            0.0
        ],
        [
            0.0,
            0.8700000047683716,
            0.0
        ],
        [
            0.28999999165534973,
            0.0,
            0.0
        ],
        [
            0.28999999165534973,
            0.28999999165534973,
            0.0
        ],
        [
            0.28999999165534973,
            0.5799999833106995,
            0.0
        ],
        [
            0.28999999165534973,
            0.8700000047683716,
            0.0
        ],
        [
            0.5799999833106995,
            0.0,
            0.0
        ],
        [
            0.5799999833106995,
            0.28999999165534973,
            0.0
        ],
        [
            0.5799999833106995,
            0.5799999833106995,
            0.0
        ],
        [
            0.5799999833106995,
            0.8700000047683716,
            0.0
        ]
    ],
    "keypoints2d": [
        [
            777.1107788085938,
            472.0449523925781,
            1.0
        ],
        [
            826.2820434570312,
            497.5224609375,
            1.0
        ],
        [
            878.4527587890625,
            524.1290283203125,
            1.0
        ],
        [
            933.8715209960938,
            551.7285766601562,
            1.0
        ],
        [
            728.9930419921875,
            507.3005065917969,
            1.0
        ],
        [
            779.2374877929688,
            534.986328125,
            1.0
        ],
        [
            832.879638671875,
            564.521484375,
            1.0
        ],
        [
            890.4459838867188,
            595.5313720703125,
            1.0
        ],
        [
            675.0272827148438,
            546.5403442382812,
            1.0
        ],
        [
            726.593017578125,
            577.234619140625,
            1.0
        ],
        [
            781.8082885742188,
            610.1494750976562,
            1.0
        ],
        [
            841.220458984375,
            645.1002197265625,
            1.0
        ]
    ],
    "visited": true
}