{
    "keypoints3d": [
        [
            0.0,
            0.0,
            0.0
        ],
        [
            0.0,
            0.28999999165534973,
            0.0
        ],
        [
            0.0,
            0.5799999833106995,
            0.0
        ],
        [
            0.0,
            0.8700000047683716,
            0.0
        ],
        [
            0.28999999165534973,
            0.0,
            0.0
        ],
        [
            0.28999999165534973,
            0.28999999165534973,
            0.0
        ],
        [
            0.28999999165534973,
            0.5799999833106995,
            0.0
        ],
        [
            0.28999999165534973,
            0.8700000047683716,
            0.0
        ],
        [
            0.5799999833106995,
            0.0,
            0.0
        ],
        [
            0.5799999833106995,
            0.28999999165534973,
            0.0
        ],
        [
            0.5799999833106995,
            0.5799999833106995,
            0.0
        ],
        [
            0.5799999833106995,
            0.8700000047683716,
            0.0
        ]
    ],
    "keypoints2d": [
        [
            1007.2653198242188,
            577.4003295898438,
            1.0
        ],
        [
            1054.30859375,
            623.9917602539062,
            1.0
        ],
        [
            1107.6038818359375,
            676.8378295898438,
            1.0
        ],
        [
            1169.0574951171875,
            736.856201171875,
            1.0
        ],
        [
            946.3925170898438,
            605.4851684570312,
            1.0
        ],
        [
            991.6373291015625,
            656.6571655273438,
            1.0
        ],
        [
            1043.302978515625,
            714.3409423828125,
            1.0
        ],
        [
            1103.2415771484375,
            781.0621948242188,
            1.0
        ],
        [
            879.22998046875,
            636.7048950195312,
            1.0
        ],
        [
            922.276611328125,
            692.27001953125,
            1.0
        ],
        [
            971.6062622070312,
            756.39599609375,
            1.0
        ],
        [
            1029.2216796875,
            830.6956176757812,
            1.0
        ]
    ],
    "visited": true
}