{
    "keypoints3d": [
        [
            0.0,
            0.0,
            0.0
        ],
        [
            0.0,
            0.28999999165534973,
            0.0
        ],
        [
            0.0,
            0.5799999833106995,
            0.0
        ],
        [
            0.0,
            0.8700000047683716,
            0.0
        ],
        [
            0.28999999165534973,
            0.0,
            0.0
        ],
        [
            0.28999999165534973,
            0.28999999165534973,
            0.0
        ],
        [
            0.28999999165534973,
            0.5799999833106995,
            0.0
        ],
        [
            0.28999999165534973,
            0.8700000047683716,
            0.0
        ],
        [
            0.5799999833106995,
            0.0,
            0.0
        ],
        [
            0.5799999833106995,
            0.28999999165534973,
            0.0
        ],
        [
            0.5799999833106995,
            0.5799999833106995,
            0.0
        ],
        [
            0.5799999833106995,
            0.8700000047683716,
            0.0
        ]
    ],
    "keypoints2d": [
        [
            1007.2481079101562,
            577.3980102539062,
            1.0
        ],
        [
            1054.32080078125,
            623.9981079101562,
            1.0
        ],
        [
            1107.6048583984375,
            676.8284912109375,
            1.0
        ],
        [
            1169.0667724609375,
            736.8772583007812,
            1.0
        ],
        [
            946.4063720703125,
            605.4982299804688,
            1.0
        ],
        [
            991.6386108398438,
            656.6591186523438,
            1.0
        ],
        [
            1043.3001708984375,
            714.343017578125,
            1.0
        ],
        [
            1103.231201171875,
            781.0438232421875,
            1.0
        ],
        [
            879.2428588867188,
            636.7111206054688,
            1.0
        ],
        [
            922.2747192382812,
            692.2833862304688,
            1.0
        ],
        [
            971.6031494140625,
            756.3980712890625,
            1.0
        ],
        [
            1029.2244873046875,
            830.6807250976562,
            1.0
        ]
    ],
    "visited": true
}