{
    "keypoints3d": [
        [
            0.0,
            0.0,
            0.0
        ],
        [
            0.0,
            0.28999999165534973,
            0.0
        ],
        [
            0.0,
            0.5799999833106995,
            0.0
        ],
        [
            0.0,
            0.8700000047683716,
            0.0
        ],
        [
            0.28999999165534973,
            0.0,
            0.0
        ],
        [
            0.28999999165534973,
            0.28999999165534973,
            0.0
        ],
        [
            0.28999999165534973,
            0.5799999833106995,
            0.0
        ],
        [
            0.28999999165534973,
            0.8700000047683716,
            0.0
        ],
        [
            0.5799999833106995,
            0.0,
            0.0
        ],
        [
            0.5799999833106995,
            0.28999999165534973,
            0.0
        ],
        [
            0.5799999833106995,
            0.5799999833106995,
            0.0
        ],
        [
            0.5799999833106995,
            0.8700000047683716,
            0.0
        ]
    ],
    "keypoints2d": [
        [
            904.7157592773438,
            654.4014282226562,
            1.0
        ],
        [
            942.4089965820312,
            631.7206420898438,
            1.0
        ],
        [
            976.0405883789062,
            611.6511840820312,
            1.0
        ],
        [
            1006.6634521484375,
            593.36962890625,
            1.0
        ],
        [
            950.0462646484375,
            677.403076171875,
            1.0
        ],
        [
            986.5372314453125,
            652.9535522460938,
            1.0
        ],
        [
            1019.2713623046875,
            630.8402099609375,
            1.0
        ],
        [
            1048.565185546875,
            611.0347900390625,
            1.0
        ],
        [
            999.7359008789062,
            703.0878295898438,
            1.0
        ],
        [
            1034.9034423828125,
            675.7743530273438,
            1.0
        ],
        [
            1066.2652587890625,
            651.6256713867188,
            1.0
        ],
        [
            1094.4239501953125,
            629.74951171875,
            1.0
        ]
    ],
    "visited": true
}