{
    "keypoints3d": [
        [
            0.0,
            0.0,
            0.0
        ],
        [
            0.0,
            0.28999999165534973,
            0.0
        ],
        [
            0.0,
            0.5799999833106995,
            0.0
        ],
        [
            0.0,
            0.8700000047683716,
            0.0
        ],
        [
            0.28999999165534973,
            0.0,
            0.0
        ],
        [
            0.28999999165534973,
            0.28999999165534973,
            0.0
        ],
        [
            0.28999999165534973,
            0.5799999833106995,
            0.0
        ],
        [
            0.28999999165534973,
            0.8700000047683716,
            0.0
        ],
        [
            0.5799999833106995,
            0.0,
            0.0
        ],
        [
            0.5799999833106995,
            0.28999999165534973,
            0.0
        ],
        [
            0.5799999833106995,
            0.5799999833106995,
            0.0
        ],
        [
            0.5799999833106995,
            0.8700000047683716,
            0.0
        ]
    ],
    "keypoints2d": [
        [
            948.908203125,
            577.4462280273438,
            1.0
        ],
        [
            912.2994384765625,
            553.8892822265625,
            1.0
        ],
        [
            879.301513671875,
            533.5379638671875,
            1.0
        ],
        [
            848.9885864257812,
            515.0664672851562,
            1.0
        ],
        [
            992.4925537109375,
            555.5975952148438,
            1.0
        ],
        [
            955.4119873046875,
            534.3760375976562,
            1.0
        ],
        [
            921.639404296875,
            515.0875244140625,
            1.0
        ],
        [
            890.6317138671875,
            498.1109924316406,
            1.0
        ],
        [
            1032.3487548828125,
            535.5606079101562,
            1.0
        ],
        [
            995.1598510742188,
            516.3526000976562,
            1.0
        ],
        [
            960.9058837890625,
            498.70635986328125,
            1.0
        ],
        [
            929.3263549804688,
            482.47845458984375,
            1.0
        ]
    ],
    "visited": true
}