{
    "keypoints3d": [
        [
            0.0,
            0.0,
            0.0
        ],
        [
            0.0,
            0.28999999165534973,
            0.0
        ],
        [
            0.0,
            0.5799999833106995,
            0.0
        ],
        [
            0.0,
            0.8700000047683716,
            0.0
        ],
        [
            0.28999999165534973,
            0.0,
            0.0
        ],
        [
            0.28999999165534973,
            0.28999999165534973,
            0.0
        ],
        [
            0.28999999165534973,
            0.5799999833106995,
            0.0
        ],
        [
            0.28999999165534973,
            0.8700000047683716,
            0.0
        ],
        [
            0.5799999833106995,
            0.0,
            0.0
        ],
        [
            0.5799999833106995,
            0.28999999165534973,
            0.0
        ],
        [
            0.5799999833106995,
            0.5799999833106995,
            0.0
        ],
        [
            0.5799999833106995,
            0.8700000047683716,
            0.0
        ]
    ],
    "keypoints2d": [
        [
            777.2461547851562,
            472.14453125,
            1.0
        ],
        [
            826.3569946289062,
            497.5611267089844,
            1.0
        ],
        [
            878.6224365234375,
            524.197998046875,
            1.0
        ],
        [
            933.9373168945312,
            551.9349975585938,
            1.0
        ],
        [
            729.0452880859375,
            507.3480224609375,
            1.0
        ],
        [
            779.3294677734375,
            535.0845947265625,
            1.0
        ],
        [
            833.0438842773438,
            564.5592651367188,
            1.0
        ],
        [
            890.5262451171875,
            595.625,
            1.0
        ],
        [
            675.1185913085938,
            546.566650390625,
            1.0
        ],
        [
            726.7099609375,
            577.3322143554688,
            1.0
        ],
        [
            781.9234619140625,
            610.2764892578125,
            1.0
        ],
        [
            841.3783569335938,
            645.1608276367188,
            1.0
        ]
    ],
    "visited": true
}