{
    "keypoints3d": [
        [
            0.0,
            0.0,
            0.0
        ],
        [
            0.0,
            0.28999999165534973,
            0.0
        ],
        [
            0.0,
            0.5799999833106995,
            0.0
        ],
        [
            0.0,
            0.8700000047683716,
            0.0
        ],
        [
            0.28999999165534973,
            0.0,
            0.0
        ],
        [
            0.28999999165534973,
            0.28999999165534973,
            0.0
        ],
        [
            0.28999999165534973,
            0.5799999833106995,
            0.0
        ],
        [
            0.28999999165534973,
            0.8700000047683716,
            0.0
        ],
        [
            0.5799999833106995,
            0.0,
            0.0
        ],
        [
            0.5799999833106995,
            0.28999999165534973,
            0.0
        ],
        [
            0.5799999833106995,
            0.5799999833106995,
            0.0
        ],
        [
            0.5799999833106995,
            0.8700000047683716,
            0.0
        ]
    ],
    "keypoints2d": [
        [
            949.1051635742188,
            596.4266357421875,
            1.0
        ],
        [
            987.7296752929688,
            572.0827026367188,
            1.0
        ],
        [
            1023.0397338867188,
            550.9789428710938,
            1.0
        ],
        [
            1055.056396484375,
            531.5260620117188,
            1.0
        ],
        [
            995.4564819335938,
            621.0541381835938,
            1.0
        ],
        [
            1033.5584716796875,
            593.8101806640625,
            1.0
        ],
        [
            1067.842041015625,
            570.7074584960938,
            1.0
        ],
        [
            1099.093017578125,
            549.8265380859375,
            1.0
        ],
        [
            1046.704345703125,
            647.5995483398438,
            1.0
        ],
        [
            1083.660888671875,
            618.0521240234375,
            1.0
        ],
        [
            1116.8336181640625,
            592.6151733398438,
            1.0
        ],
        [
            1146.8046875,
            569.4249877929688,
            1.0
        ]
    ],
    "visited": true
}