{
    "keypoints3d": [
        [
            0.0,
            0.0,
            0.0
        ],
        [
            0.0,
            0.28999999165534973,
            0.0
        ],
        [
            0.0,
            0.5799999833106995,
            0.0
        ],
        [
            0.0,
            0.8700000047683716,
            0.0
        ],
        [
            0.28999999165534973,
            0.0,
            0.0
        ],
        [
            0.28999999165534973,
            0.28999999165534973,
            0.0
        ],
        [
            0.28999999165534973,
            0.5799999833106995,
            0.0
        ],
        [
            0.28999999165534973,
            0.8700000047683716,
            0.0
        ],
        [
            0.5799999833106995,
            0.0,
            0.0
        ],
        [
            0.5799999833106995,
            0.28999999165534973,
            0.0
        ],
        [
            0.5799999833106995,
            0.5799999833106995,
            0.0
        ],
        [
            0.5799999833106995,
            0.8700000047683716,
            0.0
        ]
    ],
    "keypoints2d": [
        [
            837.2260131835938,
            622.0364990234375,
            1.0
        ],
        [
            856.30810546875,
            606.516845703125,
            1.0
        ],
        [
            874.3298950195312,
            590.036865234375,
            1.0
        ],
        [
            891.5125122070312,
            572.5445556640625,
            1.0
        ],
        [
            808.4771728515625,
            609.8818969726562,
            1.0
        ],
        [
            828.5640258789062,
            592.7852783203125,
            1.0
        ],
        [
            847.657470703125,
            575.6715087890625,
            1.0
        ],
        [
            865.217041015625,
            561.3217163085938,
            1.0
        ],
        [
            780.624755859375,
            596.5142211914062,
            1.0
        ],
        [
            801.3018798828125,
            579.4526977539062,
            1.0
        ],
        [
            821.1922607421875,
            566.27734375,
            1.0
        ],
        [
            839.1520385742188,
            551.1271362304688,
            1.0
        ]
    ],
    "visited": true
}