{
    "keypoints3d": [
        [
            0.0,
            0.0,
            0.0
        ],
        [
            0.0,
            0.28999999165534973,
            0.0
        ],
        [
            0.0,
            0.5799999833106995,
            0.0
        ],
        [
            0.0,
            0.8700000047683716,
            0.0
        ],
        [
            0.28999999165534973,
            0.0,
            0.0
        ],
        [
            0.28999999165534973,
            0.28999999165534973,
            0.0
        ],
        [
            0.28999999165534973,
            0.5799999833106995,
            0.0
        ],
        [
            0.28999999165534973,
            0.8700000047683716,
            0.0
        ],
        [
            0.5799999833106995,
            0.0,
            0.0
        ],
        [
            0.5799999833106995,
            0.28999999165534973,
            0.0
        ],
        [
            0.5799999833106995,
            0.5799999833106995,
            0.0
        ],
        [
            0.5799999833106995,
            0.8700000047683716,
            0.0
        ]
    ],
    "keypoints2d": [
        [
            948.9098510742188,
            577.4483032226562,
            1.0
        ],
        [
            912.3013305664062,
            553.8819580078125,
            1.0
        ],
        [
            879.3104248046875,
            533.5327758789062,
            1.0
        ],
        [
            849.01123046875,
            515.06640625,
            1.0
        ],
        [
            992.500732421875,
            555.595703125,
            1.0
        ],
        [
            955.4015502929688,
            534.3889770507812,
            1.0
        ],
        [
            921.6416015625,
            515.09521484375,
            1.0
        ],
        [
            890.640625,
            498.10064697265625,
            1.0
        ],
        [
            1032.3199462890625,
            535.5523681640625,
            1.0
        ],
        [
            995.147705078125,
            516.3529052734375,
            1.0
        ],
        [
            960.9133911132812,
            498.7169494628906,
            1.0
        ],
        [
            929.3153076171875,
            482.477783203125,
            1.0
        ]
    ],
    "visited": true
}