{
    "keypoints3d": [
        [
            0.0,
            0.0,
            0.0
        ],
        [
            0.0,
            0.28999999165534973,
            0.0
        ],
        [
            0.0,
            0.5799999833106995,
            0.0
        ],
        [
            0.0,
            0.8700000047683716,
            0.0
        ],
        [
            0.28999999165534973,
            0.0,
            0.0
        ],
        [
            0.28999999165534973,
            0.28999999165534973,
            0.0
        ],
        [
            0.28999999165534973,
            0.5799999833106995,
            0.0
        ],
        [
            0.28999999165534973,
            0.8700000047683716,
            0.0
        ],
        [
            0.5799999833106995,
            0.0,
            0.0
        ],
        [
            0.5799999833106995,
            0.28999999165534973,
            0.0
        ],
        [
            0.5799999833106995,
            0.5799999833106995,
            0.0
        ],
        [
            0.5799999833106995,
            0.8700000047683716,
            0.0
        ]
    ],
    "keypoints2d": [
        [
            862.538330078125,
            694.4069213867188,
            1.0
        ],
        [
            848.1083374023438,
            674.9130859375,
            1.0
        ],
        [
            834.4761352539062,
            656.0919799804688,
            1.0
        ],
        [
            821.7734375,
            638.6136474609375,
            1.0
        ],
        [
            898.141845703125,
            682.623046875,
            1.0
        ],
        [
            882.3887329101562,
            663.237060546875,
            1.0
        ],
        [
            867.8228759765625,
            644.91259765625,
            1.0
        ],
        [
            854.3364868164062,
            627.5096435546875,
            1.0
        ],
        [
            931.99560546875,
            670.915283203125,
            1.0
        ],
        [
            915.37548828125,
            652.3587646484375,
            1.0
        ],
        [
            899.912353515625,
            635.0980224609375,
            1.0
        ],
        [
            885.5437622070312,
            618.8884887695312,
            1.0
        ]
    ],
    "visited": true
}