{
    "keypoints3d": [
        [
            0.0,
            0.0,
            0.0
        ],
        [
            0.0,
            0.28999999165534973,
            0.0
        ],
        [
            0.0,
            0.5799999833106995,
            0.0
        ],
        [
            0.0,
            0.8700000047683716,
            0.0
        ],
        [
            0.28999999165534973,
            0.0,
            0.0
        ],
        [
            0.28999999165534973,
            0.28999999165534973,
            0.0
        ],
        [
            0.28999999165534973,
            0.5799999833106995,
            0.0
        ],
        [
            0.28999999165534973,
            0.8700000047683716,
            0.0
        ],
        [
            0.5799999833106995,
            0.0,
            0.0
        ],
        [
            0.5799999833106995,
            0.28999999165534973,
            0.0
        ],
        [
            0.5799999833106995,
            0.5799999833106995,
            0.0
        ],
        [
            0.5799999833106995,
            0.8700000047683716,
            0.0
        ]
    ],
    "keypoints2d": [
        [
            948.9267578125,
            577.4446411132812,
            1.0
        ],
        [
            912.291015625,
            553.8668212890625,
            1.0
        ],
        [
            879.3089599609375,
            533.5280151367188,
            1.0
        ],
        [
            848.98876953125,
            515.0678100585938,
            1.0
        ],
        [
            992.4865112304688,
            555.5918579101562,
            1.0
        ],
        [
            955.4327392578125,
            534.3794555664062,
            1.0
        ],
        [
            921.6310424804688,
            515.0836181640625,
            1.0
        ],
        [
            890.617431640625,
            498.09051513671875,
            1.0
        ],
        [
            1032.342041015625,
            535.556884765625,
            1.0
        ],
        [
            995.1244506835938,
            516.3604125976562,
            1.0
        ],
        [
            960.9103393554688,
            498.70269775390625,
            1.0
        ],
        [
            929.3265991210938,
            482.4773254394531,
            1.0
        ]
    ],
    "visited": true
}