{
    "keypoints3d": [
        [
            0.0,
            0.0,
            0.0
        ],
        [
            0.0,
            0.28999999165534973,
            0.0
        ],
        [
            0.0,
            0.5799999833106995,
            0.0
        ],
        [
            0.0,
            0.8700000047683716,
            0.0
        ],
        [
            0.28999999165534973,
            0.0,
            0.0
        ],
        [
            0.28999999165534973,
            0.28999999165534973,
            0.0
        ],
        [
            0.28999999165534973,
            0.5799999833106995,
            0.0
        ],
        [
            0.28999999165534973,
            0.8700000047683716,
            0.0
        ],
        [
            0.5799999833106995,
            0.0,
            0.0
        ],
        [
            0.5799999833106995,
            0.28999999165534973,
            0.0
        ],
        [
            0.5799999833106995,
            0.5799999833106995,
            0.0
        ],
        [
            0.5799999833106995,
            0.8700000047683716,
            0.0
        ]
    ],
    "keypoints2d": [
        [
            913.0277099609375,
            535.9144287109375,
            1.0
        ],
        [
            945.0870971679688,
            555.4420776367188,
            1.0
        ],
        [
            979.7017211914062,
            577.3106079101562,
            1.0
        ],
        [
            1017.2448120117188,
            601.0499267578125,
            1.0
        ],
        [
            875.9116821289062,
            546.87255859375,
            1.0
        ],
        [
            908.2305297851562,
            567.7644653320312,
            1.0
        ],
        [
            942.8916625976562,
            590.9537963867188,
            1.0
        ],
        [
            980.9076538085938,
            616.7613525390625,
            1.0
        ],
        [
            835.4898071289062,
            559.5376586914062,
            1.0
        ],
        [
            867.5233154296875,
            582.1865234375,
            1.0
        ],
        [
            902.4375610351562,
            607.0110473632812,
            1.0
        ],
        [
            940.6519775390625,
            634.3270874023438,
            1.0
        ]
    ],
    "visited": true
}