{
    "keypoints3d": [
        [
            0.0,
            0.0,
            0.0
        ],
        [
            0.0,
            0.28999999165534973,
            0.0
        ],
        [
            0.0,
            0.5799999833106995,
            0.0
        ],
        [
            0.0,
            0.8700000047683716,
            0.0
        ],
        [
            0.28999999165534973,
            0.0,
            0.0
        ],
        [
            0.28999999165534973,
            0.28999999165534973,
            0.0
        ],
        [
            0.28999999165534973,
            0.5799999833106995,
            0.0
        ],
        [
            0.28999999165534973,
            0.8700000047683716,
            0.0
        ],
        [
            0.5799999833106995,
            0.0,
            0.0
        ],
        [
            0.5799999833106995,
            0.28999999165534973,
            0.0
        ],
        [
            0.5799999833106995,
            0.5799999833106995,
            0.0
        ],
        [
            0.5799999833106995,
            0.8700000047683716,
            0.0
        ]
    ],
    "keypoints2d": [
        [
            880.4642944335938,
            817.5979614257812,
            1.0
        ],
        [
            841.8462524414062,
            792.3016357421875,
            1.0
        ],
        [
            806.9833374023438,
            769.86669921875,
            1.0
        ],
        [
            775.4170532226562,
            749.8453369140625,
            1.0
        ],
        [
            925.64697265625,
            793.687255859375,
            1.0
        ],
        [
            886.9456787109375,
            770.7069091796875,
            1.0
        ],
        [
            851.7444458007812,
            750.6268310546875,
            1.0
        ],
        [
            819.6751098632812,
            732.24853515625,
            1.0
        ],
        [
            965.9549560546875,
            772.4072265625,
            1.0
        ],
        [
            927.4248046875,
            752.2623291015625,
            1.0
        ],
        [
            892.2518310546875,
            733.5489501953125,
            1.0
        ],
        [
            859.8753051757812,
            716.3797607421875,
            1.0
        ]
    ],
    "visited": true
}