{
    "keypoints3d": [
        [
            0.0,
            0.0,
            0.0
        ],
        [
            0.0,
            0.28999999165534973,
            0.0
        ],
        [
            0.0,
            0.5799999833106995,
            0.0
        ],
        [
            0.0,
            0.8700000047683716,
            0.0
        ],
        [
            0.28999999165534973,
            0.0,
            0.0
        ],
        [
            0.28999999165534973,
            0.28999999165534973,
            0.0
        ],
        [
            0.28999999165534973,
            0.5799999833106995,
            0.0
        ],
        [
            0.28999999165534973,
            0.8700000047683716,
            0.0
        ],
        [
            0.5799999833106995,
            0.0,
            0.0
        ],
        [
            0.5799999833106995,
            0.28999999165534973,
            0.0
        ],
        [
            0.5799999833106995,
            0.5799999833106995,
            0.0
        ],
        [
            0.5799999833106995,
            0.8700000047683716,
            0.0
        ]
    ],
    "keypoints2d": [
        [
            948.9183349609375,
            577.4412231445312,
            1.0
        ],
        [
            912.2808837890625,
            553.879150390625,
            1.0
        ],
        [
            879.3113403320312,
            533.5262451171875,
            1.0
        ],
        [
            848.990478515625,
            515.088134765625,
            1.0
        ],
        [
            992.4999389648438,
            555.5866088867188,
            1.0
        ],
        [
            955.4348754882812,
            534.3867797851562,
            1.0
        ],
        [
            921.6441040039062,
            515.0852661132812,
            1.0
        ],
        [
            890.625,
            498.08544921875,
            1.0
        ],
        [
            1032.3494873046875,
            535.5526733398438,
            1.0
        ],
        [
            995.1123046875,
            516.3732299804688,
            1.0
        ],
        [
            960.8936157226562,
            498.7062072753906,
            1.0
        ],
        [
            929.3124389648438,
            482.4813537597656,
            1.0
        ]
    ],
    "visited": true
}