{
    "keypoints3d": [
        [
            0.0,
            0.0,
            0.0
        ],
        [
            0.0,
            0.28999999165534973,
            0.0
        ],
        [
            0.0,
            0.5799999833106995,
            0.0
        ],
        [
            0.0,
            0.8700000047683716,
            0.0
        ],
        [
            0.28999999165534973,
            0.0,
            0.0
        ],
        [
            0.28999999165534973,
            0.28999999165534973,
            0.0
        ],
        [
            0.28999999165534973,
            0.5799999833106995,
            0.0
        ],
        [
            0.28999999165534973,
            0.8700000047683716,
            0.0
        ],
        [
            0.5799999833106995,
            0.0,
            0.0
        ],
        [
            0.5799999833106995,
            0.28999999165534973,
            0.0
        ],
        [
            0.5799999833106995,
            0.5799999833106995,
            0.0
        ],
        [
            0.5799999833106995,
            0.8700000047683716,
            0.0
        ]
    ],
    "keypoints2d": [
        [
            884.5362548828125,
            618.8068237304688,
            1.0
        ],
        [
            923.4927978515625,
            664.7086181640625,
            1.0
        ],
        [
            967.6817626953125,
            716.61181640625,
            1.0
        ],
        [
            1018.5010986328125,
            776.5426635742188,
            1.0
        ],
        [
            817.6703491210938,
            645.749267578125,
            1.0
        ],
        [
            854.1736450195312,
            695.9613037109375,
            1.0
        ],
        [
            896.02978515625,
            753.219970703125,
            1.0
        ],
        [
            944.253662109375,
            819.4407958984375,
            1.0
        ],
        [
            743.9886474609375,
            675.4705810546875,
            1.0
        ],
        [
            777.2363891601562,
            730.5518188476562,
            1.0
        ],
        [
            815.4501953125,
            794.0225219726562,
            1.0
        ],
        [
            860.2986450195312,
            867.9874877929688,
            1.0
        ]
    ],
    "visited": true
}