{
    "keypoints3d": [
        [
            0.0,
            0.0,
            0.0
        ],
        [
            0.0,
            0.28999999165534973,
            0.0
        ],
        [
            0.0,
            0.5799999833106995,
            0.0
        ],
        [
            0.0,
            0.8700000047683716,
            0.0
        ],
        [
            0.28999999165534973,
            0.0,
            0.0
        ],
        [
            0.28999999165534973,
            0.28999999165534973,
            0.0
        ],
        [
            0.28999999165534973,
            0.5799999833106995,
            0.0
        ],
        [
            0.28999999165534973,
            0.8700000047683716,
            0.0
        ],
        [
            0.5799999833106995,
            0.0,
            0.0
        ],
        [
            0.5799999833106995,
            0.28999999165534973,
            0.0
        ],
        [
            0.5799999833106995,
            0.5799999833106995,
            0.0
        ],
        [
            0.5799999833106995,
            0.8700000047683716,
            0.0
        ]
    ],
    "keypoints2d": [
        [
            948.9260864257812,
            577.445556640625,
            1.0
        ],
        [
            912.2940063476562,
            553.8873291015625,
            1.0
        ],
        [
            879.315185546875,
            533.5297241210938,
            1.0
        ],
        [
            849.0009765625,
            515.0913696289062,
            1.0
        ],
        [
            992.5050659179688,
            555.5809936523438,
            1.0
        ],
        [
            955.4324951171875,
            534.388671875,
            1.0
        ],
        [
            921.6470336914062,
            515.075927734375,
            1.0
        ],
        [
            890.6337280273438,
            498.0951232910156,
            1.0
        ],
        [
            1032.34814453125,
            535.5502319335938,
            1.0
        ],
        [
            995.1067504882812,
            516.376220703125,
            1.0
        ],
        [
            960.8922119140625,
            498.70941162109375,
            1.0
        ],
        [
            929.3234252929688,
            482.4780578613281,
            1.0
        ]
    ],
    "visited": true
}