{
    "keypoints3d": [
        [
            0.0,
            0.0,
            0.0
        ],
        [
            0.0,
            0.28999999165534973,
            0.0
        ],
        [
            0.0,
            0.5799999833106995,
            0.0
        ],
        [
            0.0,
            0.8700000047683716,
            0.0
        ],
        [
            0.28999999165534973,
            0.0,
            0.0
        ],
        [
            0.28999999165534973,
            0.28999999165534973,
            0.0
        ],
        [
            0.28999999165534973,
            0.5799999833106995,
            0.0
        ],
        [
            0.28999999165534973,
            0.8700000047683716,
            0.0
        ],
        [
            0.5799999833106995,
            0.0,
            0.0
        ],
        [
            0.5799999833106995,
            0.28999999165534973,
            0.0
        ],
        [
            0.5799999833106995,
            0.5799999833106995,
            0.0
        ],
        [
            0.5799999833106995,
            0.8700000047683716,
            0.0
        ]
    ],
    "keypoints2d": [
        [
            1007.2600708007812,
            577.3944091796875,
            1.0
        ],
        [
            1054.3123779296875,
            623.9879760742188,
            1.0
        ],
        [
            1107.60498046875,
            676.8345336914062,
            1.0
        ],
        [
            1169.06103515625,
            736.8714599609375,
            1.0
        ],
        [
            946.4130249023438,
            605.4979248046875,
            1.0
        ],
        [
            991.6354370117188,
            656.6608276367188,
            1.0
        ],
        [
            1043.3135986328125,
            714.346923828125,
            1.0
        ],
        [
            1103.2353515625,
            781.0546875,
            1.0
        ],
        [
            879.2469482421875,
            636.7101440429688,
            1.0
        ],
        [
            922.2770385742188,
            692.2821044921875,
            1.0
        ],
        [
            971.6035766601562,
            756.3995361328125,
            1.0
        ],
        [
            1029.2144775390625,
            830.6845703125,
            1.0
        ]
    ],
    "visited": true
}