{
    "keypoints3d": [
        [
            0.0,
            0.0,
            0.0
        ],
        [
            0.0,
            0.28999999165534973,
            0.0
        ],
        [
            0.0,
            0.5799999833106995,
            0.0
        ],
        [
            0.0,
            0.8700000047683716,
            0.0
        ],
        [
            0.28999999165534973,
            0.0,
            0.0
        ],
        [
            0.28999999165534973,
            0.28999999165534973,
            0.0
        ],
        [
            0.28999999165534973,
            0.5799999833106995,
            0.0
        ],
        [
            0.28999999165534973,
            0.8700000047683716,
            0.0
        ],
        [
            0.5799999833106995,
            0.0,
            0.0
        ],
        [
            0.5799999833106995,
            0.28999999165534973,
            0.0
        ],
        [
            0.5799999833106995,
            0.5799999833106995,
            0.0
        ],
        [
            0.5799999833106995,
            0.8700000047683716,
            0.0
        ]
    ],
    "keypoints2d": [
        [
            913.0087280273438,
            535.9044189453125,
            1.0
        ],
        [
            945.0650024414062,
            555.4296875,
            1.0
        ],
        [
            979.6668090820312,
            577.3021850585938,
            1.0
        ],
        [
            1017.16552734375,
            601.0318603515625,
            1.0
        ],
        [
            875.906494140625,
            546.8850708007812,
            1.0
        ],
        [
            908.2380981445312,
            567.7736206054688,
            1.0
        ],
        [
            942.912109375,
            590.9661254882812,
            1.0
        ],
        [
            980.9027099609375,
            616.767822265625,
            1.0
        ],
        [
            835.4982299804688,
            559.551513671875,
            1.0
        ],
        [
            867.5376586914062,
            582.1766357421875,
            1.0
        ],
        [
            902.435302734375,
            607.0172119140625,
            1.0
        ],
        [
            940.666015625,
            634.3230590820312,
            1.0
        ]
    ],
    "visited": true
}