{
    "keypoints3d": [
        [
            0.0,
            0.0,
            0.0
        ],
        [
            0.0,
            0.28999999165534973,
            0.0
        ],
        [
            0.0,
            0.5799999833106995,
            0.0
        ],
        [
            0.0,
            0.8700000047683716,
            0.0
        ],
        [
            0.28999999165534973,
            0.0,
            0.0
        ],
        [
            0.28999999165534973,
            0.28999999165534973,
            0.0
        ],
        [
            0.28999999165534973,
            0.5799999833106995,
            0.0
        ],
        [
            0.28999999165534973,
            0.8700000047683716,
            0.0
        ],
        [
            0.5799999833106995,
            0.0,
            0.0
        ],
        [
            0.5799999833106995,
            0.28999999165534973,
            0.0
        ],
        [
            0.5799999833106995,
            0.5799999833106995,
            0.0
        ],
        [
            0.5799999833106995,
            0.8700000047683716,
            0.0
        ]
    ],
    "keypoints2d": [
        [
            912.9998168945312,
            535.9146118164062,
            1.0
        ],
        [
            945.071044921875,
            555.4262084960938,
            1.0
        ],
        [
            979.6776123046875,
            577.30224609375,
            1.0
        ],
        [
            1017.2278442382812,
            601.0392456054688,
            1.0
        ],
        [
            875.9183959960938,
            546.8746948242188,
            1.0
        ],
        [
            908.2255249023438,
            567.777099609375,
            1.0
        ],
        [
            942.9078369140625,
            590.9647827148438,
            1.0
        ],
        [
            980.889892578125,
            616.7631225585938,
            1.0
        ],
        [
            835.5111083984375,
            559.5431518554688,
            1.0
        ],
        [
            867.5291137695312,
            582.1890869140625,
            1.0
        ],
        [
            902.4131469726562,
            606.9852905273438,
            1.0
        ],
        [
            940.6639404296875,
            634.3208618164062,
            1.0
        ]
    ],
    "visited": true
}