{
    "keypoints3d": [
        [
            0.0,
            0.0,
            0.0
        ],
        [
            0.0,
            0.28999999165534973,
            0.0
        ],
        [
            0.0,
            0.5799999833106995,
            0.0
        ],
        [
            0.0,
            0.8700000047683716,
            0.0
        ],
        [
            0.28999999165534973,
            0.0,
            0.0
        ],
        [
            0.28999999165534973,
            0.28999999165534973,
            0.0
        ],
        [
            0.28999999165534973,
            0.5799999833106995,
            0.0
        ],
        [
            0.28999999165534973,
            0.8700000047683716,
            0.0
        ],
        [
            0.5799999833106995,
            0.0,
            0.0
        ],
        [
            0.5799999833106995,
            0.28999999165534973,
            0.0
        ],
        [
            0.5799999833106995,
            0.5799999833106995,
            0.0
        ],
        [
            0.5799999833106995,
            0.8700000047683716,
            0.0
        ]
    ],
    "keypoints2d": [
        [
            912.9922485351562,
            535.9171752929688,
            1.0
        ],
        [
            945.0698852539062,
            555.4304809570312,
            1.0
        ],
        [
            979.6720581054688,
            577.2997436523438,
            1.0
        ],
        [
            1017.2105102539062,
            601.0416870117188,
            1.0
        ],
        [
            875.9063720703125,
            546.8765869140625,
            1.0
        ],
        [
            908.23291015625,
            567.7744140625,
            1.0
        ],
        [
            942.8908081054688,
            590.9593505859375,
            1.0
        ],
        [
            980.8845825195312,
            616.7654418945312,
            1.0
        ],
        [
            835.5064086914062,
            559.5507202148438,
            1.0
        ],
        [
            867.5316772460938,
            582.1820678710938,
            1.0
        ],
        [
            902.430908203125,
            606.9930419921875,
            1.0
        ],
        [
            940.6607055664062,
            634.31982421875,
            1.0
        ]
    ],
    "visited": true
}