{
    "keypoints3d": [
        [
            0.0,
            0.0,
            0.0
        ],
        [
            0.0,
            0.28999999165534973,
            0.0
        ],
        [
            0.0,
            0.5799999833106995,
            0.0
        ],
        [
            0.0,
            0.8700000047683716,
            0.0
        ],
        [
            0.28999999165534973,
            0.0,
            0.0
        ],
        [
            0.28999999165534973,
            0.28999999165534973,
            0.0
        ],
        [
            0.28999999165534973,
            0.5799999833106995,
            0.0
        ],
        [
            0.28999999165534973,
            0.8700000047683716,
            0.0
        ],
        [
            0.5799999833106995,
            0.0,
            0.0
        ],
        [
            0.5799999833106995,
            0.28999999165534973,
            0.0
        ],
        [
            0.5799999833106995,
            0.5799999833106995,
            0.0
        ],
        [
            0.5799999833106995,
            0.8700000047683716,
            0.0
        ]
    ],
    "keypoints2d": [
        [
            880.4735107421875,
            817.6006469726562,
            1.0
        ],
        [
            841.8157958984375,
            792.31103515625,
            1.0
        ],
        [
            806.895263671875,
            769.861328125,
            1.0
        ],
        [
            775.444580078125,
            749.8368530273438,
            1.0
        ],
        [
            925.6268310546875,
            793.676513671875,
            1.0
        ],
        [
            886.9738159179688,
            770.7109985351562,
            1.0
        ],
        [
            851.7606201171875,
            750.6248779296875,
            1.0
        ],
        [
            819.6625366210938,
            732.2506103515625,
            1.0
        ],
        [
            965.9566040039062,
            772.416015625,
            1.0
        ],
        [
            927.4381713867188,
            752.271240234375,
            1.0
        ],
        [
            892.2400512695312,
            733.5496826171875,
            1.0
        ],
        [
            859.8468627929688,
            716.3809814453125,
            1.0
        ]
    ],
    "visited": true
}