{
    "keypoints3d": [
        [
            0.0,
            0.0,
            0.0
        ],
        [
            0.0,
            0.28999999165534973,
            0.0
        ],
        [
            0.0,
            0.5799999833106995,
            0.0
        ],
        [
            0.0,
            0.8700000047683716,
            0.0
        ],
        [
            0.28999999165534973,
            0.0,
            0.0
        ],
        [
            0.28999999165534973,
            0.28999999165534973,
            0.0
        ],
        [
            0.28999999165534973,
            0.5799999833106995,
            0.0
        ],
        [
            0.28999999165534973,
            0.8700000047683716,
            0.0
        ],
        [
            0.5799999833106995,
            0.0,
            0.0
        ],
        [
            0.5799999833106995,
            0.28999999165534973,
            0.0
        ],
        [
            0.5799999833106995,
            0.5799999833106995,
            0.0
        ],
        [
            0.5799999833106995,
            0.8700000047683716,
            0.0
        ]
    ],
    "keypoints2d": [
        [
            880.462890625,
            817.591552734375,
            1.0
        ],
        [
            841.8345947265625,
            792.3003540039062,
            1.0
        ],
        [
            806.9691772460938,
            769.88330078125,
            1.0
        ],
        [
            775.422607421875,
            749.828125,
            1.0
        ],
        [
            925.6458129882812,
            793.6784057617188,
            1.0
        ],
        [
            886.950927734375,
            770.7064819335938,
            1.0
        ],
        [
            851.7185668945312,
            750.6339111328125,
            1.0
        ],
        [
            819.6428833007812,
            732.2418212890625,
            1.0
        ],
        [
            965.9800415039062,
            772.4039306640625,
            1.0
        ],
        [
            927.4354248046875,
            752.2739868164062,
            1.0
        ],
        [
            892.2745971679688,
            733.5418701171875,
            1.0
        ],
        [
            859.8666381835938,
            716.3833618164062,
            1.0
        ]
    ],
    "visited": true
}