{
    "keypoints3d": [
        [
            0.0,
            0.0,
            0.0
        ],
        [
            0.0,
            0.28999999165534973,
            0.0
        ],
        [
            0.0,
            0.5799999833106995,
            0.0
        ],
        [
            0.0,
            0.8700000047683716,
            0.0
        ],
        [
            0.28999999165534973,
            0.0,
            0.0
        ],
        [
            0.28999999165534973,
            0.28999999165534973,
            0.0
        ],
        [
            0.28999999165534973,
            0.5799999833106995,
            0.0
        ],
        [
            0.28999999165534973,
            0.8700000047683716,
            0.0
        ],
        [
            0.5799999833106995,
            0.0,
            0.0
        ],
        [
            0.5799999833106995,
            0.28999999165534973,
            0.0
        ],
        [
            0.5799999833106995,
            0.5799999833106995,
            0.0
        ],
        [
            0.5799999833106995,
            0.8700000047683716,
            0.0
        ]
    ],
    "keypoints2d": [
        [
            1020.08642578125,
            602.984130859375,
            1.0
        ],
        [
            987.8735961914062,
            635.783447265625,
            1.0
        ],
        [
            951.5880737304688,
            672.9567260742188,
            1.0
        ],
        [
            909.2601928710938,
            716.6837768554688,
            1.0
        ],
        [
            966.1981811523438,
            580.8844604492188,
            1.0
        ],
        [
            931.7992553710938,
            610.7091674804688,
            1.0
        ],
        [
            892.8455200195312,
            644.5157470703125,
            1.0
        ],
        [
            847.9234008789062,
            684.847412109375,
            1.0
        ],
        [
            915.7835693359375,
            559.150390625,
            1.0
        ],
        [
            879.5228271484375,
            587.1294555664062,
            1.0
        ],
        [
            838.4569091796875,
            618.4579467773438,
            1.0
        ],
        [
            791.5470581054688,
            655.057861328125,
            1.0
        ]
    ],
    "visited": true
}