{
    "keypoints3d": [
        [
            0.0,
            0.0,
            0.0
        ],
        [
            0.0,
            0.28999999165534973,
            0.0
        ],
        [
            0.0,
            0.5799999833106995,
            0.0
        ],
        [
            0.0,
            0.8700000047683716,
            0.0
        ],
        [
            0.28999999165534973,
            0.0,
            0.0
        ],
        [
            0.28999999165534973,
            0.28999999165534973,
            0.0
        ],
        [
            0.28999999165534973,
            0.5799999833106995,
            0.0
        ],
        [
            0.28999999165534973,
            0.8700000047683716,
            0.0
        ],
        [
            0.5799999833106995,
            0.0,
            0.0
        ],
        [
            0.5799999833106995,
            0.28999999165534973,
            0.0
        ],
        [
            0.5799999833106995,
            0.5799999833106995,
            0.0
        ],
        [
            0.5799999833106995,
            0.8700000047683716,
            0.0
        ]
    ],
    "keypoints2d": [
        [
            1007.26025390625,
            577.3909301757812,
            1.0
        ],
        [
            1054.299560546875,
            623.9799194335938,
            1.0
        ],
        [
            1107.6014404296875,
            676.8369750976562,
            1.0
        ],
        [
            1169.0679931640625,
            736.8597412109375,
            1.0
        ],
        [
            946.4053955078125,
            605.4877319335938,
            1.0
        ],
        [
            991.6184692382812,
            656.6581420898438,
            1.0
        ],
        [
            1043.3009033203125,
            714.3402099609375,
            1.0
        ],
        [
            1103.22900390625,
            781.0609741210938,
            1.0
        ],
        [
            879.2422485351562,
            636.7089233398438,
            1.0
        ],
        [
            922.2797241210938,
            692.2799682617188,
            1.0
        ],
        [
            971.6040649414062,
            756.3983154296875,
            1.0
        ],
        [
            1029.20703125,
            830.6843872070312,
            1.0
        ]
    ],
    "visited": true
}