{
    "keypoints3d": [
        [
            0.0,
            0.0,
            0.0
        ],
        [
            0.0,
            0.28999999165534973,
            0.0
        ],
        [
            0.0,
            0.5799999833106995,
            0.0
        ],
        [
            0.0,
            0.8700000047683716,
            0.0
        ],
        [
            0.28999999165534973,
            0.0,
            0.0
        ],
        [
            0.28999999165534973,
            0.28999999165534973,
            0.0
        ],
        [
            0.28999999165534973,
            0.5799999833106995,
            0.0
        ],
        [
            0.28999999165534973,
            0.8700000047683716,
            0.0
        ],
        [
            0.5799999833106995,
            0.0,
            0.0
        ],
        [
            0.5799999833106995,
            0.28999999165534973,
            0.0
        ],
        [
            0.5799999833106995,
            0.5799999833106995,
            0.0
        ],
        [
            0.5799999833106995,
            0.8700000047683716,
            0.0
        ]
    ],
    "keypoints2d": [
        [
            771.537841796875,
            510.6288146972656,
            1.0
        ],
        [
            738.29931640625,
            491.1658020019531,
            1.0
        ],
        [
            707.36474609375,
            473.9575500488281,
            1.0
        ],
        [
            678.0286865234375,
            457.5155029296875,
            1.0
        ],
        [
            813.7301025390625,
            493.0087585449219,
            1.0
        ],
        [
            780.929931640625,
            475.2754821777344,
            1.0
        ],
        [
            749.798095703125,
            458.81524658203125,
            1.0
        ],
        [
            720.4363403320312,
            443.56781005859375,
            1.0
        ],
        [
            852.493408203125,
            477.5168762207031,
            1.0
        ],
        [
            819.616943359375,
            460.5928955078125,
            1.0
        ],
        [
            788.6417236328125,
            444.7799987792969,
            1.0
        ],
        [
            759.3036499023438,
            431.0042419433594,
            1.0
        ]
    ],
    "visited": true
}