{
    "keypoints3d": [
        [
            0.0,
            0.0,
            0.0
        ],
        [
            0.0,
            0.28999999165534973,
            0.0
        ],
        [
            0.0,
            0.5799999833106995,
            0.0
        ],
        [
            0.0,
            0.8700000047683716,
            0.0
        ],
        [
            0.28999999165534973,
            0.0,
            0.0
        ],
        [
            0.28999999165534973,
            0.28999999165534973,
            0.0
        ],
        [
            0.28999999165534973,
            0.5799999833106995,
            0.0
        ],
        [
            0.28999999165534973,
            0.8700000047683716,
            0.0
        ],
        [
            0.5799999833106995,
            0.0,
            0.0
        ],
        [
            0.5799999833106995,
            0.28999999165534973,
            0.0
        ],
        [
            0.5799999833106995,
            0.5799999833106995,
            0.0
        ],
        [
            0.5799999833106995,
            0.8700000047683716,
            0.0
        ]
    ],
    "keypoints2d": [
        [
            1187.2545166015625,
            585.0990600585938,
            1.0
        ],
        [
            1172.0635986328125,
            638.8776245117188,
            1.0
        ],
        [
            1154.9912109375,
            700.1048583984375,
            1.0
        ],
        [
            1135.2308349609375,
            770.0421142578125,
            1.0
        ],
        [
            1117.04541015625,
            574.7952270507812,
            1.0
        ],
        [
            1098.0406494140625,
            625.6140747070312,
            1.0
        ],
        [
            1076.5645751953125,
            683.495361328125,
            1.0
        ],
        [
            1051.857666015625,
            749.1912231445312,
            1.0
        ],
        [
            1051.8177490234375,
            565.3203125,
            1.0
        ],
        [
            1029.4842529296875,
            613.6260986328125,
            1.0
        ],
        [
            1004.3740234375,
            668.3587036132812,
            1.0
        ],
        [
            975.4058837890625,
            730.3466796875,
            1.0
        ]
    ],
    "visited": true
}