{
    "keypoints3d": [
        [
            0.0,
            0.0,
            0.0
        ],
        [
            0.0,
            0.28999999165534973,
            0.0
        ],
        [
            0.0,
            0.5799999833106995,
            0.0
        ],
        [
            0.0,
            0.8700000047683716,
            0.0
        ],
        [
            0.28999999165534973,
            0.0,
            0.0
        ],
        [
            0.28999999165534973,
            0.28999999165534973,
            0.0
        ],
        [
            0.28999999165534973,
            0.5799999833106995,
            0.0
        ],
        [
            0.28999999165534973,
            0.8700000047683716,
            0.0
        ],
        [
            0.5799999833106995,
            0.0,
            0.0
        ],
        [
            0.5799999833106995,
            0.28999999165534973,
            0.0
        ],
        [
            0.5799999833106995,
            0.5799999833106995,
            0.0
        ],
        [
            0.5799999833106995,
            0.8700000047683716,
            0.0
        ]
    ],
    "keypoints2d": [
        [
            947.2090454101562,
            562.0372314453125,
            1.0
        ],
        [
            984.5300903320312,
            578.2123413085938,
            1.0
        ],
        [
            1024.8433837890625,
            596.2158203125,
            1.0
        ],
        [
            1068.7684326171875,
            615.6114501953125,
            1.0
        ],
        [
            912.311279296875,
            579.54296875,
            1.0
        ],
        [
            950.1724853515625,
            596.7896118164062,
            1.0
        ],
        [
            990.7105102539062,
            616.7417602539062,
            1.0
        ],
        [
            1035.6304931640625,
            638.5030517578125,
            1.0
        ],
        [
            873.7839965820312,
            599.4611206054688,
            1.0
        ],
        [
            911.7508544921875,
            618.2647705078125,
            1.0
        ],
        [
            953.1703491210938,
            639.802490234375,
            1.0
        ],
        [
            998.5970458984375,
            663.4328002929688,
            1.0
        ]
    ],
    "visited": true
}