{
    "keypoints3d": [
        [
            0.0,
            0.0,
            0.0
        ],
        [
            0.0,
            0.28999999165534973,
            0.0
        ],
        [
            0.0,
            0.5799999833106995,
            0.0
        ],
        [
            0.0,
            0.8700000047683716,
            0.0
        ],
        [
            0.28999999165534973,
            0.0,
            0.0
        ],
        [
            0.28999999165534973,
            0.28999999165534973,
            0.0
        ],
        [
            0.28999999165534973,
            0.5799999833106995,
            0.0
        ],
        [
            0.28999999165534973,
            0.8700000047683716,
            0.0
        ],
        [
            0.5799999833106995,
            0.0,
            0.0
        ],
        [
            0.5799999833106995,
            0.28999999165534973,
            0.0
        ],
        [
            0.5799999833106995,
            0.5799999833106995,
            0.0
        ],
        [
            0.5799999833106995,
            0.8700000047683716,
            0.0
        ]
    ],
    "keypoints2d": [
        [
            947.2405395507812,
            562.0159301757812,
            1.0
        ],
        [
            984.5513305664062,
            578.2010498046875,
            1.0
        ],
        [
            1024.8179931640625,
            596.2264404296875,
            1.0
        ],
        [
            1068.734375,
            615.6159057617188,
            1.0
        ],
        [
            912.2919921875,
            579.5470581054688,
            1.0
        ],
        [
            950.1494750976562,
            596.7941284179688,
            1.0
        ],
        [
            990.6785278320312,
            616.7425537109375,
            1.0
        ],
        [
            1035.635498046875,
            638.4909057617188,
            1.0
        ],
        [
            873.7891845703125,
            599.4378662109375,
            1.0
        ],
        [
            911.70361328125,
            618.253662109375,
            1.0
        ],
        [
            953.2189331054688,
            639.8023681640625,
            1.0
        ],
        [
            998.6068725585938,
            663.4241943359375,
            1.0
        ]
    ],
    "visited": true
}