{
    "keypoints3d": [
        [
            0.0,
            0.0,
            0.0
        ],
        [
            0.0,
            0.28999999165534973,
            0.0
        ],
        [
            0.0,
            0.5799999833106995,
            0.0
        ],
        [
            0.0,
            0.8700000047683716,
            0.0
        ],
        [
            0.28999999165534973,
            0.0,
            0.0
        ],
        [
            0.28999999165534973,
            0.28999999165534973,
            0.0
        ],
        [
            0.28999999165534973,
            0.5799999833106995,
            0.0
        ],
        [
            0.28999999165534973,
            0.8700000047683716,
            0.0
        ],
        [
            0.5799999833106995,
            0.0,
            0.0
        ],
        [
            0.5799999833106995,
            0.28999999165534973,
            0.0
        ],
        [
            0.5799999833106995,
            0.5799999833106995,
            0.0
        ],
        [
            0.5799999833106995,
            0.8700000047683716,
            0.0
        ]
    ],
    "keypoints2d": [
        [
            947.2249145507812,
            561.9783325195312,
            1.0
        ],
        [
            984.5858764648438,
            578.1796875,
            1.0
        ],
        [
            1024.8115234375,
            596.1976928710938,
            1.0
        ],
        [
            1068.75146484375,
            615.6200561523438,
            1.0
        ],
        [
            912.25927734375,
            579.5588989257812,
            1.0
        ],
        [
            950.1268310546875,
            596.81591796875,
            1.0
        ],
        [
            990.6631469726562,
            616.75634765625,
            1.0
        ],
        [
            1035.62841796875,
            638.5050659179688,
            1.0
        ],
        [
            873.8304443359375,
            599.4264526367188,
            1.0
        ],
        [
            911.6594848632812,
            618.258544921875,
            1.0
        ],
        [
            953.2599487304688,
            639.8203125,
            1.0
        ],
        [
            998.6123657226562,
            663.4067993164062,
            1.0
        ]
    ],
    "visited": true
}