{
    "keypoints3d": [
        [
            0.0,
            0.0,
            0.0
        ],
        [
            0.0,
            0.28999999165534973,
            0.0
        ],
        [
            0.0,
            0.5799999833106995,
            0.0
        ],
        [
            0.0,
            0.8700000047683716,
            0.0
        ],
        [
            0.28999999165534973,
            0.0,
            0.0
        ],
        [
            0.28999999165534973,
            0.28999999165534973,
            0.0
        ],
        [
            0.28999999165534973,
            0.5799999833106995,
            0.0
        ],
        [
            0.28999999165534973,
            0.8700000047683716,
            0.0
        ],
        [
            0.5799999833106995,
            0.0,
            0.0
        ],
        [
            0.5799999833106995,
            0.28999999165534973,
            0.0
        ],
        [
            0.5799999833106995,
            0.5799999833106995,
            0.0
        ],
        [
            0.5799999833106995,
            0.8700000047683716,
            0.0
        ]
    ],
    "keypoints2d": [
        [
            947.2637939453125,
            562.0370483398438,
            1.0
        ],
        [
            984.5558471679688,
            578.192138671875,
            1.0
        ],
        [
            1024.8333740234375,
            596.2263793945312,
            1.0
        ],
        [
            1068.7440185546875,
            615.6026611328125,
            1.0
        ],
        [
            912.2889404296875,
            579.5469360351562,
            1.0
        ],
        [
            950.1583251953125,
            596.784912109375,
            1.0
        ],
        [
            990.6863403320312,
            616.7465209960938,
            1.0
        ],
        [
            1035.6309814453125,
            638.4949951171875,
            1.0
        ],
        [
            873.7860107421875,
            599.457275390625,
            1.0
        ],
        [
            911.727783203125,
            618.2562866210938,
            1.0
        ],
        [
            953.1842651367188,
            639.7872314453125,
            1.0
        ],
        [
            998.5982666015625,
            663.4317626953125,
            1.0
        ]
    ],
    "visited": true
}