{
    "keypoints3d": [
        [
            0.0,
            0.0,
            0.0
        ],
        [
            0.0,
            0.28999999165534973,
            0.0
        ],
        [
            0.0,
            0.5799999833106995,
            0.0
        ],
        [
            0.0,
            0.8700000047683716,
            0.0
        ],
        [
            0.28999999165534973,
            0.0,
            0.0
        ],
        [
            0.28999999165534973,
            0.28999999165534973,
            0.0
        ],
        [
            0.28999999165534973,
            0.5799999833106995,
            0.0
        ],
        [
            0.28999999165534973,
            0.8700000047683716,
            0.0
        ],
        [
            0.5799999833106995,
            0.0,
            0.0
        ],
        [
            0.5799999833106995,
            0.28999999165534973,
            0.0
        ],
        [
            0.5799999833106995,
            0.5799999833106995,
            0.0
        ],
        [
            0.5799999833106995,
            0.8700000047683716,
            0.0
        ]
    ],
    "keypoints2d": [
        [
            947.2151489257812,
            562.04248046875,
            1.0
        ],
        [
            984.5379638671875,
            578.2161865234375,
            1.0
        ],
        [
            1024.8475341796875,
            596.2093505859375,
            1.0
        ],
        [
            1068.784912109375,
            615.6143798828125,
            1.0
        ],
        [
            912.3295288085938,
            579.5546264648438,
            1.0
        ],
        [
            950.1650390625,
            596.7882080078125,
            1.0
        ],
        [
            990.690185546875,
            616.7353515625,
            1.0
        ],
        [
            1035.623779296875,
            638.5016479492188,
            1.0
        ],
        [
            873.8037719726562,
            599.4584350585938,
            1.0
        ],
        [
            911.7396850585938,
            618.2722778320312,
            1.0
        ],
        [
            953.2080078125,
            639.7996215820312,
            1.0
        ],
        [
            998.58251953125,
            663.4259033203125,
            1.0
        ]
    ],
    "visited": true
}