{
    "keypoints3d": [
        [
            0.0,
            0.0,
            0.0
        ],
        [
            0.0,
            0.28999999165534973,
            0.0
        ],
        [
            0.0,
            0.5799999833106995,
            0.0
        ],
        [
            0.0,
            0.8700000047683716,
            0.0
        ],
        [
            0.28999999165534973,
            0.0,
            0.0
        ],
        [
            0.28999999165534973,
            0.28999999165534973,
            0.0
        ],
        [
            0.28999999165534973,
            0.5799999833106995,
            0.0
        ],
        [
            0.28999999165534973,
            0.8700000047683716,
            0.0
        ],
        [
            0.5799999833106995,
            0.0,
            0.0
        ],
        [
            0.5799999833106995,
            0.28999999165534973,
            0.0
        ],
        [
            0.5799999833106995,
            0.5799999833106995,
            0.0
        ],
        [
            0.5799999833106995,
            0.8700000047683716,
            0.0
        ]
    ],
    "keypoints2d": [
        [
            947.2083740234375,
            562.0455322265625,
            1.0
        ],
        [
            984.5343627929688,
            578.2140502929688,
            1.0
        ],
        [
            1024.849365234375,
            596.2125244140625,
            1.0
        ],
        [
            1068.770263671875,
            615.611083984375,
            1.0
        ],
        [
            912.3174438476562,
            579.54638671875,
            1.0
        ],
        [
            950.1683349609375,
            596.7918701171875,
            1.0
        ],
        [
            990.70166015625,
            616.7378540039062,
            1.0
        ],
        [
            1035.6221923828125,
            638.4996337890625,
            1.0
        ],
        [
            873.7904663085938,
            599.4627685546875,
            1.0
        ],
        [
            911.7354125976562,
            618.2671508789062,
            1.0
        ],
        [
            953.189697265625,
            639.8056640625,
            1.0
        ],
        [
            998.5992431640625,
            663.4317016601562,
            1.0
        ]
    ],
    "visited": true
}