{
    "keypoints3d": [
        [
            0.0,
            0.0,
            0.0
        ],
        [
            0.0,
            0.28999999165534973,
            0.0
        ],
        [
            0.0,
            0.5799999833106995,
            0.0
        ],
        [
            0.0,
            0.8700000047683716,
            0.0
        ],
        [
            0.28999999165534973,
            0.0,
            0.0
        ],
        [
            0.28999999165534973,
            0.28999999165534973,
            0.0
        ],
        [
            0.28999999165534973,
            0.5799999833106995,
            0.0
        ],
        [
            0.28999999165534973,
            0.8700000047683716,
            0.0
        ],
        [
            0.5799999833106995,
            0.0,
            0.0
        ],
        [
            0.5799999833106995,
            0.28999999165534973,
            0.0
        ],
        [
            0.5799999833106995,
            0.5799999833106995,
            0.0
        ],
        [
            0.5799999833106995,
            0.8700000047683716,
            0.0
        ]
    ],
    "keypoints2d": [
        [
            947.2265625,
            562.042236328125,
            1.0
        ],
        [
            984.531494140625,
            578.2169189453125,
            1.0
        ],
        [
            1024.83349609375,
            596.2168579101562,
            1.0
        ],
        [
            1068.7569580078125,
            615.6112060546875,
            1.0
        ],
        [
            912.30078125,
            579.5440063476562,
            1.0
        ],
        [
            950.1654663085938,
            596.7894897460938,
            1.0
        ],
        [
            990.698974609375,
            616.740478515625,
            1.0
        ],
        [
            1035.6220703125,
            638.499267578125,
            1.0
        ],
        [
            873.7861938476562,
            599.4675903320312,
            1.0
        ],
        [
            911.7304077148438,
            618.2657470703125,
            1.0
        ],
        [
            953.180908203125,
            639.8032836914062,
            1.0
        ],
        [
            998.592041015625,
            663.4312133789062,
            1.0
        ]
    ],
    "visited": true
}