{
    "keypoints3d": [
        [
            0.0,
            0.0,
            0.0
        ],
        [
            0.0,
            0.28999999165534973,
            0.0
        ],
        [
            0.0,
            0.5799999833106995,
            0.0
        ],
        [
            0.0,
            0.8700000047683716,
            0.0
        ],
        [
            0.28999999165534973,
            0.0,
            0.0
        ],
        [
            0.28999999165534973,
            0.28999999165534973,
            0.0
        ],
        [
            0.28999999165534973,
            0.5799999833106995,
            0.0
        ],
        [
            0.28999999165534973,
            0.8700000047683716,
            0.0
        ],
        [
            0.5799999833106995,
            0.0,
            0.0
        ],
        [
            0.5799999833106995,
            0.28999999165534973,
            0.0
        ],
        [
            0.5799999833106995,
            0.5799999833106995,
            0.0
        ],
        [
            0.5799999833106995,
            0.8700000047683716,
            0.0
        ]
    ],
    "keypoints2d": [
        [
            947.2085571289062,
            562.0459594726562,
            1.0
        ],
        [
            984.5317993164062,
            578.214599609375,
            1.0
        ],
        [
            1024.8673095703125,
            596.2186279296875,
            1.0
        ],
        [
            1068.7822265625,
            615.611328125,
            1.0
        ],
        [
            912.3086547851562,
            579.551513671875,
            1.0
        ],
        [
            950.1707153320312,
            596.7901611328125,
            1.0
        ],
        [
            990.69482421875,
            616.740234375,
            1.0
        ],
        [
            1035.62255859375,
            638.5004272460938,
            1.0
        ],
        [
            873.7870483398438,
            599.4586791992188,
            1.0
        ],
        [
            911.7348022460938,
            618.2737426757812,
            1.0
        ],
        [
            953.2032470703125,
            639.8087768554688,
            1.0
        ],
        [
            998.600341796875,
            663.433349609375,
            1.0
        ]
    ],
    "visited": true
}