{
    "keypoints3d": [
        [
            0.0,
            0.0,
            0.0
        ],
        [
            0.0,
            0.28999999165534973,
            0.0
        ],
        [
            0.0,
            0.5799999833106995,
            0.0
        ],
        [
            0.0,
            0.8700000047683716,
            0.0
        ],
        [
            0.28999999165534973,
            0.0,
            0.0
        ],
        [
            0.28999999165534973,
            0.28999999165534973,
            0.0
        ],
        [
            0.28999999165534973,
            0.5799999833106995,
            0.0
        ],
        [
            0.28999999165534973,
            0.8700000047683716,
            0.0
        ],
        [
            0.5799999833106995,
            0.0,
            0.0
        ],
        [
            0.5799999833106995,
            0.28999999165534973,
            0.0
        ],
        [
            0.5799999833106995,
            0.5799999833106995,
            0.0
        ],
        [
            0.5799999833106995,
            0.8700000047683716,
            0.0
        ]
    ],
    "keypoints2d": [
        [
            947.2086791992188,
            562.0360717773438,
            1.0
        ],
        [
            984.5406494140625,
            578.1986694335938,
            1.0
        ],
        [
            1024.8187255859375,
            596.2237548828125,
            1.0
        ],
        [
            1068.74609375,
            615.6139526367188,
            1.0
        ],
        [
            912.2950439453125,
            579.5452270507812,
            1.0
        ],
        [
            950.1818237304688,
            596.7763061523438,
            1.0
        ],
        [
            990.6967163085938,
            616.7421875,
            1.0
        ],
        [
            1035.6175537109375,
            638.5045776367188,
            1.0
        ],
        [
            873.799560546875,
            599.4673461914062,
            1.0
        ],
        [
            911.7311401367188,
            618.2564697265625,
            1.0
        ],
        [
            953.1958618164062,
            639.8021850585938,
            1.0
        ],
        [
            998.5957641601562,
            663.4253540039062,
            1.0
        ]
    ],
    "visited": true
}