{
    "keypoints3d": [
        [
            0.0,
            0.0,
            0.0
        ],
        [
            0.0,
            0.28999999165534973,
            0.0
        ],
        [
            0.0,
            0.5799999833106995,
            0.0
        ],
        [
            0.0,
            0.8700000047683716,
            0.0
        ],
        [
            0.28999999165534973,
            0.0,
            0.0
        ],
        [
            0.28999999165534973,
            0.28999999165534973,
            0.0
        ],
        [
            0.28999999165534973,
            0.5799999833106995,
            0.0
        ],
        [
            0.28999999165534973,
            0.8700000047683716,
            0.0
        ],
        [
            0.5799999833106995,
            0.0,
            0.0
        ],
        [
            0.5799999833106995,
            0.28999999165534973,
            0.0
        ],
        [
            0.5799999833106995,
            0.5799999833106995,
            0.0
        ],
        [
            0.5799999833106995,
            0.8700000047683716,
            0.0
        ]
    ],
    "keypoints2d": [
        [
            947.2393798828125,
            562.0379638671875,
            1.0
        ],
        [
            984.5372924804688,
            578.2169189453125,
            1.0
        ],
        [
            1024.845947265625,
            596.2070922851562,
            1.0
        ],
        [
            1068.7880859375,
            615.6138305664062,
            1.0
        ],
        [
            912.3355102539062,
            579.5507202148438,
            1.0
        ],
        [
            950.150146484375,
            596.791015625,
            1.0
        ],
        [
            990.66796875,
            616.7304077148438,
            1.0
        ],
        [
            1035.6202392578125,
            638.504638671875,
            1.0
        ],
        [
            873.8040771484375,
            599.4591674804688,
            1.0
        ],
        [
            911.7381591796875,
            618.268798828125,
            1.0
        ],
        [
            953.1926879882812,
            639.794189453125,
            1.0
        ],
        [
            998.5985717773438,
            663.4236450195312,
            1.0
        ]
    ],
    "visited": true
}