{
    "keypoints3d": [
        [
            0.0,
            0.0,
            0.0
        ],
        [
            0.0,
            0.28999999165534973,
            0.0
        ],
        [
            0.0,
            0.5799999833106995,
            0.0
        ],
        [
            0.0,
            0.8700000047683716,
            0.0
        ],
        [
            0.28999999165534973,
            0.0,
            0.0
        ],
        [
            0.28999999165534973,
            0.28999999165534973,
            0.0
        ],
        [
            0.28999999165534973,
            0.5799999833106995,
            0.0
        ],
        [
            0.28999999165534973,
            0.8700000047683716,
            0.0
        ],
        [
            0.5799999833106995,
            0.0,
            0.0
        ],
        [
            0.5799999833106995,
            0.28999999165534973,
            0.0
        ],
        [
            0.5799999833106995,
            0.5799999833106995,
            0.0
        ],
        [
            0.5799999833106995,
            0.8700000047683716,
            0.0
        ]
    ],
    "keypoints2d": [
        [
            804.5283813476562,
            743.0291748046875,
            1.0
        ],
        [
            882.8468627929688,
            702.3168334960938,
            1.0
        ],
        [
            952.8007202148438,
            665.3290405273438,
            1.0
        ],
        [
            1015.907958984375,
            631.390869140625,
            1.0
        ],
        [
            848.9158935546875,
            811.787841796875,
            1.0
        ],
        [
            930.6754760742188,
            763.455810546875,
            1.0
        ],
        [
            1003.1226806640625,
            720.4585571289062,
            1.0
        ],
        [
            1068.20361328125,
            681.4069213867188,
            1.0
        ],
        [
            901.4083251953125,
            892.7092895507812,
            1.0
        ],
        [
            986.7234497070312,
            835.2894897460938,
            1.0
        ],
        [
            1061.8004150390625,
            784.5411987304688,
            1.0
        ],
        [
            1128.461669921875,
            738.7591552734375,
            1.0
        ]
    ],
    "visited": true
}