{
    "keypoints3d": [
        [
            0.0,
            0.0,
            0.0
        ],
        [
            0.0,
            0.28999999165534973,
            0.0
        ],
        [
            0.0,
            0.5799999833106995,
            0.0
        ],
        [
            0.0,
            0.8700000047683716,
            0.0
        ],
        [
            0.28999999165534973,
            0.0,
            0.0
        ],
        [
            0.28999999165534973,
            0.28999999165534973,
            0.0
        ],
        [
            0.28999999165534973,
            0.5799999833106995,
            0.0
        ],
        [
            0.28999999165534973,
            0.8700000047683716,
            0.0
        ],
        [
            0.5799999833106995,
            0.0,
            0.0
        ],
        [
            0.5799999833106995,
            0.28999999165534973,
            0.0
        ],
        [
            0.5799999833106995,
            0.5799999833106995,
            0.0
        ],
        [
            0.5799999833106995,
            0.8700000047683716,
            0.0
        ]
    ],
    "keypoints2d": [
        [
            923.7486572265625,
            667.1465454101562,
            1.0
        ],
        [
            966.8042602539062,
            701.1514282226562,
            1.0
        ],
        [
            1015.0939331054688,
            738.8389892578125,
            1.0
        ],
        [
            1070.249267578125,
            781.23291015625,
            1.0
        ],
        [
            870.4223022460938,
            696.6889038085938,
            1.0
        ],
        [
            912.7042846679688,
            734.2188110351562,
            1.0
        ],
        [
            960.34619140625,
            776.8414306640625,
            1.0
        ],
        [
            1014.8995971679688,
            824.5636596679688,
            1.0
        ],
        [
            811.261474609375,
            729.4833984375,
            1.0
        ],
        [
            852.1428833007812,
            771.36279296875,
            1.0
        ],
        [
            898.5806274414062,
            819.48486328125,
            1.0
        ],
        [
            952.1536865234375,
            873.6390991210938,
            1.0
        ]
    ],
    "visited": true
}